fold,phase,population,row_type,scheme,master_seed,member,status,coverage_open_minutes,distinct_ids,effective_sample_size_claim,max_concurrency,mean_active_concurrency,raw_mean_uniqueness,raw_uniqueness_max,raw_uniqueness_min,repetitions,fit_status,fit_reason,fit_contract_sha256,sampling_contract_sha256,derived_seed,draw_count,training_candidates,draws_sha256,probabilities_sha256,probability_bytes,sampling_seconds,tree_queries,max_query_levels,max_multiplicity
2023Q2,inner,0.0005,full_population,all_events_once,,,available,311950.0,28987,False,116,19.431924987978842,0.08397252439178791,1.0,0.008855342621607124,0,,,,,,,,,,,,,,
2023Q2,inner,0.0005,member_sampling,sequential,0,0,available,85794.0,510,False,5,1.1690561111499638,0.871708867558169,1.0,0.2,2,succeeded,,8f89847e1717d18e4f810ec5c6f62844bbc06b5f9c3bd3aa3d289be7ed760cd8,4b20d51822113ee1e612c720740277270611196479b23ccb5cb039560e881056,198216200767499767775737727740905797890,512,28987,db5980ceaabdb60d5e5d189e8986daf3ed9cf8fb93a79d75f00b3c9e7a2b6f6d,b8f33763eda0e0f061bc105be3d825239c4d802b0086fec9107aabeb369a01ac,118730752,5.091411582980072,14841344,10,2
2023Q2,inner,0.0005,member_sampling,sequential,0,1,available,83590.0,512,False,4,1.1600550305060413,0.8841112504717767,1.0,0.25,0,succeeded,,61ac3491c7cdd5525c244c2b0139b49ea9109cb09f4ca2a3dbeee3b86a00bb2e,4f178610cdcfd2a6e6a059eca286d3d27a679fa80b81c7751200ac71a6f198a4,66919162861645120948690637904001184240,512,28987,f0827188bc696829b48eae9c431f500d987eef361342af0d9705c172bbd2b1cf,25f0eed0dbe8f37a0c3ec9d6b2372f25a7b63cb43e6b60d7356871399d7bda1f,118730752,5.16022425002302,14841344,10,1
2023Q2,inner,0.0005,member_sampling,sequential,0,2,available,88032.0,511,False,4,1.2024263904034895,0.8651623287764794,1.0,0.2542579075425791,1,succeeded,,79bbf79b3720342d221671c736181af0a271ba78af24033739a01f4a7dbec8d3,6bf5a47f23365eca249328cc54732147b9b492e4f4a8451b20c8ea3bb731c2ec,99218287570191026005121744216857901810,512,28987,88b6528479d18a46fdd9cfe51a932304e9551d689f8a5be0ac137298d70000d3,f52928da214b7de4e3ec752cc71ee833ef5cd65bf01379face17024172d4e0e4,118730752,5.014172166003846,14841344,10,2
2023Q2,inner,0.0005,member_sampling,sequential,1,0,available,86828.0,510,False,4,1.2060971115308425,0.8669027672181734,1.0,0.25,2,succeeded,,4f86d4e1e812a01e5f4ad028bc20c420d0c69afebc7f67129ec0935fcbd4f5a4,432c407fb338848c07e0f06d690ffc65a6ac11f9d41c85e457a674cfab354572,179870659797566748124002352210338004563,512,28987,ce1323a7e26eebb5cf78063af6db2c78feeb7b5ebe84a819627561c8793e41d2,88527bd5c0dbe85ebdeab012dc006a240e1f6fc4ad72f6cfc01ead55cfe9afd9,118730752,5.170576375006931,14841344,10,2
2023Q2,inner,0.0005,member_sampling,sequential,1,1,available,77814.0,511,False,3,1.1736062919269026,0.9032377077926343,1.0,0.3333333333333333,1,succeeded,,047d89f5c30a2958501106ac56bc07c41fbb67fb2d8cf921352de21fae1559b9,0d824317f697254e57f5e6c2d7d017c9867cceb54684e1f595f415ddc065eb96,297150553666687752825234908252517516958,512,28987,bf89fa349870a1acb386bca30b45f8b2874e85efe5fca7e9ffba1c530f36a7ab,8dd24ecd1a0d9b219e6de01be8a284b6679a2dcff3dbee11e861e005e59b2bfb,118730752,5.121600709011545,14841344,10,2
2023Q2,inner,0.0005,member_sampling,sequential,1,2,available,84008.0,511,False,4,1.1363560613274926,0.8816756416684504,1.0,0.25,1,succeeded,,f98c5216bb15f03369d213c5a379861e0a7063b1ad8d365c413d9c0115b2a79f,9ca4734fff8c25a57a6e3ce51695f2a1780a8c98437bd09febb2513f02adafe0,47187961543657409158187589707970690976,512,28987,99c47d69878b6b3196ed0e8ae6bb12e6e40e4321e5d86e4bbaf46f46e028388c,5442515acd99af93924b8edea6879790e2eaceee83593d0cbcb61362dd279488,118730752,5.03889125000569,14841344,10,2
2023Q2,inner,0.0005,member_sampling,uniform,0,0,available,89694.0,510,False,4,1.2319107186656855,0.8512981440246536,1.0,0.31866197183098594,2,succeeded,,e466f472258d7d97105d45d7cd441eb656adcbe9ca56b6b8d07230dc1ce336a5,9813789f8053246d102685f9b1865c230ce5e188eec1003478bc7c9a248910fe,198216200767499767775737727740905797890,512,28987,04124f6ba9b874f23a8e66b3320484fedd30803914ac54bd310ada0f273f8190,,0,0.07791104199714027,0,0,2
2023Q2,inner,0.0005,member_sampling,uniform,0,1,available,89832.0,508,False,4,1.2886387924125033,0.8252426068599266,1.0,0.25,4,succeeded,,320b421a17cceafa2dcf0340b46d59e980ab921f7a001958851995496637ae81,7c10e88a4bd5580b8fbd2253f35ecd4a5a9b2612081a55077d0191192e200f01,66919162861645120948690637904001184240,512,28987,55a317097ae45bed16dceee7038e94abc0e41f9a9d079eb904d957f6b791ff9f,,0,0.08120312500977889,0,0,2
2023Q2,inner,0.0005,member_sampling,uniform,0,2,available,85625.0,508,False,5,1.262738686131387,0.8349850690663696,1.0,0.2,4,succeeded,,0ebb8933f8ceae9a32468858f689f6bc323c486930ea94a5a86c6958d542b1a7,10fff15ac901269fb3fb2fbbf96ce3a411cfa8b7e59c6fa23ad0ef7326751f2a,99218287570191026005121744216857901810,512,28987,e3f0d9cd439296e432d50e9fc717f5293b314866fb06f9d5e97674a1efd87dc4,,0,0.07968991697998717,0,0,2
2023Q2,inner,0.0005,member_sampling,uniform,1,0,available,95414.0,507,False,4,1.4114909761670196,0.8016052971559529,1.0,0.25,5,succeeded,,8691232567145061cae66e40f801b4774648011f3101248f4d91bd4e32fe9adf,5d427d2d9c5496f04198a782ce24a0305258bc34baa7dd01c8f8d421ee3726e9,179870659797566748124002352210338004563,512,28987,8414d81aa161d9a6ee31a10fdd9278906df04a258e70aad0bfe5ba6c9988f81d,,0,0.0774499170074705,0,0,2
2023Q2,inner,0.0005,member_sampling,uniform,1,1,available,74995.0,509,False,4,1.292019467964531,0.8493709309109834,1.0,0.25,3,succeeded,,9d854dfe7785a87cc2630622f26122b4a203a97f42dcd1e33a5d2e9a600a70f4,af1d94749aa209e0bd29952aab44a615019d30cfe28b071ac51ab04533297e48,297150553666687752825234908252517516958,512,28987,fa8861922781cef418fb4369c77b28da1e51d383163c16d6ea1cde4518e6dd89,,0,0.07788958298624493,0,0,2
2023Q2,inner,0.0005,member_sampling,uniform,1,2,available,96397.0,509,False,4,1.2377148666452276,0.8394387698212955,1.0,0.25,3,succeeded,,ddc4b810fff90f8a1c4ebdaf2478279c99843135fb80ff42d62fcaf1c7ee660e,9d5d85cd08a7857fb5b1017f54a274b9d002597b46ee85eda0e255f7ba86d8b3,47187961543657409158187589707970690976,512,28987,7f1e71013cc533ae7227ab4303309fbab30798ee241a175db9291262eaa8a0fc,,0,0.07863012500456534,0,0,2
2023Q2,inner,0.001,full_population,all_events_once,,,available,302792.0,10297,False,50,7.353747787259901,0.21848084880410093,1.0,0.021908901225631137,0,,,,,,,,,,,,,,
2023Q2,inner,0.001,member_sampling,sequential,0,0,available,81261.0,505,False,4,1.1507242096454633,0.8802397352250613,1.0,0.25,7,succeeded,,058f22e6415288113d40617298fbed47574e219d9ef183d59d083c977ba0ad53,db4ba9cf84617e84e391cb17332d1598f85fd5cc5e4b2cc1e9c18939500e2ac4,97741642953225004998900041979201028988,512,10297,aca405fb608c7234b5355b0555b41239f8f88b8eabcde2ee8ced14c009f6f7b2,02e159afd6b1b086fcd0a7ccbf921ef01ba775132eee0aa323faf2866165881c,42176512,1.629919750004774,5272064,8,2
2023Q2,inner,0.001,member_sampling,sequential,0,1,available,91367.0,506,False,4,1.213195136099467,0.8647366651832702,1.0,0.33205128205128204,6,succeeded,,8c1faefb0d70c9e395a6550db22f37b5715e770cd1fe6d47d6b989e19ef0a312,45a1c63a2d27ca86475f60f292bbe531095590298aa8d7a965c96310a4526a4d,104451319175691052594417778918703917016,512,10297,e3990bcfbd4c2275f230d4468cfab5e1d501fd9d03fb6e787de2a8a32648b1a6,275d44c3d547d831d48d0efac89ba23642cc53224fdba2f74a14e2b0eb082ab1,42176512,1.579410459002247,5272064,8,2
2023Q2,inner,0.001,member_sampling,sequential,0,2,available,85910.0,502,False,4,1.2003841229193342,0.8762487738249896,1.0,0.28267973856209155,10,succeeded,,5eff57f05d303a068019935a3a66c04ff4a98ebe7701663f0d136dac677c1eb2,653f6877b86221bb76a367c5af75bcd63937f81310d9a0404a6ea63976af9663,24125009283505553467305104437586872515,512,10297,38dc941612a748868af252a5abf3c3b67e1ade73d03ca5c4d307760fc49b42d7,cc0669ea9fa8f8e9310be238960eaa6c1927cc80a8361bad275492fab16424da,42176512,1.5997447920090053,5272064,8,2
2023Q2,inner,0.001,member_sampling,sequential,1,0,available,82378.0,503,False,4,1.1705431061691227,0.8670682359261572,1.0,0.25,9,succeeded,,6da7cf1aa646cc77ce97a829356200f43a27b9ede56c2e1f3cef2f1ca865198e,3776936305c37f785564909efbb202f74fd9dde2f4773865126282b8c801cb8c,321924476749096206536661531618784283959,512,10297,4134a996dd398259de207bb13677140162f844d896c491f21b1b4612ea37e5b0,0cbc44db1f45b614101bdae9d48637e38ce8bcf0ff94466add8aef22ad10ce13,42176512,1.5863880419929046,5272064,8,2
2023Q2,inner,0.001,member_sampling,sequential,1,1,available,94004.0,507,False,4,1.220469341730139,0.8688927021507976,1.0,0.25,5,succeeded,,7fa7f5b6bcddef3c896b589e2702a56f37c4638668ac1c3e3c8b80c3897b0e49,96569ddf6a34d040424e5a4bdf401a3b9f8c0e1dc35aa6a251812e68716b2a1b,19258464340767965935994404305536248310,512,10297,6a68f6f6377a4ca3e3f1ea11915bbbbd466f1b75e6f86f33b6c15cdadc0185a8,970ca9d9f6e9f6e4ddaa9c59b223caa5fb4d0080f120f591dc3cb7c7f80c6374,42176512,1.5607317500107456,5272064,8,2
2023Q2,inner,0.001,member_sampling,sequential,1,2,available,86668.0,503,False,4,1.1806895278534177,0.8700751315899145,1.0,0.25,9,succeeded,,9b8933b3f878118a282c4dc5238cc20ee639e2331b3fcbf3e798d248f38e5dc8,a0229779e4ebfaf3c91ed9fe75f8da77340df751e372b1386c5d0283e1c168de,152123197777215999050335908959577353007,512,10297,b707b515e1f458e762cf725946304996dedd9b5df2de8cae754355a582e22d25,cfc4c93d6f4aca3e2e84d595291fb1f97d24d8fa5825679ac7ba0e8dc8c371ff,42176512,1.559605833987007,5272064,8,2
2023Q2,inner,0.001,member_sampling,uniform,0,0,available,81087.0,497,False,6,1.286346763352942,0.8224359679035801,1.0,0.21231060606060606,15,succeeded,,fb058652acfc08a863c8c0f6c818ea048c7863a3ec650333c67eddcf4423cfe9,da459a52802112c59ae46f69663d59ade07715bafad92714fdd4ee35ba237e60,97741642953225004998900041979201028988,512,10297,4f8c1fa58ce44cce84fe1888f518efe0f9097f24cf0ce7e8090ce7c153e406f8,,0,0.028627417021198198,0,0,2
2023Q2,inner,0.001,member_sampling,uniform,0,1,available,85190.0,502,False,5,1.1967249677192158,0.8615258053821466,1.0,0.24526627218934913,10,succeeded,,b3748e130e3d7313b7c9d030f97eb18a89f5b4dc27df544f609123846051ac64,53dad25cdb20b52446e835121cb114f6b43e18feeae78c63a1fafaebf9b6df1d,104451319175691052594417778918703917016,512,10297,02d7c2077f9e1e22e9bc62211188663b12168e38a6176e2bec9465cabcb9c136,,0,0.0283476670156233,0,0,2
2023Q2,inner,0.001,member_sampling,uniform,0,2,available,94296.0,501,False,6,1.4483859336557223,0.7992790510531225,1.0,0.16666666666666669,11,succeeded,,ecbeb5d72ca24152ca3e38a72f20a2a95cd8f41cf742df2f04e348c85e46cfee,97ce9e2bc1a72c739cc6d2ddc06bf7dbc347d05b65530195d600945c2e7e8618,24125009283505553467305104437586872515,512,10297,1e7aad1262bd8a930b07296eef35afe6d746067d4bb4d0a7d41be2510a529e45,,0,0.02860416698968038,0,0,3
2023Q2,inner,0.001,member_sampling,uniform,1,0,available,86362.0,499,False,5,1.2493689354114077,0.854735014722322,1.0,0.24615384615384614,13,succeeded,,bd1191d9e14fcc2592b2801edf9ccf7b7c477d9df1e8e2e3b6da492466d5a652,e13a97f1fb9625e91c25026ff4a9e6bb203dc4e9a678f6cc2a4bc76ac43e9f18,321924476749096206536661531618784283959,512,10297,da69defe2e33a6499453b6c12cc4944cf0a7998511753b98008078225a55d943,,0,0.03065616698586382,0,0,2
2023Q2,inner,0.001,member_sampling,uniform,1,1,available,85254.0,504,False,4,1.3441363455087152,0.8268223868385285,1.0,0.25,8,succeeded,,d65dbef2044d3c11879aba4a518df4afab787436b81885c347b42a90371b021a,1436e5e19fb30cb77897d46175d63f92c9f8d11efcc1153db117db230af982f9,19258464340767965935994404305536248310,512,10297,7ef97fae7a57778177f83eb08eeb5bca3e4ddec71329dbd0e43729e8bf3a68a8,,0,0.02970587500021793,0,0,2
2023Q2,inner,0.001,member_sampling,uniform,1,2,available,75071.0,500,False,6,1.218579744508532,0.8487277205752001,1.0,0.1995698924731183,12,succeeded,,649c26be1a0e28e7b9cefcbff905c75e31553ed8471c7e752ad91f6ef36a0885,9f7e9c34d36baf657c7c7fd49239d6b1abc41d5dc4c72696d5e90745261b5e04,152123197777215999050335908959577353007,512,10297,6e457ab6b3c1d76d142142093b9464316af63778bbf326aa8b28d0d00fff2dec,,0,0.030432458996074274,0,0,2
2023Q2,inner,temporal,full_population,all_events_once,,,available,313828.0,303616,False,650,166.21634780835362,0.008853046302043076,1.0,0.0015408344881037914,0,,,,,,,,,,,,,,
2023Q2,inner,temporal,member_sampling,sequential,0,0,available,87955.0,512,False,3,1.2130293900289921,0.8743870640989979,1.0,0.33333333333333326,0,succeeded,,43ff49dcf4e9de2c8140082e2dd9a510b4d6da1adf140459cd1d3971c7cacb83,b8f1544ba615f88d6f2a155a07e8dc50817498a09eaf7efa5b4af7659b6b1b15,6424617018973974478003437823121820848,512,303616,fff7592816f8b8e8fb90a5f7e3893f7a689586527220e30942b9ef7bc143c0c4,38446343df6860c96eda1957ef7a117e2eb3c697f8be91d731c88867df8e1ab8,1243611136,48.34585208399221,155451392,13,1
2023Q2,inner,temporal,member_sampling,sequential,0,1,available,82836.0,512,False,4,1.1076947221015017,0.8896270036953919,1.0,0.2847222222222222,0,succeeded,,07931c94efd6c9b1a8bd5ce026ff3a1755d2ce54965539c31fad18a4d2e11922,3d29ae79ddcb8343dcac7285a994d232ef3ccce8a7c49cd7c349b34acd8153b2,155871206599919401843402507629154991981,512,303616,8d704ba97829ea74f1713a9d011a0307b85334418bea97484a7e596d26135e64,6e38319c5c66ec105be9f9e7a097643b0c4a09319f783cb948bc51551b4d02a7,1243611136,48.3772421250178,155451392,13,1
2023Q2,inner,temporal,member_sampling,sequential,0,2,available,89317.0,512,False,3,1.1993685412631414,0.8862070175170432,1.0,0.3333333333333333,0,succeeded,,1eac4bc76ed058d407fc8b737e24ef2d798b724efc79967426d01a1e7bead8ea,46713d36df0998476b1cc597f22c1a641d43906c81f8f03aebcc8b8565b25515,313064949957124242663464020055636444451,512,303616,17b24faf6b22e5223b031fdbcb83e14fd0c23816ae86bb6beff01d1d2fb5e967,31a7f141e4e38f26e3f850eae3a226bcb9f8aeabd2d481e09d01022b5b0f7481,1243611136,50.07971362498938,155451392,13,1
2023Q2,inner,temporal,member_sampling,sequential,1,0,available,89896.0,512,False,3,1.1734337456616535,0.8832089672625256,1.0,0.33333333333333326,0,succeeded,,62133fa9b33a8d770b1f28148d715537e96c4882ddbd2974e98d23db1d0bfd07,23de9046c3480302133f5b5764f5632d9e246335950894c444901f1a92ee8615,239891652895338940676644091762558322739,512,303616,c1eb91221dc4bda5ed45d1e2fc4fa2227af90d116cfba9ae0d3e12e6868bc7f0,8176e5b5301ae84c94981b5cc9669daca227c748a259ca6b7d421a5f0cbe841f,1243611136,49.36609200001112,155451392,13,1
2023Q2,inner,temporal,member_sampling,sequential,1,1,available,73053.0,512,False,4,1.1673853229846824,0.8986261732421563,1.0,0.25,0,succeeded,,7186c117aa88bd3052ec45f6a47ccaccbd5c795f2e8dad1ea0263237203e9d16,8eb78545a92945fb868d97f170e568893a10effd8ea0050dcb5c360cd0ef237d,91111525464852356240956541171470437182,512,303616,3f7412f929105251291eeb48c2cb221f358caa8e6f9b8c1487c893c49b069ee3,fbce22e98a44f7890879c21f48355552a9275bf743d48bb4483ce532e3abbabd,1243611136,49.41137324998272,155451392,13,1
2023Q2,inner,temporal,member_sampling,sequential,1,2,available,75000.0,511,False,4,1.1324933333333334,0.8961713968340319,1.0,0.30994152046783624,1,succeeded,,492ce186162d71ff3f11a51ace1e5f3c8c7e65f9b1b9aa8deaa87796cf1af7c9,ec0f1de313c6ca0dbe39ec80ae730ddd00915bb809b5a880c41340ff7b50574b,23332039795132473485275691493028640164,512,303616,79d1b1cc5ad1fb817f57d120fe873ef9398516a4c9eb0d77179a77c12d913aca,88910166a6cde4f7a4986af9f78eb29d9564c204e9501fc447226d96a4000657,1243611136,48.860942167026224,155451392,13,2
2023Q2,inner,temporal,member_sampling,uniform,0,0,available,68300.0,512,False,5,1.244289897510981,0.8515049640060948,1.0,0.228968253968254,0,succeeded,,f44cb082c10f25899968d08c2e139f29365afd077214a49122bd210967ea5bfe,8f6bc823f484f5f214ea0ff6c3fa6b0d460f68bc810d6c93880beea03c7d9506,6424617018973974478003437823121820848,512,303616,4acac3d399ca118a0888dd0773f9696a392cd6f29daec228e856883680440c82,,0,0.7644837090047076,0,0,1
2023Q2,inner,temporal,member_sampling,uniform,0,1,available,74952.0,512,False,4,1.2663304514889528,0.8349127238867431,1.0,0.25,0,succeeded,,e9e95d71611d7b35a4b7799025f15a180eb5c87be92674ab382a2225b7d1f7d4,4d8608ca43b763df5ffc0f48180f046fe313a0b5e127b76472c37d36585d0d18,155871206599919401843402507629154991981,512,303616,e5e0238b9791bbc3d4779dff5159852dcae4e9611d8961f347c3d94cfe496422,,0,0.7726131660165265,0,0,1
2023Q2,inner,temporal,member_sampling,uniform,0,2,available,73765.0,511,False,4,1.1320138276960618,0.8792668320959629,1.0,0.3260233918128655,1,succeeded,,17b38da250e741cbb66795305d1ff9235b91b09056cc45b3ad47d7e7342d0b18,9cd49f2c044d17d761ec4cd5f8717dd8ee477cdae370be1b60aabe88435d1b21,313064949957124242663464020055636444451,512,303616,42e898a9d66aecf8d58ad01dbe3d0e5c75030c2c44c3cd087313cd5fd7e896e4,,0,0.7618815829919185,0,0,2
2023Q2,inner,temporal,member_sampling,uniform,1,0,available,76204.0,512,False,4,1.1545719384809197,0.8469173134447523,1.0,0.3270833333333333,0,succeeded,,322e673576ed849f35188cf72fea312b0d7945dee2ce2bc26683943c1c163f35,6fa066ebb7676a01319bca8323233d4d019578d6471a06eb8e781b75835306fe,239891652895338940676644091762558322739,512,303616,a31a47e285e02d8312a8e9020b00ac52d34c4d20f669dff3e736cf50f2e16ab0,,0,0.8442015000036918,0,0,1
2023Q2,inner,temporal,member_sampling,uniform,1,1,available,75996.0,512,False,5,1.2479604189694193,0.8411222647379939,1.0,0.2,0,succeeded,,34256cd8bbdefa1000a788240710d6f66920d95aea5b45c89dad680f447d897f,5ece3f755c3be21f60c172da1bdfe483f572a43a9645e17f9270d375b3be44c1,91111525464852356240956541171470437182,512,303616,3559c9476bf9548ec2305d2276df1f7f0f0638e68dcb9c221306ca351a140714,,0,0.8034890000126325,0,0,1
2023Q2,inner,temporal,member_sampling,uniform,1,2,available,74673.0,512,False,4,1.1550493484927618,0.8729384541641978,1.0,0.2569444444444444,0,succeeded,,5c743e4ca16edf5ef7b3f4d970a3718edbc12387fd72cbd966a5381a2e46a38d,8308b1ac397142b61a36213fef9f95062dc01c3c31a873305aec7a65c2a3955c,23332039795132473485275691493028640164,512,303616,9f1b4e056540cf4fbb2dbb0ae5e677983a1a057bc45ea3fd5c7d44722323ce28,,0,0.8122257080103736,0,0,1
2023Q2,refit,0.0005,full_population,all_events_once,,,available,364767.0,33012,False,116,19.00774466988516,0.08578054429763046,1.0,0.008855342621607124,0,,,,,,,,,,,,,,
2023Q2,refit,0.0005,member_sampling,sequential,0,0,available,82932.0,509,False,3,1.1564293638161385,0.8902170475169893,1.0,0.33333333333333326,3,succeeded,,fbc8c81396816d42e964f9802153261a2b6e34e890d1116df7e7b17f1367c54b,a7f37c52e92469a9b5d08971866b435a502504edd0731e0783217990b6b476dc,27492540518709416569458338602676896988,512,33012,6bb3c9a795494699a4a9493be89af85bf0b3e186e5c2bbcdebca0053fe8232a2,6bd35b1ec78eb4871416b39cca7252e84c51d5e2fc6978d49fde720da6970d8f,135217152,5.774875165981939,16902144,10,2
2023Q2,refit,0.0005,member_sampling,sequential,0,1,available,108442.0,511,False,4,1.2254938123605246,0.8772967427815164,1.0,0.25,1,succeeded,,45c164299b7453c88f15e0da048411c222ea7aa33f4f4e61f32466ba34f21bae,a02ac2a288105bde6eeafe8e1450a60fb6a344b0178d4a3cfd8980f8e7932b0d,90958470858957731198846729056018764383,512,33012,16d942afe66de3e4d40bce907adf213e5da6459fd1485b114fad454dfb9c2d6a,84b9d6bfae51a63ee97cc1e0ad586f6493a4932be574f15b1d4fa699ac1d7716,135217152,5.877150957996491,16902144,10,2
2023Q2,refit,0.0005,member_sampling,sequential,0,2,available,83189.0,508,False,4,1.2070946879996154,0.8948915997135152,1.0,0.25,4,succeeded,,544298f6f4e9afb03afbd1c97e9a3ccc206077311c43443ea7d732f4f2ca149b,4addc22d53afd8642bf74e9bc876a99a9c8e8a888ca0e1bfdd8c8fe202a2874c,257718724691900437975565308545030603120,512,33012,0fe7f8b9165fea127bffd8021c99972f3aaa75230a7893293e20d1b6e52e839a,f1ff3d08610a705f4cf9e3cc3a80beab22234ae9c8a490667788a60401ffecfe,135217152,5.829794290999416,16902144,10,2
2023Q2,refit,0.0005,member_sampling,sequential,1,0,available,96342.0,510,False,4,1.1648190820203026,0.8974391407882383,1.0,0.25,2,succeeded,,d3766baa389d56bd2b9488cbbb278c5bce44e13077c1a2238e2cbbf6a0772ab9,3e4e9fae6c0852806e45fc58001626403d6b6e4812c9f0c1fff4a155d7ba10c4,21814748789586370219164982041403500779,512,33012,bb4bf8d31f11f50e021f40119398de4b7e3a8d5ac3eac3f8a4109c0a11ae9977,2fcee12f643bb439059f322d3e5c0f61759fbe32326fffabc361212fe5c87d90,135217152,5.751560083008371,16902144,10,2
2023Q2,refit,0.0005,member_sampling,sequential,1,1,available,84220.0,512,False,3,1.118344811208739,0.9050884031869187,1.0,0.3333333333333333,0,succeeded,,a9ce7859ee78d16703fb905c1590430dfd36e1eac65bbf23983b14078e162862,4d072af9a64a45497225dd4d3013c90724a48bc747ed80cd094bd87982dc5a7b,326003401324314401701226370488522477500,512,33012,654714964f8254c5a5c05784ff512cdd00ae20d172922acb314a9d0b8e52fa31,864cf4727a2dd41d9512dd41050a084c172dc38739d005661297ff9752d5d5b5,135217152,5.76351429198985,16902144,10,1
2023Q2,refit,0.0005,member_sampling,sequential,1,2,available,96608.0,510,False,4,1.1157461079827757,0.9047955062013626,1.0,0.3263888888888889,2,succeeded,,e94ccfa7899fbd96622934077e71b74abe7162ad7521a790003ddfd5363ea753,4b61c353a24044638eb9bc3447727007345cc86fdc2003cf0c379bdf216c8a36,63337531768675299582623570931168150179,512,33012,ffcf04f0b68b928a546f1e498b49a4699dbe081aa73ccb7e8fd8cb8d3b155d61,9d0aa8e68d14a7820335de661063244c9a6c583b6831e0a5913860bc761e7b56,135217152,5.805544875009218,16902144,10,2
2023Q2,refit,0.0005,member_sampling,uniform,0,0,available,87604.0,508,False,5,1.2592004931281677,0.830327485230705,1.0,0.23244680851063831,4,succeeded,,6f9fd622214be648b3babc1ac328a75e44a81f1d240c785d1213267c2bd8da59,423a2180473799b803048363313f7cc7d08b06751cb977c6827b77c6f5db2e8c,27492540518709416569458338602676896988,512,33012,e2a6b11abbeb7ed00c9127fb90020323399668a164bd180d519b4b47a6a52075,,0,0.09058491699397564,0,0,2
2023Q2,refit,0.0005,member_sampling,uniform,0,1,available,90131.0,510,False,4,1.2313632379536452,0.8550354126713597,1.0,0.25,2,succeeded,,f312232136dd285eab2ad0fcafd859accb6721f89beed3064403aec506a824f1,ba19a00c4829f841e8b3094a7643ab1d1f53e3f6d43b9ca3eb76cd44e95c9366,90958470858957731198846729056018764383,512,33012,ba38f8de609f867ad2e2f245308836304e1179368adb990e1cc53bc275f14b13,,0,0.09027874999446794,0,0,2
2023Q2,refit,0.0005,member_sampling,uniform,0,2,available,87225.0,509,False,3,1.1718200057323016,0.8510876335982623,1.0,0.33333333333333326,3,succeeded,,291690c9b35783ba4a0ec258cca04a4e20ad64be579a21a1e25d03050b2b1225,c4a1b43eddcb58e86eb288c535ef38eeca4febbb1f552074ccc6c8a489daab6a,257718724691900437975565308545030603120,512,33012,5963f3b7fee139f99f37edcfe7a370c25f2d6ca77ea58e3f36e135770016b836,,0,0.09091212501516566,0,0,3
2023Q2,refit,0.0005,member_sampling,uniform,1,0,available,83051.0,509,False,4,1.229316925744422,0.8644140455000902,1.0,0.25,3,succeeded,,af390373e488491c0d36ebe22059e8807151859d6b29147ab75588cff47c7b52,6a179a0ea3185a0406e510ac7cf749ad55da89c56160d70a3ae93817e356578a,21814748789586370219164982041403500779,512,33012,fd702e23446a2b2d42c75e54eedc38bce9f8f042a680e9b5f907177243156421,,0,0.09124395801336505,0,0,2
2023Q2,refit,0.0005,member_sampling,uniform,1,1,available,77237.0,509,False,4,1.195890570581457,0.8644420295051548,1.0,0.25,3,succeeded,,fea99465016398f4bb2ecc08158e4b0be148aed59230b7a4da9aa2cadc7cfa88,62c5822b2bc0ed3fcc91698c72297205b5874d49697f889e00f9ebb842c36f3f,326003401324314401701226370488522477500,512,33012,30663f5426f803427768e721b91ceff008f4b4b98ff902f251751c4e3cb3e46f,,0,0.08922516700113192,0,0,2
2023Q2,refit,0.0005,member_sampling,uniform,1,2,available,93003.0,510,False,3,1.153758480909218,0.8702983822845278,1.0,0.33333333333333326,2,succeeded,,7f93ffd4a0c574acccf08855a1e13a7fe6ee32c2151b2a3584bd0a00b9b8408e,f6ac7c24f1be0f54f7e3d9065041a99c54e851e5e467d75408cb9b0502f37883,63337531768675299582623570931168150179,512,33012,0f0df22ab37fb656c837c4e400a47b6b7b2d751fe54d2e0da85c3bf92fa32d27,,0,0.09057883400237188,0,0,2
2023Q2,refit,0.001,full_population,all_events_once,,,available,354661.0,11716,False,50,7.129340412393807,0.22416056025071948,1.0,0.021908901225631137,0,,,,,,,,,,,,,,
2023Q2,refit,0.001,member_sampling,sequential,0,0,available,93966.0,508,False,4,1.1317710661303024,0.8955653310873652,1.0,0.25,4,succeeded,,100a543eef4997c7b67289b3322a02149df8b4145dddec20e76754f2846f0bab,f7735c69bf8790216af02a65951522e21cb3001a85431458e327094c71ee4426,144496401234533742334428543906095520001,512,11716,8b614181ea2e00f991fbe355e19518bb948198d2edc077d878ce904be92618c4,9bb06cbb227b08d648bf8d106ffd07c13062d1bb4d48f7e125dd211bc12f7987,47988736,1.815360666019842,5998592,8,2
2023Q2,refit,0.001,member_sampling,sequential,0,1,available,89705.0,499,False,4,1.1708265982944095,0.9075986846418518,1.0,0.25,13,succeeded,,2df0bd069783c568be12d6bd561da4a9f68da084900df825ccb336040de9a63a,5a136638263d283116152efae37a2c33fd1dc3d8f4d5ea09a0646b0c7563ac6b,78643518951984955365452746785860755209,512,11716,ae674d84bb5f0d3c2459794ffe8ff543b4b4da28c15ba3bf9ec3a18e84b0040b,d0addc77e1eda75824cd6d1ba4695abe3d3f4a01deac943e3f129fe675ae3f5f,47988736,1.8342026669997722,5998592,8,2
2023Q2,refit,0.001,member_sampling,sequential,0,2,available,92131.0,507,False,4,1.225233634715785,0.8894102817749772,1.0,0.25,5,succeeded,,ec0a486c422128928185cb9305b26153bde1e43c7fbe497ce8d849d42b3a3ac7,f3f8c0e6f71070d953f0851064fda714bf1b26157cbeb64e8bc3dca5d7d7def5,122211428909899690213472505305360208801,512,11716,1a67ae51244b21c2ba5e1d9ed5c44b12600cfb9ba257458e09e6af94f949a9e2,b846efc8db9cf74b93847bdc913e1e60883b2bde5996524b18108e256f5204b0,47988736,1.8076298749947455,5998592,8,2
2023Q2,refit,0.001,member_sampling,sequential,1,0,available,103764.0,505,False,5,1.235688678154273,0.8725496878276054,1.0,0.28214285714285714,7,succeeded,,48464acfc9ae3e75818c98f34be255e85bd8d5253780fa6fbe2ac64ed61a1670,15d1218b32e092a51da998cdd47582112bdae47829e490b8608c93cc509f1089,327660718968766200397485050597333700954,512,11716,2b2f0277902c320e2f761703ea6ccc207ad4f543919518b5023be937f14d9d4f,dae1f3414645158f7355ff58f3bc08a7f74c4f025f19bbb5afd30a04a988da8f,47988736,1.8154134580108803,5998592,8,2
2023Q2,refit,0.001,member_sampling,sequential,1,1,available,81851.0,510,False,3,1.1407435461998021,0.901686922409054,1.0,0.3333333333333333,2,succeeded,,f47aadaddb4dcb11f2faca8f0eb3f5160b81274186ebddf16627044d010a48df,e72a6c4192b681751472d463572fc79129ebe458c56461dd29af5531dbc3b574,145917354043622952360803348145702214528,512,11716,e447036fba7d8d4770335ac129740bc359e934ac71d840df066a07703917086f,448d695f55e0b471eabae7d26f7414941b27cbd65699c8dfe392455305fb2e8c,47988736,1.8108714160043746,5998592,8,2
2023Q2,refit,0.001,member_sampling,sequential,1,2,available,94308.0,507,False,5,1.1472303516138609,0.8892562400285923,1.0,0.2,5,succeeded,,cc2871e93efe040d4263040e241f470479ba7006fde1ae3fc1007214f3b393ae,ce2b753d1d367e0abb4575c49abe4942ae2f2d7e55f46fb180a6823ee88c3280,106713872942749308961227673275859036615,512,11716,2eb7f15fdc586948b2651ada8e88c72cdea61bd49e2cfa923d2c44b2fdff7bfa,6a68bd54c065c8f1cfc62e632ab1717dc19fe92e8c2a52212a220d7c437aaec9,47988736,1.8120067919953726,5998592,8,2
2023Q2,refit,0.001,member_sampling,uniform,0,0,available,92566.0,500,False,4,1.2986193634811918,0.8357674047741535,1.0,0.25,12,succeeded,,f62a75fe5d8d3f0890c3e8a42313e03a585d0bc2da6184713ddab252c53e507c,73b5b9ab5d97262aa17a82c984c257caa48914ac64a6026a4ead70acdcab0873,144496401234533742334428543906095520001,512,11716,e685d17adce35829ae82976559fd81bafb2636c19903f024cc6c7fe8d186fed6,,0,0.03384008299326524,0,0,3
2023Q2,refit,0.001,member_sampling,uniform,0,1,available,85663.0,502,False,4,1.4035698025985548,0.8075638260177889,1.0,0.25,10,succeeded,,d7641881204b641573d6bdd2b56945ae1b037237dbf8fbe7e5cc7fa656eb56b8,26c0049fcbcce81764edcd67efa4381c9c4c3028a28482d125e936ca2d8bfb2b,78643518951984955365452746785860755209,512,11716,75e86f0ce9ffc6ffd671cc71e9e9ef1a4af94f3896bf59b0b25f0fd930a8a1df,,0,0.033516916999360546,0,0,2
2023Q2,refit,0.001,member_sampling,uniform,0,2,available,80483.0,501,False,7,1.3278829069492937,0.8319536384656729,1.0,0.15027322404371585,11,succeeded,,25bdfccfd58c14a1e2b52a4bea3d3eadefc9004b2c123fc4d4c91446fac5b2c6,80ed3e570b9a99cc8a68b267a6434139e6f70822a3243298e181952dae705517,122211428909899690213472505305360208801,512,11716,0eef8353add58103a3504215f701fa1aa3d655097889bd386cd344cf2a8ae2db,,0,0.03432004200294614,0,0,2
2023Q2,refit,0.001,member_sampling,uniform,1,0,available,85409.0,502,False,5,1.296935920102097,0.8510100251878394,1.0,0.25,10,succeeded,,aa011aeed55f5146490b0bee531ab9390d05c9ea21222ae3b6a2642093fa1334,2ff80c569f5dfb268a8b8aef0456674195f3d903bfc51103fb9f4dbb7fe17a4b,327660718968766200397485050597333700954,512,11716,fb29a4f0d7226d36d14b3c62fe3fac729a85bca5835b2800f1ec163495feb6b5,,0,0.03387079099775292,0,0,2
2023Q2,refit,0.001,member_sampling,uniform,1,1,available,85990.0,503,False,5,1.265414583091057,0.8602940253592801,1.0,0.2,9,succeeded,,8c80f3b7742caaabb65c9e46502b9adafe693dbcedc62ea11157ac0266215b93,8ed2d5ef9d68e94e95816b5cb216922fc5906549e5ecedf8ef554cb74b067473,145917354043622952360803348145702214528,512,11716,c289cdb5514bb5b5ac47f025c8dc33462d58deee8fb339f4df08f0fea70922d8,,0,0.033121083019068465,0,0,2
2023Q2,refit,0.001,member_sampling,uniform,1,2,available,80755.0,502,False,4,1.2214599715187915,0.8564974848850956,1.0,0.25,10,succeeded,,bd7fa4286b299d4d8b73ec29c4565e61cc3de8b98bffbd067552a80ff728ba73,f5b83436fe4dea08f52d6a32e05126820a4bf3c0e76193c017bb23fc9e45c9f2,106713872942749308961227673275859036615,512,11716,5b7ade1ee9b17670f3fb7fe2e12e924a57f5e278170f7aac2d04a4d82fb65be0,,0,0.03355266700964421,0,0,2
2023Q2,refit,temporal,full_population,all_events_once,,,available,366757.0,355996,False,650,167.74695506834226,0.008799766363613936,1.0,0.0015408344881037914,0,,,,,,,,,,,,,,
2023Q2,refit,temporal,member_sampling,sequential,0,0,available,88568.0,512,False,3,1.0907551260048776,0.9121406723908949,1.0,0.33333333333333326,0,succeeded,,16ecac842ef01533938b16d7adbf2964bd51c1fb16c9193da42bd48acdd6331a,dab889c82e5c64f4c31070a69dfacdd7a0fed8f74d4fc0598250e6c93cc89e98,161263833927240610352601951270189530651,512,355996,2b43c5206938e5e4c26f4b189c5197864ec6e071082df856c7d4d7478e470554,992942311274ea68b3915c2a14b0f609c2fdc7483ec6db0cdb20779d1aceab45,1458159616,57.21985779199167,182269952,13,1
2023Q2,refit,temporal,member_sampling,sequential,0,1,available,68231.0,512,False,3,1.0864416467588047,0.9199604278730686,1.0,0.3333333333333333,0,succeeded,,35ccf76c232cd4e61d93f63db9b9f3ab57b79fc70e06991a13b8adb36260bb44,8e8b8c4d4bb47741eeaa3bb412110dee8d7c87ce4ffa73d833788becae7a391d,41492603866242699408291504473372725819,512,355996,ef1f77dbc26a1d5b85b9ec0bb31ef7bf9cab2074a2009ba9df792651066c3cc7,f166a6e0e3c3eb52a036e61c95140d7f17881a55f8630245ae5b9919ace777b7,1458159616,57.667784166987985,182269952,13,1
2023Q2,refit,temporal,member_sampling,sequential,0,2,available,83088.0,512,False,4,1.1070431349894088,0.9054389289630744,1.0,0.25,0,succeeded,,6bfc59eeae2e9c91a6d7aa7fa08e2914ccffc30d4dae5a65d65de7d3a29b1062,1a2a18d909f2337d4011d9fffb0806490cedeb27163d906e344f35553e3449c7,46016481436915590548887763769937456953,512,355996,58d0e55251e92abdf3cb848f4cd9b871a6137bf20de059ec178e2e250ab72e58,a14586053b7aec127539714d6aea92205233d7176e6eee50574ec656ba231840,1458159616,57.84721529201488,182269952,13,1
2023Q2,refit,temporal,member_sampling,sequential,1,0,available,77645.0,512,False,3,1.1106059630368987,0.9170395672664229,1.0,0.33333333333333326,0,succeeded,,b6baca649e300425f4984dd76cb0c31bd217ddbc32c9e8b66fd68114a38b98a7,e2485c1dd88f58d1adbf11ee347b051a3ffc0060ee140e016b389ea3f643d397,215301941543266114943869738707030018342,512,355996,154ff22fd7c60a191b1611e4c33b2b7f6e5061a1fc69824161ad501f3454be00,110ef264ef2520dc2dc644ebf201d9fb544108006478534a1dca8cfb84923a2e,1458159616,57.26406987500377,182269952,13,1
2023Q2,refit,temporal,member_sampling,sequential,1,1,available,73025.0,511,False,3,1.0784662786716879,0.9124246998594324,1.0,0.3333333333333333,1,succeeded,,8e39daef9700af259027d44bc366b612dcc2e144be24932cf6314861259e74e2,8c299ef25cf3e536649f81d53d917d4af23aa47c48d66cfd2ce924dd8d64e15c,114973452869930699093411841429346742186,512,355996,0a78da28dd6f9a8bf76b748a30a3754589bbbe6a0dc4d1cef5e74a86a4d37241,06a89e66011059f619eff4e853d091fb16ce8b0c44aa90d4c301ac963733354d,1458159616,58.44472379097715,182269952,13,2
2023Q2,refit,temporal,member_sampling,sequential,1,2,available,82283.0,512,False,3,1.0804540427548825,0.9244179338320673,1.0,0.3333333333333333,0,succeeded,,d75502cb9d42d875021d9c2682343fed3612b10254114649bbb5095f61ff412a,3464b989f1e7594de49c5e853a06c610a597666d7a5dc2e3b6a07465b774d72c,56748361380255657178699521966992904632,512,355996,88db861d4394a8e9614dc22731d72a3fcab5711edf5150061244e2f40c9b9545,894fcb80b93a48637f6f48fc68e6bf84e6dcb61328585c5b22810c44bc9b529b,1458159616,58.541137041000184,182269952,13,1
2023Q2,refit,temporal,member_sampling,uniform,0,0,available,80048.0,512,False,6,1.2367954227463522,0.8546390613777956,1.0,0.1714285714285714,0,succeeded,,20977ec4906c286dd74bb3a86b7c7d06faaefd1074b1cfd16a12e73841bf38a4,fe6eac7f566261867670209dbdae2d66f3864e14434655a0aa9be94466efa5da,161263833927240610352601951270189530651,512,355996,1972b76d990ce94dddd99be8c7f77ab6116587914a1e044a6738193f2ef791a4,,0,0.9251197499979753,0,0,1
2023Q2,refit,temporal,member_sampling,uniform,0,1,available,64668.0,510,False,3,1.2235572462423454,0.8600063941463362,1.0,0.33333333333333326,2,succeeded,,dcfdf453009187ad075c7706b4c8267e2670437bbd67acfe8487b6617b4fef5d,022523d428621932058983e5f65ccfb0589b27b4a6c58863c269bd77be7c89d9,41492603866242699408291504473372725819,512,355996,048a0316935ffac737e20cd9ac2fd12aced4d7968d0aba79014a571081d01045,,0,0.9290519169881009,0,0,2
2023Q2,refit,temporal,member_sampling,uniform,0,2,available,70636.0,510,False,5,1.1316042811031202,0.8795606218052541,1.0,0.23392857142857143,2,succeeded,,1f3870a20c4338fd699747c5dabf5d018c2dfba4d1dabc2d11a14db07577990d,7814fa4f56272dcc8156f51b07b7d9ca706ced09edb56674c83338930cd9a380,46016481436915590548887763769937456953,512,355996,1de000bfd32fc818482aa807e6ddf2a5c25756be6d30819a2bc137fab08dc3b0,,0,0.941691207990516,0,0,2
2023Q2,refit,temporal,member_sampling,uniform,1,0,available,71610.0,511,False,3,1.1757855048177628,0.8933676666597317,1.0,0.33333333333333326,1,succeeded,,b4e503d46c46614f98d03280389f50e6f21216d4e7209dd3548609173b67755c,5a43229bf37431e959cf27b52e33e52a931c9a90aa866d62324f4ccc167916ad,215301941543266114943869738707030018342,512,355996,ed63bb38be7a89369dc46c7d42d6f5dee254a5cd5d2a7e5b04e962d033b098df,,0,0.9677738749887794,0,0,2
2023Q2,refit,temporal,member_sampling,uniform,1,1,available,80493.0,512,False,4,1.141490564396904,0.8717217750996951,1.0,0.25,0,succeeded,,c9f44f4a1383eafac43e2606b6eb4a6181ca7a5ed5ab66bc71357ba793356bdd,d1a420b39442afa7c9e2165c077b0f6e702c75e2f10b265f94bb2c6c8379dbc3,114973452869930699093411841429346742186,512,355996,51988a36a7186b068248b8c99f95deaf4e270645d213e368b3be29f281799c1d,,0,0.9830095419893041,0,0,1
2023Q2,refit,temporal,member_sampling,uniform,1,2,available,79976.0,512,False,3,1.1407297189156747,0.8876788919453358,1.0,0.3333333333333333,0,succeeded,,aba8c060784f507e40dc2db0c43259ef8ff296ffd937f4d15ecfe8041a183135,43a95ed5c5f3f014554050ab4e9ea68340fefe7cdd431c8446b1091b487f8081,56748361380255657178699521966992904632,512,355996,5253500a7575e4564dea98671d09b1a2d21036c0a158d6669aa3ec23b1976d66,,0,0.9605223749822471,0,0,1
2023Q3,inner,0.0005,full_population,all_events_once,,,available,364767.0,33012,False,116,19.00774466988516,0.08578054429763046,1.0,0.008855342621607124,0,,,,,,,,,,,,,,
2023Q3,inner,0.0005,member_sampling,sequential,0,0,available,82932.0,509,False,3,1.1564293638161385,0.8902170475169893,1.0,0.33333333333333326,3,succeeded,,fbc8c81396816d42e964f9802153261a2b6e34e890d1116df7e7b17f1367c54b,a7f37c52e92469a9b5d08971866b435a502504edd0731e0783217990b6b476dc,27492540518709416569458338602676896988,512,33012,6bb3c9a795494699a4a9493be89af85bf0b3e186e5c2bbcdebca0053fe8232a2,6bd35b1ec78eb4871416b39cca7252e84c51d5e2fc6978d49fde720da6970d8f,135217152,5.774875165981939,16902144,10,2
2023Q3,inner,0.0005,member_sampling,sequential,0,1,available,108442.0,511,False,4,1.2254938123605246,0.8772967427815164,1.0,0.25,1,succeeded,,45c164299b7453c88f15e0da048411c222ea7aa33f4f4e61f32466ba34f21bae,a02ac2a288105bde6eeafe8e1450a60fb6a344b0178d4a3cfd8980f8e7932b0d,90958470858957731198846729056018764383,512,33012,16d942afe66de3e4d40bce907adf213e5da6459fd1485b114fad454dfb9c2d6a,84b9d6bfae51a63ee97cc1e0ad586f6493a4932be574f15b1d4fa699ac1d7716,135217152,5.877150957996491,16902144,10,2
2023Q3,inner,0.0005,member_sampling,sequential,0,2,available,83189.0,508,False,4,1.2070946879996154,0.8948915997135152,1.0,0.25,4,succeeded,,544298f6f4e9afb03afbd1c97e9a3ccc206077311c43443ea7d732f4f2ca149b,4addc22d53afd8642bf74e9bc876a99a9c8e8a888ca0e1bfdd8c8fe202a2874c,257718724691900437975565308545030603120,512,33012,0fe7f8b9165fea127bffd8021c99972f3aaa75230a7893293e20d1b6e52e839a,f1ff3d08610a705f4cf9e3cc3a80beab22234ae9c8a490667788a60401ffecfe,135217152,5.829794290999416,16902144,10,2
2023Q3,inner,0.0005,member_sampling,sequential,1,0,available,96342.0,510,False,4,1.1648190820203026,0.8974391407882383,1.0,0.25,2,succeeded,,d3766baa389d56bd2b9488cbbb278c5bce44e13077c1a2238e2cbbf6a0772ab9,3e4e9fae6c0852806e45fc58001626403d6b6e4812c9f0c1fff4a155d7ba10c4,21814748789586370219164982041403500779,512,33012,bb4bf8d31f11f50e021f40119398de4b7e3a8d5ac3eac3f8a4109c0a11ae9977,2fcee12f643bb439059f322d3e5c0f61759fbe32326fffabc361212fe5c87d90,135217152,5.751560083008371,16902144,10,2
2023Q3,inner,0.0005,member_sampling,sequential,1,1,available,84220.0,512,False,3,1.118344811208739,0.9050884031869187,1.0,0.3333333333333333,0,succeeded,,a9ce7859ee78d16703fb905c1590430dfd36e1eac65bbf23983b14078e162862,4d072af9a64a45497225dd4d3013c90724a48bc747ed80cd094bd87982dc5a7b,326003401324314401701226370488522477500,512,33012,654714964f8254c5a5c05784ff512cdd00ae20d172922acb314a9d0b8e52fa31,864cf4727a2dd41d9512dd41050a084c172dc38739d005661297ff9752d5d5b5,135217152,5.76351429198985,16902144,10,1
2023Q3,inner,0.0005,member_sampling,sequential,1,2,available,96608.0,510,False,4,1.1157461079827757,0.9047955062013626,1.0,0.3263888888888889,2,succeeded,,e94ccfa7899fbd96622934077e71b74abe7162ad7521a790003ddfd5363ea753,4b61c353a24044638eb9bc3447727007345cc86fdc2003cf0c379bdf216c8a36,63337531768675299582623570931168150179,512,33012,ffcf04f0b68b928a546f1e498b49a4699dbe081aa73ccb7e8fd8cb8d3b155d61,9d0aa8e68d14a7820335de661063244c9a6c583b6831e0a5913860bc761e7b56,135217152,5.805544875009218,16902144,10,2
2023Q3,inner,0.0005,member_sampling,uniform,0,0,available,87604.0,508,False,5,1.2592004931281677,0.830327485230705,1.0,0.23244680851063831,4,succeeded,,6f9fd622214be648b3babc1ac328a75e44a81f1d240c785d1213267c2bd8da59,423a2180473799b803048363313f7cc7d08b06751cb977c6827b77c6f5db2e8c,27492540518709416569458338602676896988,512,33012,e2a6b11abbeb7ed00c9127fb90020323399668a164bd180d519b4b47a6a52075,,0,0.09058491699397564,0,0,2
2023Q3,inner,0.0005,member_sampling,uniform,0,1,available,90131.0,510,False,4,1.2313632379536452,0.8550354126713597,1.0,0.25,2,succeeded,,f312232136dd285eab2ad0fcafd859accb6721f89beed3064403aec506a824f1,ba19a00c4829f841e8b3094a7643ab1d1f53e3f6d43b9ca3eb76cd44e95c9366,90958470858957731198846729056018764383,512,33012,ba38f8de609f867ad2e2f245308836304e1179368adb990e1cc53bc275f14b13,,0,0.09027874999446794,0,0,2
2023Q3,inner,0.0005,member_sampling,uniform,0,2,available,87225.0,509,False,3,1.1718200057323016,0.8510876335982623,1.0,0.33333333333333326,3,succeeded,,291690c9b35783ba4a0ec258cca04a4e20ad64be579a21a1e25d03050b2b1225,c4a1b43eddcb58e86eb288c535ef38eeca4febbb1f552074ccc6c8a489daab6a,257718724691900437975565308545030603120,512,33012,5963f3b7fee139f99f37edcfe7a370c25f2d6ca77ea58e3f36e135770016b836,,0,0.09091212501516566,0,0,3
2023Q3,inner,0.0005,member_sampling,uniform,1,0,available,83051.0,509,False,4,1.229316925744422,0.8644140455000902,1.0,0.25,3,succeeded,,af390373e488491c0d36ebe22059e8807151859d6b29147ab75588cff47c7b52,6a179a0ea3185a0406e510ac7cf749ad55da89c56160d70a3ae93817e356578a,21814748789586370219164982041403500779,512,33012,fd702e23446a2b2d42c75e54eedc38bce9f8f042a680e9b5f907177243156421,,0,0.09124395801336505,0,0,2
2023Q3,inner,0.0005,member_sampling,uniform,1,1,available,77237.0,509,False,4,1.195890570581457,0.8644420295051548,1.0,0.25,3,succeeded,,fea99465016398f4bb2ecc08158e4b0be148aed59230b7a4da9aa2cadc7cfa88,62c5822b2bc0ed3fcc91698c72297205b5874d49697f889e00f9ebb842c36f3f,326003401324314401701226370488522477500,512,33012,30663f5426f803427768e721b91ceff008f4b4b98ff902f251751c4e3cb3e46f,,0,0.08922516700113192,0,0,2
2023Q3,inner,0.0005,member_sampling,uniform,1,2,available,93003.0,510,False,3,1.153758480909218,0.8702983822845278,1.0,0.33333333333333326,2,succeeded,,7f93ffd4a0c574acccf08855a1e13a7fe6ee32c2151b2a3584bd0a00b9b8408e,f6ac7c24f1be0f54f7e3d9065041a99c54e851e5e467d75408cb9b0502f37883,63337531768675299582623570931168150179,512,33012,0f0df22ab37fb656c837c4e400a47b6b7b2d751fe54d2e0da85c3bf92fa32d27,,0,0.09057883400237188,0,0,2
2023Q3,inner,0.001,full_population,all_events_once,,,available,354661.0,11716,False,50,7.129340412393807,0.22416056025071948,1.0,0.021908901225631137,0,,,,,,,,,,,,,,
2023Q3,inner,0.001,member_sampling,sequential,0,0,available,93966.0,508,False,4,1.1317710661303024,0.8955653310873652,1.0,0.25,4,succeeded,,100a543eef4997c7b67289b3322a02149df8b4145dddec20e76754f2846f0bab,f7735c69bf8790216af02a65951522e21cb3001a85431458e327094c71ee4426,144496401234533742334428543906095520001,512,11716,8b614181ea2e00f991fbe355e19518bb948198d2edc077d878ce904be92618c4,9bb06cbb227b08d648bf8d106ffd07c13062d1bb4d48f7e125dd211bc12f7987,47988736,1.815360666019842,5998592,8,2
2023Q3,inner,0.001,member_sampling,sequential,0,1,available,89705.0,499,False,4,1.1708265982944095,0.9075986846418518,1.0,0.25,13,succeeded,,2df0bd069783c568be12d6bd561da4a9f68da084900df825ccb336040de9a63a,5a136638263d283116152efae37a2c33fd1dc3d8f4d5ea09a0646b0c7563ac6b,78643518951984955365452746785860755209,512,11716,ae674d84bb5f0d3c2459794ffe8ff543b4b4da28c15ba3bf9ec3a18e84b0040b,d0addc77e1eda75824cd6d1ba4695abe3d3f4a01deac943e3f129fe675ae3f5f,47988736,1.8342026669997722,5998592,8,2
2023Q3,inner,0.001,member_sampling,sequential,0,2,available,92131.0,507,False,4,1.225233634715785,0.8894102817749772,1.0,0.25,5,succeeded,,ec0a486c422128928185cb9305b26153bde1e43c7fbe497ce8d849d42b3a3ac7,f3f8c0e6f71070d953f0851064fda714bf1b26157cbeb64e8bc3dca5d7d7def5,122211428909899690213472505305360208801,512,11716,1a67ae51244b21c2ba5e1d9ed5c44b12600cfb9ba257458e09e6af94f949a9e2,b846efc8db9cf74b93847bdc913e1e60883b2bde5996524b18108e256f5204b0,47988736,1.8076298749947455,5998592,8,2
2023Q3,inner,0.001,member_sampling,sequential,1,0,available,103764.0,505,False,5,1.235688678154273,0.8725496878276054,1.0,0.28214285714285714,7,succeeded,,48464acfc9ae3e75818c98f34be255e85bd8d5253780fa6fbe2ac64ed61a1670,15d1218b32e092a51da998cdd47582112bdae47829e490b8608c93cc509f1089,327660718968766200397485050597333700954,512,11716,2b2f0277902c320e2f761703ea6ccc207ad4f543919518b5023be937f14d9d4f,dae1f3414645158f7355ff58f3bc08a7f74c4f025f19bbb5afd30a04a988da8f,47988736,1.8154134580108803,5998592,8,2
2023Q3,inner,0.001,member_sampling,sequential,1,1,available,81851.0,510,False,3,1.1407435461998021,0.901686922409054,1.0,0.3333333333333333,2,succeeded,,f47aadaddb4dcb11f2faca8f0eb3f5160b81274186ebddf16627044d010a48df,e72a6c4192b681751472d463572fc79129ebe458c56461dd29af5531dbc3b574,145917354043622952360803348145702214528,512,11716,e447036fba7d8d4770335ac129740bc359e934ac71d840df066a07703917086f,448d695f55e0b471eabae7d26f7414941b27cbd65699c8dfe392455305fb2e8c,47988736,1.8108714160043746,5998592,8,2
2023Q3,inner,0.001,member_sampling,sequential,1,2,available,94308.0,507,False,5,1.1472303516138609,0.8892562400285923,1.0,0.2,5,succeeded,,cc2871e93efe040d4263040e241f470479ba7006fde1ae3fc1007214f3b393ae,ce2b753d1d367e0abb4575c49abe4942ae2f2d7e55f46fb180a6823ee88c3280,106713872942749308961227673275859036615,512,11716,2eb7f15fdc586948b2651ada8e88c72cdea61bd49e2cfa923d2c44b2fdff7bfa,6a68bd54c065c8f1cfc62e632ab1717dc19fe92e8c2a52212a220d7c437aaec9,47988736,1.8120067919953726,5998592,8,2
2023Q3,inner,0.001,member_sampling,uniform,0,0,available,92566.0,500,False,4,1.2986193634811918,0.8357674047741535,1.0,0.25,12,succeeded,,f62a75fe5d8d3f0890c3e8a42313e03a585d0bc2da6184713ddab252c53e507c,73b5b9ab5d97262aa17a82c984c257caa48914ac64a6026a4ead70acdcab0873,144496401234533742334428543906095520001,512,11716,e685d17adce35829ae82976559fd81bafb2636c19903f024cc6c7fe8d186fed6,,0,0.03384008299326524,0,0,3
2023Q3,inner,0.001,member_sampling,uniform,0,1,available,85663.0,502,False,4,1.4035698025985548,0.8075638260177889,1.0,0.25,10,succeeded,,d7641881204b641573d6bdd2b56945ae1b037237dbf8fbe7e5cc7fa656eb56b8,26c0049fcbcce81764edcd67efa4381c9c4c3028a28482d125e936ca2d8bfb2b,78643518951984955365452746785860755209,512,11716,75e86f0ce9ffc6ffd671cc71e9e9ef1a4af94f3896bf59b0b25f0fd930a8a1df,,0,0.033516916999360546,0,0,2
2023Q3,inner,0.001,member_sampling,uniform,0,2,available,80483.0,501,False,7,1.3278829069492937,0.8319536384656729,1.0,0.15027322404371585,11,succeeded,,25bdfccfd58c14a1e2b52a4bea3d3eadefc9004b2c123fc4d4c91446fac5b2c6,80ed3e570b9a99cc8a68b267a6434139e6f70822a3243298e181952dae705517,122211428909899690213472505305360208801,512,11716,0eef8353add58103a3504215f701fa1aa3d655097889bd386cd344cf2a8ae2db,,0,0.03432004200294614,0,0,2
2023Q3,inner,0.001,member_sampling,uniform,1,0,available,85409.0,502,False,5,1.296935920102097,0.8510100251878394,1.0,0.25,10,succeeded,,aa011aeed55f5146490b0bee531ab9390d05c9ea21222ae3b6a2642093fa1334,2ff80c569f5dfb268a8b8aef0456674195f3d903bfc51103fb9f4dbb7fe17a4b,327660718968766200397485050597333700954,512,11716,fb29a4f0d7226d36d14b3c62fe3fac729a85bca5835b2800f1ec163495feb6b5,,0,0.03387079099775292,0,0,2
2023Q3,inner,0.001,member_sampling,uniform,1,1,available,85990.0,503,False,5,1.265414583091057,0.8602940253592801,1.0,0.2,9,succeeded,,8c80f3b7742caaabb65c9e46502b9adafe693dbcedc62ea11157ac0266215b93,8ed2d5ef9d68e94e95816b5cb216922fc5906549e5ecedf8ef554cb74b067473,145917354043622952360803348145702214528,512,11716,c289cdb5514bb5b5ac47f025c8dc33462d58deee8fb339f4df08f0fea70922d8,,0,0.033121083019068465,0,0,2
2023Q3,inner,0.001,member_sampling,uniform,1,2,available,80755.0,502,False,4,1.2214599715187915,0.8564974848850956,1.0,0.25,10,succeeded,,bd7fa4286b299d4d8b73ec29c4565e61cc3de8b98bffbd067552a80ff728ba73,f5b83436fe4dea08f52d6a32e05126820a4bf3c0e76193c017bb23fc9e45c9f2,106713872942749308961227673275859036615,512,11716,5b7ade1ee9b17670f3fb7fe2e12e924a57f5e278170f7aac2d04a4d82fb65be0,,0,0.03355266700964421,0,0,2
2023Q3,inner,temporal,full_population,all_events_once,,,available,366757.0,355996,False,650,167.74695506834226,0.008799766363613936,1.0,0.0015408344881037914,0,,,,,,,,,,,,,,
2023Q3,inner,temporal,member_sampling,sequential,0,0,available,88568.0,512,False,3,1.0907551260048776,0.9121406723908949,1.0,0.33333333333333326,0,succeeded,,16ecac842ef01533938b16d7adbf2964bd51c1fb16c9193da42bd48acdd6331a,dab889c82e5c64f4c31070a69dfacdd7a0fed8f74d4fc0598250e6c93cc89e98,161263833927240610352601951270189530651,512,355996,2b43c5206938e5e4c26f4b189c5197864ec6e071082df856c7d4d7478e470554,992942311274ea68b3915c2a14b0f609c2fdc7483ec6db0cdb20779d1aceab45,1458159616,57.21985779199167,182269952,13,1
2023Q3,inner,temporal,member_sampling,sequential,0,1,available,68231.0,512,False,3,1.0864416467588047,0.9199604278730686,1.0,0.3333333333333333,0,succeeded,,35ccf76c232cd4e61d93f63db9b9f3ab57b79fc70e06991a13b8adb36260bb44,8e8b8c4d4bb47741eeaa3bb412110dee8d7c87ce4ffa73d833788becae7a391d,41492603866242699408291504473372725819,512,355996,ef1f77dbc26a1d5b85b9ec0bb31ef7bf9cab2074a2009ba9df792651066c3cc7,f166a6e0e3c3eb52a036e61c95140d7f17881a55f8630245ae5b9919ace777b7,1458159616,57.667784166987985,182269952,13,1
2023Q3,inner,temporal,member_sampling,sequential,0,2,available,83088.0,512,False,4,1.1070431349894088,0.9054389289630744,1.0,0.25,0,succeeded,,6bfc59eeae2e9c91a6d7aa7fa08e2914ccffc30d4dae5a65d65de7d3a29b1062,1a2a18d909f2337d4011d9fffb0806490cedeb27163d906e344f35553e3449c7,46016481436915590548887763769937456953,512,355996,58d0e55251e92abdf3cb848f4cd9b871a6137bf20de059ec178e2e250ab72e58,a14586053b7aec127539714d6aea92205233d7176e6eee50574ec656ba231840,1458159616,57.84721529201488,182269952,13,1
2023Q3,inner,temporal,member_sampling,sequential,1,0,available,77645.0,512,False,3,1.1106059630368987,0.9170395672664229,1.0,0.33333333333333326,0,succeeded,,b6baca649e300425f4984dd76cb0c31bd217ddbc32c9e8b66fd68114a38b98a7,e2485c1dd88f58d1adbf11ee347b051a3ffc0060ee140e016b389ea3f643d397,215301941543266114943869738707030018342,512,355996,154ff22fd7c60a191b1611e4c33b2b7f6e5061a1fc69824161ad501f3454be00,110ef264ef2520dc2dc644ebf201d9fb544108006478534a1dca8cfb84923a2e,1458159616,57.26406987500377,182269952,13,1
2023Q3,inner,temporal,member_sampling,sequential,1,1,available,73025.0,511,False,3,1.0784662786716879,0.9124246998594324,1.0,0.3333333333333333,1,succeeded,,8e39daef9700af259027d44bc366b612dcc2e144be24932cf6314861259e74e2,8c299ef25cf3e536649f81d53d917d4af23aa47c48d66cfd2ce924dd8d64e15c,114973452869930699093411841429346742186,512,355996,0a78da28dd6f9a8bf76b748a30a3754589bbbe6a0dc4d1cef5e74a86a4d37241,06a89e66011059f619eff4e853d091fb16ce8b0c44aa90d4c301ac963733354d,1458159616,58.44472379097715,182269952,13,2
2023Q3,inner,temporal,member_sampling,sequential,1,2,available,82283.0,512,False,3,1.0804540427548825,0.9244179338320673,1.0,0.3333333333333333,0,succeeded,,d75502cb9d42d875021d9c2682343fed3612b10254114649bbb5095f61ff412a,3464b989f1e7594de49c5e853a06c610a597666d7a5dc2e3b6a07465b774d72c,56748361380255657178699521966992904632,512,355996,88db861d4394a8e9614dc22731d72a3fcab5711edf5150061244e2f40c9b9545,894fcb80b93a48637f6f48fc68e6bf84e6dcb61328585c5b22810c44bc9b529b,1458159616,58.541137041000184,182269952,13,1
2023Q3,inner,temporal,member_sampling,uniform,0,0,available,80048.0,512,False,6,1.2367954227463522,0.8546390613777956,1.0,0.1714285714285714,0,succeeded,,20977ec4906c286dd74bb3a86b7c7d06faaefd1074b1cfd16a12e73841bf38a4,fe6eac7f566261867670209dbdae2d66f3864e14434655a0aa9be94466efa5da,161263833927240610352601951270189530651,512,355996,1972b76d990ce94dddd99be8c7f77ab6116587914a1e044a6738193f2ef791a4,,0,0.9251197499979753,0,0,1
2023Q3,inner,temporal,member_sampling,uniform,0,1,available,64668.0,510,False,3,1.2235572462423454,0.8600063941463362,1.0,0.33333333333333326,2,succeeded,,dcfdf453009187ad075c7706b4c8267e2670437bbd67acfe8487b6617b4fef5d,022523d428621932058983e5f65ccfb0589b27b4a6c58863c269bd77be7c89d9,41492603866242699408291504473372725819,512,355996,048a0316935ffac737e20cd9ac2fd12aced4d7968d0aba79014a571081d01045,,0,0.9290519169881009,0,0,2
2023Q3,inner,temporal,member_sampling,uniform,0,2,available,70636.0,510,False,5,1.1316042811031202,0.8795606218052541,1.0,0.23392857142857143,2,succeeded,,1f3870a20c4338fd699747c5dabf5d018c2dfba4d1dabc2d11a14db07577990d,7814fa4f56272dcc8156f51b07b7d9ca706ced09edb56674c83338930cd9a380,46016481436915590548887763769937456953,512,355996,1de000bfd32fc818482aa807e6ddf2a5c25756be6d30819a2bc137fab08dc3b0,,0,0.941691207990516,0,0,2
2023Q3,inner,temporal,member_sampling,uniform,1,0,available,71610.0,511,False,3,1.1757855048177628,0.8933676666597317,1.0,0.33333333333333326,1,succeeded,,b4e503d46c46614f98d03280389f50e6f21216d4e7209dd3548609173b67755c,5a43229bf37431e959cf27b52e33e52a931c9a90aa866d62324f4ccc167916ad,215301941543266114943869738707030018342,512,355996,ed63bb38be7a89369dc46c7d42d6f5dee254a5cd5d2a7e5b04e962d033b098df,,0,0.9677738749887794,0,0,2
2023Q3,inner,temporal,member_sampling,uniform,1,1,available,80493.0,512,False,4,1.141490564396904,0.8717217750996951,1.0,0.25,0,succeeded,,c9f44f4a1383eafac43e2606b6eb4a6181ca7a5ed5ab66bc71357ba793356bdd,d1a420b39442afa7c9e2165c077b0f6e702c75e2f10b265f94bb2c6c8379dbc3,114973452869930699093411841429346742186,512,355996,51988a36a7186b068248b8c99f95deaf4e270645d213e368b3be29f281799c1d,,0,0.9830095419893041,0,0,1
2023Q3,inner,temporal,member_sampling,uniform,1,2,available,79976.0,512,False,3,1.1407297189156747,0.8876788919453358,1.0,0.3333333333333333,0,succeeded,,aba8c060784f507e40dc2db0c43259ef8ff296ffd937f4d15ecfe8041a183135,43a95ed5c5f3f014554050ab4e9ea68340fefe7cdd431c8446b1091b487f8081,56748361380255657178699521966992904632,512,355996,5253500a7575e4564dea98671d09b1a2d21036c0a158d6669aa3ec23b1976d66,,0,0.9605223749822471,0,0,1
2023Q3,refit,0.0005,full_population,all_events_once,,,available,364767.0,33012,False,116,19.00774466988516,0.08578054429763046,1.0,0.008855342621607124,0,,,,,,,,,,,,,,
2023Q3,refit,0.0005,member_sampling,sequential,0,0,available,82932.0,509,False,3,1.1564293638161385,0.8902170475169893,1.0,0.33333333333333326,3,succeeded,,fbc8c81396816d42e964f9802153261a2b6e34e890d1116df7e7b17f1367c54b,a7f37c52e92469a9b5d08971866b435a502504edd0731e0783217990b6b476dc,27492540518709416569458338602676896988,512,33012,6bb3c9a795494699a4a9493be89af85bf0b3e186e5c2bbcdebca0053fe8232a2,6bd35b1ec78eb4871416b39cca7252e84c51d5e2fc6978d49fde720da6970d8f,135217152,5.774875165981939,16902144,10,2
2023Q3,refit,0.0005,member_sampling,sequential,0,1,available,108442.0,511,False,4,1.2254938123605246,0.8772967427815164,1.0,0.25,1,succeeded,,45c164299b7453c88f15e0da048411c222ea7aa33f4f4e61f32466ba34f21bae,a02ac2a288105bde6eeafe8e1450a60fb6a344b0178d4a3cfd8980f8e7932b0d,90958470858957731198846729056018764383,512,33012,16d942afe66de3e4d40bce907adf213e5da6459fd1485b114fad454dfb9c2d6a,84b9d6bfae51a63ee97cc1e0ad586f6493a4932be574f15b1d4fa699ac1d7716,135217152,5.877150957996491,16902144,10,2
2023Q3,refit,0.0005,member_sampling,sequential,0,2,available,83189.0,508,False,4,1.2070946879996154,0.8948915997135152,1.0,0.25,4,succeeded,,544298f6f4e9afb03afbd1c97e9a3ccc206077311c43443ea7d732f4f2ca149b,4addc22d53afd8642bf74e9bc876a99a9c8e8a888ca0e1bfdd8c8fe202a2874c,257718724691900437975565308545030603120,512,33012,0fe7f8b9165fea127bffd8021c99972f3aaa75230a7893293e20d1b6e52e839a,f1ff3d08610a705f4cf9e3cc3a80beab22234ae9c8a490667788a60401ffecfe,135217152,5.829794290999416,16902144,10,2
2023Q3,refit,0.0005,member_sampling,sequential,1,0,available,96342.0,510,False,4,1.1648190820203026,0.8974391407882383,1.0,0.25,2,succeeded,,d3766baa389d56bd2b9488cbbb278c5bce44e13077c1a2238e2cbbf6a0772ab9,3e4e9fae6c0852806e45fc58001626403d6b6e4812c9f0c1fff4a155d7ba10c4,21814748789586370219164982041403500779,512,33012,bb4bf8d31f11f50e021f40119398de4b7e3a8d5ac3eac3f8a4109c0a11ae9977,2fcee12f643bb439059f322d3e5c0f61759fbe32326fffabc361212fe5c87d90,135217152,5.751560083008371,16902144,10,2
2023Q3,refit,0.0005,member_sampling,sequential,1,1,available,84220.0,512,False,3,1.118344811208739,0.9050884031869187,1.0,0.3333333333333333,0,succeeded,,a9ce7859ee78d16703fb905c1590430dfd36e1eac65bbf23983b14078e162862,4d072af9a64a45497225dd4d3013c90724a48bc747ed80cd094bd87982dc5a7b,326003401324314401701226370488522477500,512,33012,654714964f8254c5a5c05784ff512cdd00ae20d172922acb314a9d0b8e52fa31,864cf4727a2dd41d9512dd41050a084c172dc38739d005661297ff9752d5d5b5,135217152,5.76351429198985,16902144,10,1
2023Q3,refit,0.0005,member_sampling,sequential,1,2,available,96608.0,510,False,4,1.1157461079827757,0.9047955062013626,1.0,0.3263888888888889,2,succeeded,,e94ccfa7899fbd96622934077e71b74abe7162ad7521a790003ddfd5363ea753,4b61c353a24044638eb9bc3447727007345cc86fdc2003cf0c379bdf216c8a36,63337531768675299582623570931168150179,512,33012,ffcf04f0b68b928a546f1e498b49a4699dbe081aa73ccb7e8fd8cb8d3b155d61,9d0aa8e68d14a7820335de661063244c9a6c583b6831e0a5913860bc761e7b56,135217152,5.805544875009218,16902144,10,2
2023Q3,refit,0.0005,member_sampling,uniform,0,0,available,87604.0,508,False,5,1.2592004931281677,0.830327485230705,1.0,0.23244680851063831,4,succeeded,,6f9fd622214be648b3babc1ac328a75e44a81f1d240c785d1213267c2bd8da59,423a2180473799b803048363313f7cc7d08b06751cb977c6827b77c6f5db2e8c,27492540518709416569458338602676896988,512,33012,e2a6b11abbeb7ed00c9127fb90020323399668a164bd180d519b4b47a6a52075,,0,0.09058491699397564,0,0,2
2023Q3,refit,0.0005,member_sampling,uniform,0,1,available,90131.0,510,False,4,1.2313632379536452,0.8550354126713597,1.0,0.25,2,succeeded,,f312232136dd285eab2ad0fcafd859accb6721f89beed3064403aec506a824f1,ba19a00c4829f841e8b3094a7643ab1d1f53e3f6d43b9ca3eb76cd44e95c9366,90958470858957731198846729056018764383,512,33012,ba38f8de609f867ad2e2f245308836304e1179368adb990e1cc53bc275f14b13,,0,0.09027874999446794,0,0,2
2023Q3,refit,0.0005,member_sampling,uniform,0,2,available,87225.0,509,False,3,1.1718200057323016,0.8510876335982623,1.0,0.33333333333333326,3,succeeded,,291690c9b35783ba4a0ec258cca04a4e20ad64be579a21a1e25d03050b2b1225,c4a1b43eddcb58e86eb288c535ef38eeca4febbb1f552074ccc6c8a489daab6a,257718724691900437975565308545030603120,512,33012,5963f3b7fee139f99f37edcfe7a370c25f2d6ca77ea58e3f36e135770016b836,,0,0.09091212501516566,0,0,3
2023Q3,refit,0.0005,member_sampling,uniform,1,0,available,83051.0,509,False,4,1.229316925744422,0.8644140455000902,1.0,0.25,3,succeeded,,af390373e488491c0d36ebe22059e8807151859d6b29147ab75588cff47c7b52,6a179a0ea3185a0406e510ac7cf749ad55da89c56160d70a3ae93817e356578a,21814748789586370219164982041403500779,512,33012,fd702e23446a2b2d42c75e54eedc38bce9f8f042a680e9b5f907177243156421,,0,0.09124395801336505,0,0,2
2023Q3,refit,0.0005,member_sampling,uniform,1,1,available,77237.0,509,False,4,1.195890570581457,0.8644420295051548,1.0,0.25,3,succeeded,,fea99465016398f4bb2ecc08158e4b0be148aed59230b7a4da9aa2cadc7cfa88,62c5822b2bc0ed3fcc91698c72297205b5874d49697f889e00f9ebb842c36f3f,326003401324314401701226370488522477500,512,33012,30663f5426f803427768e721b91ceff008f4b4b98ff902f251751c4e3cb3e46f,,0,0.08922516700113192,0,0,2
2023Q3,refit,0.0005,member_sampling,uniform,1,2,available,93003.0,510,False,3,1.153758480909218,0.8702983822845278,1.0,0.33333333333333326,2,succeeded,,7f93ffd4a0c574acccf08855a1e13a7fe6ee32c2151b2a3584bd0a00b9b8408e,f6ac7c24f1be0f54f7e3d9065041a99c54e851e5e467d75408cb9b0502f37883,63337531768675299582623570931168150179,512,33012,0f0df22ab37fb656c837c4e400a47b6b7b2d751fe54d2e0da85c3bf92fa32d27,,0,0.09057883400237188,0,0,2
2023Q3,refit,0.001,full_population,all_events_once,,,available,354661.0,11716,False,50,7.129340412393807,0.22416056025071948,1.0,0.021908901225631137,0,,,,,,,,,,,,,,
2023Q3,refit,0.001,member_sampling,sequential,0,0,available,93966.0,508,False,4,1.1317710661303024,0.8955653310873652,1.0,0.25,4,succeeded,,100a543eef4997c7b67289b3322a02149df8b4145dddec20e76754f2846f0bab,f7735c69bf8790216af02a65951522e21cb3001a85431458e327094c71ee4426,144496401234533742334428543906095520001,512,11716,8b614181ea2e00f991fbe355e19518bb948198d2edc077d878ce904be92618c4,9bb06cbb227b08d648bf8d106ffd07c13062d1bb4d48f7e125dd211bc12f7987,47988736,1.815360666019842,5998592,8,2
2023Q3,refit,0.001,member_sampling,sequential,0,1,available,89705.0,499,False,4,1.1708265982944095,0.9075986846418518,1.0,0.25,13,succeeded,,2df0bd069783c568be12d6bd561da4a9f68da084900df825ccb336040de9a63a,5a136638263d283116152efae37a2c33fd1dc3d8f4d5ea09a0646b0c7563ac6b,78643518951984955365452746785860755209,512,11716,ae674d84bb5f0d3c2459794ffe8ff543b4b4da28c15ba3bf9ec3a18e84b0040b,d0addc77e1eda75824cd6d1ba4695abe3d3f4a01deac943e3f129fe675ae3f5f,47988736,1.8342026669997722,5998592,8,2
2023Q3,refit,0.001,member_sampling,sequential,0,2,available,92131.0,507,False,4,1.225233634715785,0.8894102817749772,1.0,0.25,5,succeeded,,ec0a486c422128928185cb9305b26153bde1e43c7fbe497ce8d849d42b3a3ac7,f3f8c0e6f71070d953f0851064fda714bf1b26157cbeb64e8bc3dca5d7d7def5,122211428909899690213472505305360208801,512,11716,1a67ae51244b21c2ba5e1d9ed5c44b12600cfb9ba257458e09e6af94f949a9e2,b846efc8db9cf74b93847bdc913e1e60883b2bde5996524b18108e256f5204b0,47988736,1.8076298749947455,5998592,8,2
2023Q3,refit,0.001,member_sampling,sequential,1,0,available,103764.0,505,False,5,1.235688678154273,0.8725496878276054,1.0,0.28214285714285714,7,succeeded,,48464acfc9ae3e75818c98f34be255e85bd8d5253780fa6fbe2ac64ed61a1670,15d1218b32e092a51da998cdd47582112bdae47829e490b8608c93cc509f1089,327660718968766200397485050597333700954,512,11716,2b2f0277902c320e2f761703ea6ccc207ad4f543919518b5023be937f14d9d4f,dae1f3414645158f7355ff58f3bc08a7f74c4f025f19bbb5afd30a04a988da8f,47988736,1.8154134580108803,5998592,8,2
2023Q3,refit,0.001,member_sampling,sequential,1,1,available,81851.0,510,False,3,1.1407435461998021,0.901686922409054,1.0,0.3333333333333333,2,succeeded,,f47aadaddb4dcb11f2faca8f0eb3f5160b81274186ebddf16627044d010a48df,e72a6c4192b681751472d463572fc79129ebe458c56461dd29af5531dbc3b574,145917354043622952360803348145702214528,512,11716,e447036fba7d8d4770335ac129740bc359e934ac71d840df066a07703917086f,448d695f55e0b471eabae7d26f7414941b27cbd65699c8dfe392455305fb2e8c,47988736,1.8108714160043746,5998592,8,2
2023Q3,refit,0.001,member_sampling,sequential,1,2,available,94308.0,507,False,5,1.1472303516138609,0.8892562400285923,1.0,0.2,5,succeeded,,cc2871e93efe040d4263040e241f470479ba7006fde1ae3fc1007214f3b393ae,ce2b753d1d367e0abb4575c49abe4942ae2f2d7e55f46fb180a6823ee88c3280,106713872942749308961227673275859036615,512,11716,2eb7f15fdc586948b2651ada8e88c72cdea61bd49e2cfa923d2c44b2fdff7bfa,6a68bd54c065c8f1cfc62e632ab1717dc19fe92e8c2a52212a220d7c437aaec9,47988736,1.8120067919953726,5998592,8,2
2023Q3,refit,0.001,member_sampling,uniform,0,0,available,92566.0,500,False,4,1.2986193634811918,0.8357674047741535,1.0,0.25,12,succeeded,,f62a75fe5d8d3f0890c3e8a42313e03a585d0bc2da6184713ddab252c53e507c,73b5b9ab5d97262aa17a82c984c257caa48914ac64a6026a4ead70acdcab0873,144496401234533742334428543906095520001,512,11716,e685d17adce35829ae82976559fd81bafb2636c19903f024cc6c7fe8d186fed6,,0,0.03384008299326524,0,0,3
2023Q3,refit,0.001,member_sampling,uniform,0,1,available,85663.0,502,False,4,1.4035698025985548,0.8075638260177889,1.0,0.25,10,succeeded,,d7641881204b641573d6bdd2b56945ae1b037237dbf8fbe7e5cc7fa656eb56b8,26c0049fcbcce81764edcd67efa4381c9c4c3028a28482d125e936ca2d8bfb2b,78643518951984955365452746785860755209,512,11716,75e86f0ce9ffc6ffd671cc71e9e9ef1a4af94f3896bf59b0b25f0fd930a8a1df,,0,0.033516916999360546,0,0,2
2023Q3,refit,0.001,member_sampling,uniform,0,2,available,80483.0,501,False,7,1.3278829069492937,0.8319536384656729,1.0,0.15027322404371585,11,succeeded,,25bdfccfd58c14a1e2b52a4bea3d3eadefc9004b2c123fc4d4c91446fac5b2c6,80ed3e570b9a99cc8a68b267a6434139e6f70822a3243298e181952dae705517,122211428909899690213472505305360208801,512,11716,0eef8353add58103a3504215f701fa1aa3d655097889bd386cd344cf2a8ae2db,,0,0.03432004200294614,0,0,2
2023Q3,refit,0.001,member_sampling,uniform,1,0,available,85409.0,502,False,5,1.296935920102097,0.8510100251878394,1.0,0.25,10,succeeded,,aa011aeed55f5146490b0bee531ab9390d05c9ea21222ae3b6a2642093fa1334,2ff80c569f5dfb268a8b8aef0456674195f3d903bfc51103fb9f4dbb7fe17a4b,327660718968766200397485050597333700954,512,11716,fb29a4f0d7226d36d14b3c62fe3fac729a85bca5835b2800f1ec163495feb6b5,,0,0.03387079099775292,0,0,2
2023Q3,refit,0.001,member_sampling,uniform,1,1,available,85990.0,503,False,5,1.265414583091057,0.8602940253592801,1.0,0.2,9,succeeded,,8c80f3b7742caaabb65c9e46502b9adafe693dbcedc62ea11157ac0266215b93,8ed2d5ef9d68e94e95816b5cb216922fc5906549e5ecedf8ef554cb74b067473,145917354043622952360803348145702214528,512,11716,c289cdb5514bb5b5ac47f025c8dc33462d58deee8fb339f4df08f0fea70922d8,,0,0.033121083019068465,0,0,2
2023Q3,refit,0.001,member_sampling,uniform,1,2,available,80755.0,502,False,4,1.2214599715187915,0.8564974848850956,1.0,0.25,10,succeeded,,bd7fa4286b299d4d8b73ec29c4565e61cc3de8b98bffbd067552a80ff728ba73,f5b83436fe4dea08f52d6a32e05126820a4bf3c0e76193c017bb23fc9e45c9f2,106713872942749308961227673275859036615,512,11716,5b7ade1ee9b17670f3fb7fe2e12e924a57f5e278170f7aac2d04a4d82fb65be0,,0,0.03355266700964421,0,0,2
2023Q3,refit,temporal,full_population,all_events_once,,,available,366767.0,355999,False,650,167.74244138649334,0.008803574085392238,1.0,0.0015408344881037914,0,,,,,,,,,,,,,,
2023Q3,refit,temporal,member_sampling,sequential,0,0,available,80731.0,510,False,3,1.1417299426490444,0.9105044012483973,1.0,0.33333333333333326,2,succeeded,,c2629a58e5beacb10857ebed3ee2faf85cf889231dcb264fce6b39115082e7fc,942d94ddad98e3156004eaba887f11ba33a42e885dde8a04fdce3ad6d8dca432,191603857449095521678705925133761271114,512,355999,25fb7eb76054e839f8d50e52a63dce66504588e92cec9c0a26164d2de41f5f9d,27b50c72cc9b23d4f1f6cba33e8f5e4e1c95503c5521dfd7de5e8858153a4de8,1458171904,58.47286158299539,182271488,13,2
2023Q3,refit,temporal,member_sampling,sequential,0,1,available,78228.0,512,False,3,1.0843815513626835,0.9222477211680007,1.0,0.33333333333333326,0,succeeded,,b2dfb68794b302d912f1490ff1b42f7269e51e33206f1f8a6527f77230ff4ebc,81589a199bd9d11ebe03774d09e0cfb456aa94e5d2d4ce960b7fe7b0a33064b9,102621070952047401463389200405103389513,512,355999,978156bb55e22492b9794b43313aca3525ce1197082a599f958f5d454edaf6c7,d3163712ba89768420a40729cd9374da2fc72b493c9d99f2bb564dba66668b72,1458171904,57.26829729200108,182271488,13,1
2023Q3,refit,temporal,member_sampling,sequential,0,2,available,86267.0,512,False,3,1.106796341590643,0.910755879396867,1.0,0.3333333333333333,0,succeeded,,f795e6755ce2fba81ef0803d5eed4f7eec6877e985e739eecd37ac8032e4fe10,ebb6a8c9b9e48185811b3709515fb794bec5e2360577fd4e61397a76f9d5c251,284347670670973432219070790656051556134,512,355999,019e24ca3f56e47bc250f4931d0fe3520fa2f4abc6b915e653a5c70ae8fb6d72,d4e545be5764c6c826eace687a85e354b59914737823232c610bcec931c6062a,1458171904,56.83813987500616,182271488,13,1
2023Q3,refit,temporal,member_sampling,sequential,1,0,available,77694.0,512,False,3,1.088912914768193,0.9208802323598427,1.0,0.33333333333333326,0,succeeded,,f9a18e63a51ac660e4bb04f54f5206962f6cd3608e20eb76951d3267a69cf45c,27538dc62e2206562fa35984b3aae2622c6be4dfe3b70e07a01bdac678c70085,289846509915186216537841716069183441135,512,355999,0e9fb0503232e1e4d0da3fdde37099fb9b2341de84671932dcb5725e4717ed75,a1b5c40617e47f58a770c585fddb56f944d0a79e4a8dd3a0ccf01b251816b504,1458171904,71.45507858402561,182271488,13,1
2023Q3,refit,temporal,member_sampling,sequential,1,1,available,68833.0,512,False,4,1.0952014295468744,0.9212674776530863,1.0,0.2916666666666667,0,succeeded,,42d1e75f39ad9d21afde219b953ddabaa31b9c316213aff2bb2834d40bdff4b9,2fe390daf012e65ca2e14d49907ab15e7851c18bebaae1b82e87af1f05e38486,3002175170422779276682001014596408858,512,355999,45efd7b7fbaef1ab4ec3acaab5169be534285b774e86ca9f4702e9b1bc9f5dfc,86eda3307061d2b486a9a6fdaceb6533501523b3adc0604063b67e31a814c59f,1458171904,58.000744916003896,182271488,13,1
2023Q3,refit,temporal,member_sampling,sequential,1,2,available,81279.0,512,False,3,1.128889381020928,0.9123399692841156,1.0,0.3333333333333333,0,succeeded,,022eb7566c4505deeaa37131b22c7f54afe5af24d39ca4a9f318fa7365e9e0c2,214fdf1935020c9669c16487a952609f0d60e7dbd333a362d18217bda9ebe427,115795175544591023627247783533351417340,512,355999,e1be098d798f44b290d68d6678c352359c91063ac1fc05f2565cb4bdbeebc619,c06af017115b06cc1631660afd8ea42cb984d5cc00c6ccf7b2871e9d69fbab39,1458171904,58.430641415994614,182271488,13,1
2023Q3,refit,temporal,member_sampling,uniform,0,0,available,71822.0,510,False,3,1.1544512823368884,0.8690912460331619,1.0,0.33333333333333326,2,succeeded,,1971b9ec9661e36becf9ad17a4d72e705634771b48662972b5986a1cdf0c5b17,6b5224d655015dc9ba8534e34f6c115af322dd49d60edc7a266a7a99f07d5ee3,191603857449095521678705925133761271114,512,355999,568b1c8be1176b672368ec0606590e2d9d71572e0fc1b4c139a4a6410dcd36f4,,0,0.9240441660222132,0,0,2
2023Q3,refit,temporal,member_sampling,uniform,0,1,available,70479.0,512,False,4,1.1592389222321542,0.897143288298093,1.0,0.25036390101892286,0,succeeded,,e2bcb2e416cca390c1a72b5c0d08506f63fe9b2f2f72efc1e28bb26b2d749c1e,5ff00aa32c81f5b2cc7e1b1d22aa3d8ec0952140447790e5d6bbb24da3d42de6,102621070952047401463389200405103389513,512,355999,04808bcde1d09da7dae399fa9d49ff586523a9dda970ad7ac0a246d4d053d4af,,0,0.9563857080065645,0,0,1
2023Q3,refit,temporal,member_sampling,uniform,0,2,available,64703.0,512,False,4,1.1276756873715283,0.8957158827012772,1.0,0.25,0,succeeded,,a6ab4eebaf041bc15dde8f3cb3ea7b775287d7f0ffc1f5e266c9bd15faafeb08,376782609150a50280b84f64b1d9bead2a91272ea6fa97ad6314b4d08f19e61e,284347670670973432219070790656051556134,512,355999,00fa9f71c83e06680523d0a173cc74b62378a9be688e761faa25de4e637042ee,,0,0.9492343330057338,0,0,1
2023Q3,refit,temporal,member_sampling,uniform,1,0,available,73548.0,512,False,3,1.1221651166585087,0.8798301564611153,1.0,0.33333333333333326,0,succeeded,,927ab2807ee7ec821d19895db10eda9f70e22f5247b805597c1a9c87ee67eccf,ddffea6ee6831f87dfa877b4d1565b24593b8d9e3396727fe080c69d53092380,289846509915186216537841716069183441135,512,355999,36cc37cf62c4c8d63d9f456d23c3311a9cae0c9970f4da8842941c6871bceaa8,,0,0.9170640000083949,0,0,1
2023Q3,refit,temporal,member_sampling,uniform,1,1,available,75169.0,512,False,4,1.182668387234099,0.8674019491107376,1.0,0.25,0,succeeded,,f4c315bee1a1ab3c3571e93651d15149c6667b35ea84a0e3a6c71e8175865994,ad889d54460dd139b6de5cc86124ae7cf1a7422e4a27d8d15df2132184492b8b,3002175170422779276682001014596408858,512,355999,7a2dbd0710ce6ab4542a2617a6900e82560b7dfda50bab6a03582e7e57571873,,0,0.9181260420009494,0,0,1
2023Q3,refit,temporal,member_sampling,uniform,1,2,available,80044.0,512,False,4,1.1748913097796212,0.875788274530291,1.0,0.25,0,succeeded,,68bcec1778c7428f2a6f783c32212437e2a5324fe8dedc75b5e5494508344dcc,537b23a3152f77c6577e02feef5bb92cfd3238c8cf533f788ba71dd18d44639d,115795175544591023627247783533351417340,512,355999,ac20697a7a142e4ac9b8a3888650ad1bccdc91c18a75e3ed056e81eade539e50,,0,0.9225826660112944,0,0,1
2023Q4,inner,0.0005,full_population,all_events_once,,,available,364767.0,33012,False,116,19.00774466988516,0.08578054429763046,1.0,0.008855342621607124,0,,,,,,,,,,,,,,
2023Q4,inner,0.0005,member_sampling,sequential,0,0,available,82932.0,509,False,3,1.1564293638161385,0.8902170475169893,1.0,0.33333333333333326,3,succeeded,,fbc8c81396816d42e964f9802153261a2b6e34e890d1116df7e7b17f1367c54b,a7f37c52e92469a9b5d08971866b435a502504edd0731e0783217990b6b476dc,27492540518709416569458338602676896988,512,33012,6bb3c9a795494699a4a9493be89af85bf0b3e186e5c2bbcdebca0053fe8232a2,6bd35b1ec78eb4871416b39cca7252e84c51d5e2fc6978d49fde720da6970d8f,135217152,5.774875165981939,16902144,10,2
2023Q4,inner,0.0005,member_sampling,sequential,0,1,available,108442.0,511,False,4,1.2254938123605246,0.8772967427815164,1.0,0.25,1,succeeded,,45c164299b7453c88f15e0da048411c222ea7aa33f4f4e61f32466ba34f21bae,a02ac2a288105bde6eeafe8e1450a60fb6a344b0178d4a3cfd8980f8e7932b0d,90958470858957731198846729056018764383,512,33012,16d942afe66de3e4d40bce907adf213e5da6459fd1485b114fad454dfb9c2d6a,84b9d6bfae51a63ee97cc1e0ad586f6493a4932be574f15b1d4fa699ac1d7716,135217152,5.877150957996491,16902144,10,2
2023Q4,inner,0.0005,member_sampling,sequential,0,2,available,83189.0,508,False,4,1.2070946879996154,0.8948915997135152,1.0,0.25,4,succeeded,,544298f6f4e9afb03afbd1c97e9a3ccc206077311c43443ea7d732f4f2ca149b,4addc22d53afd8642bf74e9bc876a99a9c8e8a888ca0e1bfdd8c8fe202a2874c,257718724691900437975565308545030603120,512,33012,0fe7f8b9165fea127bffd8021c99972f3aaa75230a7893293e20d1b6e52e839a,f1ff3d08610a705f4cf9e3cc3a80beab22234ae9c8a490667788a60401ffecfe,135217152,5.829794290999416,16902144,10,2
2023Q4,inner,0.0005,member_sampling,sequential,1,0,available,96342.0,510,False,4,1.1648190820203026,0.8974391407882383,1.0,0.25,2,succeeded,,d3766baa389d56bd2b9488cbbb278c5bce44e13077c1a2238e2cbbf6a0772ab9,3e4e9fae6c0852806e45fc58001626403d6b6e4812c9f0c1fff4a155d7ba10c4,21814748789586370219164982041403500779,512,33012,bb4bf8d31f11f50e021f40119398de4b7e3a8d5ac3eac3f8a4109c0a11ae9977,2fcee12f643bb439059f322d3e5c0f61759fbe32326fffabc361212fe5c87d90,135217152,5.751560083008371,16902144,10,2
2023Q4,inner,0.0005,member_sampling,sequential,1,1,available,84220.0,512,False,3,1.118344811208739,0.9050884031869187,1.0,0.3333333333333333,0,succeeded,,a9ce7859ee78d16703fb905c1590430dfd36e1eac65bbf23983b14078e162862,4d072af9a64a45497225dd4d3013c90724a48bc747ed80cd094bd87982dc5a7b,326003401324314401701226370488522477500,512,33012,654714964f8254c5a5c05784ff512cdd00ae20d172922acb314a9d0b8e52fa31,864cf4727a2dd41d9512dd41050a084c172dc38739d005661297ff9752d5d5b5,135217152,5.76351429198985,16902144,10,1
2023Q4,inner,0.0005,member_sampling,sequential,1,2,available,96608.0,510,False,4,1.1157461079827757,0.9047955062013626,1.0,0.3263888888888889,2,succeeded,,e94ccfa7899fbd96622934077e71b74abe7162ad7521a790003ddfd5363ea753,4b61c353a24044638eb9bc3447727007345cc86fdc2003cf0c379bdf216c8a36,63337531768675299582623570931168150179,512,33012,ffcf04f0b68b928a546f1e498b49a4699dbe081aa73ccb7e8fd8cb8d3b155d61,9d0aa8e68d14a7820335de661063244c9a6c583b6831e0a5913860bc761e7b56,135217152,5.805544875009218,16902144,10,2
2023Q4,inner,0.0005,member_sampling,uniform,0,0,available,87604.0,508,False,5,1.2592004931281677,0.830327485230705,1.0,0.23244680851063831,4,succeeded,,6f9fd622214be648b3babc1ac328a75e44a81f1d240c785d1213267c2bd8da59,423a2180473799b803048363313f7cc7d08b06751cb977c6827b77c6f5db2e8c,27492540518709416569458338602676896988,512,33012,e2a6b11abbeb7ed00c9127fb90020323399668a164bd180d519b4b47a6a52075,,0,0.09058491699397564,0,0,2
2023Q4,inner,0.0005,member_sampling,uniform,0,1,available,90131.0,510,False,4,1.2313632379536452,0.8550354126713597,1.0,0.25,2,succeeded,,f312232136dd285eab2ad0fcafd859accb6721f89beed3064403aec506a824f1,ba19a00c4829f841e8b3094a7643ab1d1f53e3f6d43b9ca3eb76cd44e95c9366,90958470858957731198846729056018764383,512,33012,ba38f8de609f867ad2e2f245308836304e1179368adb990e1cc53bc275f14b13,,0,0.09027874999446794,0,0,2
2023Q4,inner,0.0005,member_sampling,uniform,0,2,available,87225.0,509,False,3,1.1718200057323016,0.8510876335982623,1.0,0.33333333333333326,3,succeeded,,291690c9b35783ba4a0ec258cca04a4e20ad64be579a21a1e25d03050b2b1225,c4a1b43eddcb58e86eb288c535ef38eeca4febbb1f552074ccc6c8a489daab6a,257718724691900437975565308545030603120,512,33012,5963f3b7fee139f99f37edcfe7a370c25f2d6ca77ea58e3f36e135770016b836,,0,0.09091212501516566,0,0,3
2023Q4,inner,0.0005,member_sampling,uniform,1,0,available,83051.0,509,False,4,1.229316925744422,0.8644140455000902,1.0,0.25,3,succeeded,,af390373e488491c0d36ebe22059e8807151859d6b29147ab75588cff47c7b52,6a179a0ea3185a0406e510ac7cf749ad55da89c56160d70a3ae93817e356578a,21814748789586370219164982041403500779,512,33012,fd702e23446a2b2d42c75e54eedc38bce9f8f042a680e9b5f907177243156421,,0,0.09124395801336505,0,0,2
2023Q4,inner,0.0005,member_sampling,uniform,1,1,available,77237.0,509,False,4,1.195890570581457,0.8644420295051548,1.0,0.25,3,succeeded,,fea99465016398f4bb2ecc08158e4b0be148aed59230b7a4da9aa2cadc7cfa88,62c5822b2bc0ed3fcc91698c72297205b5874d49697f889e00f9ebb842c36f3f,326003401324314401701226370488522477500,512,33012,30663f5426f803427768e721b91ceff008f4b4b98ff902f251751c4e3cb3e46f,,0,0.08922516700113192,0,0,2
2023Q4,inner,0.0005,member_sampling,uniform,1,2,available,93003.0,510,False,3,1.153758480909218,0.8702983822845278,1.0,0.33333333333333326,2,succeeded,,7f93ffd4a0c574acccf08855a1e13a7fe6ee32c2151b2a3584bd0a00b9b8408e,f6ac7c24f1be0f54f7e3d9065041a99c54e851e5e467d75408cb9b0502f37883,63337531768675299582623570931168150179,512,33012,0f0df22ab37fb656c837c4e400a47b6b7b2d751fe54d2e0da85c3bf92fa32d27,,0,0.09057883400237188,0,0,2
2023Q4,inner,0.001,full_population,all_events_once,,,available,354661.0,11716,False,50,7.129340412393807,0.22416056025071948,1.0,0.021908901225631137,0,,,,,,,,,,,,,,
2023Q4,inner,0.001,member_sampling,sequential,0,0,available,93966.0,508,False,4,1.1317710661303024,0.8955653310873652,1.0,0.25,4,succeeded,,100a543eef4997c7b67289b3322a02149df8b4145dddec20e76754f2846f0bab,f7735c69bf8790216af02a65951522e21cb3001a85431458e327094c71ee4426,144496401234533742334428543906095520001,512,11716,8b614181ea2e00f991fbe355e19518bb948198d2edc077d878ce904be92618c4,9bb06cbb227b08d648bf8d106ffd07c13062d1bb4d48f7e125dd211bc12f7987,47988736,1.815360666019842,5998592,8,2
2023Q4,inner,0.001,member_sampling,sequential,0,1,available,89705.0,499,False,4,1.1708265982944095,0.9075986846418518,1.0,0.25,13,succeeded,,2df0bd069783c568be12d6bd561da4a9f68da084900df825ccb336040de9a63a,5a136638263d283116152efae37a2c33fd1dc3d8f4d5ea09a0646b0c7563ac6b,78643518951984955365452746785860755209,512,11716,ae674d84bb5f0d3c2459794ffe8ff543b4b4da28c15ba3bf9ec3a18e84b0040b,d0addc77e1eda75824cd6d1ba4695abe3d3f4a01deac943e3f129fe675ae3f5f,47988736,1.8342026669997722,5998592,8,2
2023Q4,inner,0.001,member_sampling,sequential,0,2,available,92131.0,507,False,4,1.225233634715785,0.8894102817749772,1.0,0.25,5,succeeded,,ec0a486c422128928185cb9305b26153bde1e43c7fbe497ce8d849d42b3a3ac7,f3f8c0e6f71070d953f0851064fda714bf1b26157cbeb64e8bc3dca5d7d7def5,122211428909899690213472505305360208801,512,11716,1a67ae51244b21c2ba5e1d9ed5c44b12600cfb9ba257458e09e6af94f949a9e2,b846efc8db9cf74b93847bdc913e1e60883b2bde5996524b18108e256f5204b0,47988736,1.8076298749947455,5998592,8,2
2023Q4,inner,0.001,member_sampling,sequential,1,0,available,103764.0,505,False,5,1.235688678154273,0.8725496878276054,1.0,0.28214285714285714,7,succeeded,,48464acfc9ae3e75818c98f34be255e85bd8d5253780fa6fbe2ac64ed61a1670,15d1218b32e092a51da998cdd47582112bdae47829e490b8608c93cc509f1089,327660718968766200397485050597333700954,512,11716,2b2f0277902c320e2f761703ea6ccc207ad4f543919518b5023be937f14d9d4f,dae1f3414645158f7355ff58f3bc08a7f74c4f025f19bbb5afd30a04a988da8f,47988736,1.8154134580108803,5998592,8,2
2023Q4,inner,0.001,member_sampling,sequential,1,1,available,81851.0,510,False,3,1.1407435461998021,0.901686922409054,1.0,0.3333333333333333,2,succeeded,,f47aadaddb4dcb11f2faca8f0eb3f5160b81274186ebddf16627044d010a48df,e72a6c4192b681751472d463572fc79129ebe458c56461dd29af5531dbc3b574,145917354043622952360803348145702214528,512,11716,e447036fba7d8d4770335ac129740bc359e934ac71d840df066a07703917086f,448d695f55e0b471eabae7d26f7414941b27cbd65699c8dfe392455305fb2e8c,47988736,1.8108714160043746,5998592,8,2
2023Q4,inner,0.001,member_sampling,sequential,1,2,available,94308.0,507,False,5,1.1472303516138609,0.8892562400285923,1.0,0.2,5,succeeded,,cc2871e93efe040d4263040e241f470479ba7006fde1ae3fc1007214f3b393ae,ce2b753d1d367e0abb4575c49abe4942ae2f2d7e55f46fb180a6823ee88c3280,106713872942749308961227673275859036615,512,11716,2eb7f15fdc586948b2651ada8e88c72cdea61bd49e2cfa923d2c44b2fdff7bfa,6a68bd54c065c8f1cfc62e632ab1717dc19fe92e8c2a52212a220d7c437aaec9,47988736,1.8120067919953726,5998592,8,2
2023Q4,inner,0.001,member_sampling,uniform,0,0,available,92566.0,500,False,4,1.2986193634811918,0.8357674047741535,1.0,0.25,12,succeeded,,f62a75fe5d8d3f0890c3e8a42313e03a585d0bc2da6184713ddab252c53e507c,73b5b9ab5d97262aa17a82c984c257caa48914ac64a6026a4ead70acdcab0873,144496401234533742334428543906095520001,512,11716,e685d17adce35829ae82976559fd81bafb2636c19903f024cc6c7fe8d186fed6,,0,0.03384008299326524,0,0,3
2023Q4,inner,0.001,member_sampling,uniform,0,1,available,85663.0,502,False,4,1.4035698025985548,0.8075638260177889,1.0,0.25,10,succeeded,,d7641881204b641573d6bdd2b56945ae1b037237dbf8fbe7e5cc7fa656eb56b8,26c0049fcbcce81764edcd67efa4381c9c4c3028a28482d125e936ca2d8bfb2b,78643518951984955365452746785860755209,512,11716,75e86f0ce9ffc6ffd671cc71e9e9ef1a4af94f3896bf59b0b25f0fd930a8a1df,,0,0.033516916999360546,0,0,2
2023Q4,inner,0.001,member_sampling,uniform,0,2,available,80483.0,501,False,7,1.3278829069492937,0.8319536384656729,1.0,0.15027322404371585,11,succeeded,,25bdfccfd58c14a1e2b52a4bea3d3eadefc9004b2c123fc4d4c91446fac5b2c6,80ed3e570b9a99cc8a68b267a6434139e6f70822a3243298e181952dae705517,122211428909899690213472505305360208801,512,11716,0eef8353add58103a3504215f701fa1aa3d655097889bd386cd344cf2a8ae2db,,0,0.03432004200294614,0,0,2
2023Q4,inner,0.001,member_sampling,uniform,1,0,available,85409.0,502,False,5,1.296935920102097,0.8510100251878394,1.0,0.25,10,succeeded,,aa011aeed55f5146490b0bee531ab9390d05c9ea21222ae3b6a2642093fa1334,2ff80c569f5dfb268a8b8aef0456674195f3d903bfc51103fb9f4dbb7fe17a4b,327660718968766200397485050597333700954,512,11716,fb29a4f0d7226d36d14b3c62fe3fac729a85bca5835b2800f1ec163495feb6b5,,0,0.03387079099775292,0,0,2
2023Q4,inner,0.001,member_sampling,uniform,1,1,available,85990.0,503,False,5,1.265414583091057,0.8602940253592801,1.0,0.2,9,succeeded,,8c80f3b7742caaabb65c9e46502b9adafe693dbcedc62ea11157ac0266215b93,8ed2d5ef9d68e94e95816b5cb216922fc5906549e5ecedf8ef554cb74b067473,145917354043622952360803348145702214528,512,11716,c289cdb5514bb5b5ac47f025c8dc33462d58deee8fb339f4df08f0fea70922d8,,0,0.033121083019068465,0,0,2
2023Q4,inner,0.001,member_sampling,uniform,1,2,available,80755.0,502,False,4,1.2214599715187915,0.8564974848850956,1.0,0.25,10,succeeded,,bd7fa4286b299d4d8b73ec29c4565e61cc3de8b98bffbd067552a80ff728ba73,f5b83436fe4dea08f52d6a32e05126820a4bf3c0e76193c017bb23fc9e45c9f2,106713872942749308961227673275859036615,512,11716,5b7ade1ee9b17670f3fb7fe2e12e924a57f5e278170f7aac2d04a4d82fb65be0,,0,0.03355266700964421,0,0,2
2023Q4,inner,temporal,full_population,all_events_once,,,available,366767.0,355999,False,650,167.74244138649334,0.008803574085392238,1.0,0.0015408344881037914,0,,,,,,,,,,,,,,
2023Q4,inner,temporal,member_sampling,sequential,0,0,available,80731.0,510,False,3,1.1417299426490444,0.9105044012483973,1.0,0.33333333333333326,2,succeeded,,c2629a58e5beacb10857ebed3ee2faf85cf889231dcb264fce6b39115082e7fc,942d94ddad98e3156004eaba887f11ba33a42e885dde8a04fdce3ad6d8dca432,191603857449095521678705925133761271114,512,355999,25fb7eb76054e839f8d50e52a63dce66504588e92cec9c0a26164d2de41f5f9d,27b50c72cc9b23d4f1f6cba33e8f5e4e1c95503c5521dfd7de5e8858153a4de8,1458171904,58.47286158299539,182271488,13,2
2023Q4,inner,temporal,member_sampling,sequential,0,1,available,78228.0,512,False,3,1.0843815513626835,0.9222477211680007,1.0,0.33333333333333326,0,succeeded,,b2dfb68794b302d912f1490ff1b42f7269e51e33206f1f8a6527f77230ff4ebc,81589a199bd9d11ebe03774d09e0cfb456aa94e5d2d4ce960b7fe7b0a33064b9,102621070952047401463389200405103389513,512,355999,978156bb55e22492b9794b43313aca3525ce1197082a599f958f5d454edaf6c7,d3163712ba89768420a40729cd9374da2fc72b493c9d99f2bb564dba66668b72,1458171904,57.26829729200108,182271488,13,1
2023Q4,inner,temporal,member_sampling,sequential,0,2,available,86267.0,512,False,3,1.106796341590643,0.910755879396867,1.0,0.3333333333333333,0,succeeded,,f795e6755ce2fba81ef0803d5eed4f7eec6877e985e739eecd37ac8032e4fe10,ebb6a8c9b9e48185811b3709515fb794bec5e2360577fd4e61397a76f9d5c251,284347670670973432219070790656051556134,512,355999,019e24ca3f56e47bc250f4931d0fe3520fa2f4abc6b915e653a5c70ae8fb6d72,d4e545be5764c6c826eace687a85e354b59914737823232c610bcec931c6062a,1458171904,56.83813987500616,182271488,13,1
2023Q4,inner,temporal,member_sampling,sequential,1,0,available,77694.0,512,False,3,1.088912914768193,0.9208802323598427,1.0,0.33333333333333326,0,succeeded,,f9a18e63a51ac660e4bb04f54f5206962f6cd3608e20eb76951d3267a69cf45c,27538dc62e2206562fa35984b3aae2622c6be4dfe3b70e07a01bdac678c70085,289846509915186216537841716069183441135,512,355999,0e9fb0503232e1e4d0da3fdde37099fb9b2341de84671932dcb5725e4717ed75,a1b5c40617e47f58a770c585fddb56f944d0a79e4a8dd3a0ccf01b251816b504,1458171904,71.45507858402561,182271488,13,1
2023Q4,inner,temporal,member_sampling,sequential,1,1,available,68833.0,512,False,4,1.0952014295468744,0.9212674776530863,1.0,0.2916666666666667,0,succeeded,,42d1e75f39ad9d21afde219b953ddabaa31b9c316213aff2bb2834d40bdff4b9,2fe390daf012e65ca2e14d49907ab15e7851c18bebaae1b82e87af1f05e38486,3002175170422779276682001014596408858,512,355999,45efd7b7fbaef1ab4ec3acaab5169be534285b774e86ca9f4702e9b1bc9f5dfc,86eda3307061d2b486a9a6fdaceb6533501523b3adc0604063b67e31a814c59f,1458171904,58.000744916003896,182271488,13,1
2023Q4,inner,temporal,member_sampling,sequential,1,2,available,81279.0,512,False,3,1.128889381020928,0.9123399692841156,1.0,0.3333333333333333,0,succeeded,,022eb7566c4505deeaa37131b22c7f54afe5af24d39ca4a9f318fa7365e9e0c2,214fdf1935020c9669c16487a952609f0d60e7dbd333a362d18217bda9ebe427,115795175544591023627247783533351417340,512,355999,e1be098d798f44b290d68d6678c352359c91063ac1fc05f2565cb4bdbeebc619,c06af017115b06cc1631660afd8ea42cb984d5cc00c6ccf7b2871e9d69fbab39,1458171904,58.430641415994614,182271488,13,1
2023Q4,inner,temporal,member_sampling,uniform,0,0,available,71822.0,510,False,3,1.1544512823368884,0.8690912460331619,1.0,0.33333333333333326,2,succeeded,,1971b9ec9661e36becf9ad17a4d72e705634771b48662972b5986a1cdf0c5b17,6b5224d655015dc9ba8534e34f6c115af322dd49d60edc7a266a7a99f07d5ee3,191603857449095521678705925133761271114,512,355999,568b1c8be1176b672368ec0606590e2d9d71572e0fc1b4c139a4a6410dcd36f4,,0,0.9240441660222132,0,0,2
2023Q4,inner,temporal,member_sampling,uniform,0,1,available,70479.0,512,False,4,1.1592389222321542,0.897143288298093,1.0,0.25036390101892286,0,succeeded,,e2bcb2e416cca390c1a72b5c0d08506f63fe9b2f2f72efc1e28bb26b2d749c1e,5ff00aa32c81f5b2cc7e1b1d22aa3d8ec0952140447790e5d6bbb24da3d42de6,102621070952047401463389200405103389513,512,355999,04808bcde1d09da7dae399fa9d49ff586523a9dda970ad7ac0a246d4d053d4af,,0,0.9563857080065645,0,0,1
2023Q4,inner,temporal,member_sampling,uniform,0,2,available,64703.0,512,False,4,1.1276756873715283,0.8957158827012772,1.0,0.25,0,succeeded,,a6ab4eebaf041bc15dde8f3cb3ea7b775287d7f0ffc1f5e266c9bd15faafeb08,376782609150a50280b84f64b1d9bead2a91272ea6fa97ad6314b4d08f19e61e,284347670670973432219070790656051556134,512,355999,00fa9f71c83e06680523d0a173cc74b62378a9be688e761faa25de4e637042ee,,0,0.9492343330057338,0,0,1
2023Q4,inner,temporal,member_sampling,uniform,1,0,available,73548.0,512,False,3,1.1221651166585087,0.8798301564611153,1.0,0.33333333333333326,0,succeeded,,927ab2807ee7ec821d19895db10eda9f70e22f5247b805597c1a9c87ee67eccf,ddffea6ee6831f87dfa877b4d1565b24593b8d9e3396727fe080c69d53092380,289846509915186216537841716069183441135,512,355999,36cc37cf62c4c8d63d9f456d23c3311a9cae0c9970f4da8842941c6871bceaa8,,0,0.9170640000083949,0,0,1
2023Q4,inner,temporal,member_sampling,uniform,1,1,available,75169.0,512,False,4,1.182668387234099,0.8674019491107376,1.0,0.25,0,succeeded,,f4c315bee1a1ab3c3571e93651d15149c6667b35ea84a0e3a6c71e8175865994,ad889d54460dd139b6de5cc86124ae7cf1a7422e4a27d8d15df2132184492b8b,3002175170422779276682001014596408858,512,355999,7a2dbd0710ce6ab4542a2617a6900e82560b7dfda50bab6a03582e7e57571873,,0,0.9181260420009494,0,0,1
2023Q4,inner,temporal,member_sampling,uniform,1,2,available,80044.0,512,False,4,1.1748913097796212,0.875788274530291,1.0,0.25,0,succeeded,,68bcec1778c7428f2a6f783c32212437e2a5324fe8dedc75b5e5494508344dcc,537b23a3152f77c6577e02feef5bb92cfd3238c8cf533f788ba71dd18d44639d,115795175544591023627247783533351417340,512,355999,ac20697a7a142e4ac9b8a3888650ad1bccdc91c18a75e3ed056e81eade539e50,,0,0.9225826660112944,0,0,1
2023Q4,refit,0.0005,full_population,all_events_once,,,available,407552.0,35157,False,116,17.938574709484925,0.09237570022929324,1.0,0.008855342621607124,0,,,,,,,,,,,,,,
2023Q4,refit,0.0005,member_sampling,sequential,0,0,available,91352.0,508,False,4,1.1619559506086348,0.9205447537009903,1.0,0.3333333333333333,4,succeeded,,82367551439fc10dc36127048ea5a3010e883a35f4b20b091d33cfd98f7f567f,a00d383ba38cfcd81ab796d9dddc7c26052c1fe8763418319545ddf3cbbdf17d,244706477932239222170867367022722567910,512,35157,5d60e41fbdf0631aa7d8a6c2ada6708cc6f5346fcfcffb074ec0fcf9a874367d,79c67380b9475c4bc8dcf95d4bc5ff552ea2aa070cd6991ce477906a0b62636c,144003072,5.9935714160092175,18000384,10,2
2023Q4,refit,0.0005,member_sampling,sequential,0,1,available,95256.0,510,False,3,1.1136096413874192,0.9216329045761347,1.0,0.3333333333333333,2,succeeded,,1e1e4c26d9b4e6475baf1441fabb1a7469bbcaf66f1b4972c328740e56ed4c68,c21c94035a836b9235e78f29d14d54e5bd2503a7bb6ec79723af5fb14c034e73,38650927935678990234500799364850263409,512,35157,f0f3370620162108ce2d80f3b558ada9a78cb0874ef5c228766fb0be63a79fed,fbeaa7434699062c19d16c6de2112d9e677b32aed6bb10e3028f941c44971a8c,144003072,5.979141249990789,18000384,10,2
2023Q4,refit,0.0005,member_sampling,sequential,0,2,available,95750.0,508,False,4,1.1981932114882508,0.8812616393251005,1.0,0.2927350427350427,4,succeeded,,f0df4a5f00ad61e8ff0cac3e4747716ab7afc1f966cd699441e428817b472894,44e34c53b7c4353030fe816b5559d89aa5c99c8f771ad61b827cb6b9916b01ad,143528595174509192147397734839562892109,512,35157,1aecb3103a681964c7ab3d469f72afc97332a0816c1b5428cd4294412b27f6e2,a1bb575e66190abda753c68feefcff1a0dd36b1db4fef04624f2f81f5b55fe9e,144003072,5.967317250004271,18000384,10,2
2023Q4,refit,0.0005,member_sampling,sequential,1,0,available,80547.0,511,False,3,1.1666852893341775,0.919011800865305,1.0,0.3333333333333333,1,succeeded,,f83a071bcfcd1c4970f1ccb452b9c90d634fad97e86b182b238acd7bf4ae039a,a71668197ae4a4828730fb03c5da0f4eec803a07f06452c6f1b12236a1ea9c4d,95853191810494451272566471179987595518,512,35157,eafdc2cd8e5cea7c692d5378cf72cfbbe7e8ac7234d605571fef66ef468c7831,a4f3df7c391266929e44509bfd8e93ffcdfbcc88a7d1c4857fd98e03c2d7f8e4,144003072,5.974385417008307,18000384,10,2
2023Q4,refit,0.0005,member_sampling,sequential,1,1,available,83485.0,510,False,3,1.0682996945559082,0.9164549983503163,1.0,0.3333333333333333,2,succeeded,,628149fbf6476d799a2d1fa5536562c7c5a7467c490eb5d04d2442d8408afdca,edc75e836f5e112fe6f5af5f214ecbbdb0d2eb731782b49d6f019ad839ae59e1,6307496373398946962228034074147532494,512,35157,858bf3ef96defc4df8bcf9352f27830e5cd21d937409b13c3f75fd4f53f55631,4448ddf79679a4f204075f2d4f4ec06c401894f56cb5ec46f33b20e991ccf6f9,144003072,6.123533375008265,18000384,10,2
2023Q4,refit,0.0005,member_sampling,sequential,1,2,available,98907.0,510,False,3,1.1992477782159,0.892461657995223,1.0,0.3333333333333333,2,succeeded,,8dbc8c50f2de1e92d643b43c5944ab4c3ff12c9348a54121986702cbf84aa930,b981d304250542331de4d7a8b0ac7217cc958946480bc724e65b87b735baebb8,83705450893516852819026519754177701241,512,35157,44e60a078d0f78ae6b0f65dd8f46637778e8969a9eeb2c896d4a9dd9e8826f86,9505377ea4d832a287441e704aeac6710b97045608696d89f31c8b8b2604a361,144003072,6.060857208009111,18000384,10,2
2023Q4,refit,0.0005,member_sampling,uniform,0,0,available,86622.0,507,False,3,1.1097873519429244,0.9129464716183129,1.0,0.38596491228070173,5,succeeded,,4ca07728ac08704b95599f88f0b220199af1fba67d111c2f50165ae2c4fa68df,bff1e56c7f457ce858bb86ac98b16d70214714b5d4a2ce911e600b80a6c90847,244706477932239222170867367022722567910,512,35157,a4c803d270e6c40d8e38f936b1ee8936daf3cdfb9d0f7e9e9df9e6ead8dbd50e,,0,0.09128579101525247,0,0,2
2023Q4,refit,0.0005,member_sampling,uniform,0,1,available,84447.0,510,False,3,1.1124610702570843,0.899388379299561,1.0,0.3333333333333333,2,succeeded,,5dfdb850d647925795a2d27bf8620079cabbebb652ca1d313e9b44c6a66dc9c7,fd548a46087835c13b92343bb99608402ec90f7c194a9c94ada70c6c6662b4b3,38650927935678990234500799364850263409,512,35157,f2767c0a1f0bc12fd77c78278faa39793fa40a41c56135f2634951400ccab935,,0,0.09161554099409841,0,0,2
2023Q4,refit,0.0005,member_sampling,uniform,0,2,available,83773.0,509,False,6,1.2382509877884282,0.8821134015009331,1.0,0.25,3,succeeded,,5164d6ae9916ff2b90fff88ff0c162dc5162115847058f89cb7740cc39bafb8c,acfa6cd56286884c104864863645a7dc4047dc354092e46e7454051e4dd6fc2c,143528595174509192147397734839562892109,512,35157,43f0538461ea5b10e433187224a7f1c8746537db48ca8276c7281e2b5e2abcaf,,0,0.09212366698193364,0,0,2
2023Q4,refit,0.0005,member_sampling,uniform,1,0,available,93530.0,509,False,5,1.1784347268256175,0.876345547893189,1.0,0.21791044776119406,3,succeeded,,1ab2ec2dbeda65ab2a4fce324db39cf5e5518f666f3664f145748c3ca4f06011,d2075f25abe5952779e453d43cefa8f96683b50e13cdd1c2d5b1361a6c076ae4,95853191810494451272566471179987595518,512,35157,ec09b5a74c4c52839cb0a0e7dc5c7ac2e465285747f58dd940cf1ccdd87f6b0c,,0,0.09185083300690167,0,0,2
2023Q4,refit,0.0005,member_sampling,uniform,1,1,available,84041.0,507,False,5,1.1932985090610535,0.8696972877388659,1.0,0.19999999999999998,5,succeeded,,6b2fd472f98c3db552705769951d33844167e17b0ef7051f88cb52ee2bce5d78,11426f3bc4c108e44ecc8cea801985bfdc8dbed5a7d4509031a07ea0fb37e20b,6307496373398946962228034074147532494,512,35157,839195ab931cb85cad75d168dddc831d376187886c0e739ab8c474abe70ab01f,,0,0.09293654197244905,0,0,2
2023Q4,refit,0.0005,member_sampling,uniform,1,2,available,95488.0,510,False,4,1.2933457607238605,0.8716712640842254,1.0,0.25,2,succeeded,,2b9bbde26aba41a643a8b0af59764dfed22a169847e208dd72553eaccf422ced,5c79b2611bfc5a615bfcf833b569f6c60be477fb2a5b4cc9a751b385c1232c00,83705450893516852819026519754177701241,512,35157,6c9b4bbc359abd2a1419c78452b023eb220c90a372f92f3d098fb48730e11f7f,,0,0.09261495800456032,0,0,2
2023Q4,refit,0.001,full_population,all_events_once,,,available,392505.0,12424,False,50,6.728546133170278,0.23854370612912768,1.0,0.021908901225631137,0,,,,,,,,,,,,,,
2023Q4,refit,0.001,member_sampling,sequential,0,0,available,105196.0,506,False,3,1.1648922012243812,0.896014394773672,1.0,0.3333333333333333,6,succeeded,,60bde364ec436609798c50818862ca99576a7657587417b8f67378ff9043ff59,a7577feb923e3f691a7eb82c113ea9de9f8f1085d7162307fa1d5683a7c31ad0,36551983402821885619864141142495976954,512,12424,6375d5bf87c904330e6034d241dbbbab242c89566e6b36c5f46f447df79c469a,9258d84ecf5dc6e7bc96c6e53e71e5ba1e6e8cc5269b77da618523dbccf2bf55,50888704,1.8942234159912914,6361088,8,2
2023Q4,refit,0.001,member_sampling,sequential,0,1,available,96548.0,508,False,4,1.1782222314289266,0.8964142605615192,1.0,0.25,4,succeeded,,0f6e9019662bd8d2ae9e5bb9134873f616f18b4c063769be307faa181863b95a,5e460f8c08a44d6eb3645e3bee1d83a02cf6168ebddcdf7e13fac13a05f5c682,66630728840109122321309992657898391870,512,12424,a47bd478277ef644c69c1ccb44ee6707ff9eda56dbc356e71315c6767b877a67,fe5928ca0b170d9cdc821d8d539a0abead37a4883f075eaaa6992f4c0bcbc7e5,50888704,1.876543791993754,6361088,8,2
2023Q4,refit,0.001,member_sampling,sequential,0,2,available,94154.0,503,False,3,1.1187841196337915,0.8907819224407385,1.0,0.3333333333333333,9,succeeded,,e08955356ec7b6d94df88e3bea23a4c075b8e2d2dc73e1bc7e4a9ad3025a132a,9d18c441a96732b568f2b50e648fbe32ad9be96ab4b935045905dffd18b2509b,328115668596889514590039614766518149103,512,12424,26b1c5f79a265b187923a50bfcab9916f0b4b1546b2a1a5dfb3cd15f2e101b13,faf4ce0ff85cf4195da074099a26d6f9d27c0e26dfcd9796a0df43afbbad53b7,50888704,2.168531792005524,6361088,8,2
2023Q4,refit,0.001,member_sampling,sequential,1,0,available,97529.0,508,False,4,1.1656020260640425,0.8885691404949538,1.0,0.25,4,succeeded,,e302a2cb58c76ec1237c502e9eeb9ce3464ccbb12de6bf0069c171a1c9a4d79d,54c319c76f771fe3bf66a6505f9dd70147ebfcd92f2c880e7a1a972049dcc83d,177066969960581568598263819524687439893,512,12424,c3a1a1b6938e96869fa5be6b42a1cd6509e479a32f9fac963c7eb8a6cf5ae1cf,4108e41418bbf19e9e865f384fe9f0acc03baf672446bb48c7e4222e7991318a,50888704,1.929013707995182,6361088,8,2
2023Q4,refit,0.001,member_sampling,sequential,1,1,available,85589.0,504,False,5,1.1980862026662304,0.8908510062497693,1.0,0.2447837150127226,8,succeeded,,ff3da62a009baa11c1142214a3de686bfca9f80936a22d69d9167d9ecbee912b,eff9bb2fe7e80728236b56e22003efaae4349ed5458aa3ad3a255df64d81da25,65153278613416593491441228377430987918,512,12424,ac3bb2af298dd650f6b85eead8d5f083e158d1861ed9218fb55c06582930a917,eedc0bea12f96a9f8aef271afe128c1ddae6b1d9bd5894f6a707d4eb9d1c986b,50888704,1.8853110830241349,6361088,8,2
2023Q4,refit,0.001,member_sampling,sequential,1,2,available,97287.0,506,False,3,1.0936199081069413,0.9050102550644638,1.0,0.3333333333333333,6,succeeded,,1e9fc57ac476d5ad6985884252a059b06362fd42a7e445b7a108ba561e55996c,99a080c838b5f9f2198475b79b98b5c40b7f85ce79394ee4f86daae78c13dd5b,15642997155089701246557619914542649259,512,12424,b01d134ea3c51a4887c9720f9e9135dd16fd3ff2382ad2a17910a1b0b9fdf721,7165cb6559db8f544b9df8c9a377d041f9c84068bfdacb61b0b5edce4f458bd8,50888704,1.895437665982172,6361088,8,2
2023Q4,refit,0.001,member_sampling,uniform,0,0,available,87917.0,506,False,4,1.2683212575497345,0.8580192065851473,1.0,0.325,6,succeeded,,44773bb9dc328371749fc86f7d732ed757f47d38333d8f57af1b27c3b1cfb171,ff59c4184124181da9fb6167882cea10864b175ef98a633a0f687673e847e168,36551983402821885619864141142495976954,512,12424,2199efe312037a6b88857213b4a496bfb44e409b9cd966bbdd31db41d2e17b23,,0,0.034003875014605,0,0,2
2023Q4,refit,0.001,member_sampling,uniform,0,1,available,82369.0,504,False,5,1.217666840680353,0.8566032090623797,1.0,0.2170781893004115,8,succeeded,,10dc6c229738218f54c2e8e9df6c2dc173a7476051a6f070f819916262f76076,a9ee0939aa8c98cdc876c874802d6c008b9aecd23ac6ebd35b38c1ea8aa6d742,66630728840109122321309992657898391870,512,12424,5998af91157d31775d860f327c72859a70efc963135328442ea9422bfd7b9c58,,0,0.034294959012186155,0,0,2
2023Q4,refit,0.001,member_sampling,uniform,0,2,available,82598.0,506,False,4,1.1866025811762997,0.8586495166842887,1.0,0.25,6,succeeded,,d571abd3bbd892f4426ea89d053267c1d20f0eaadaba867fc98f24ea0c9bd173,105e7981c938de314cf0b71b4799d3e833fcd5e04579e5d79f018e8293b9429f,328115668596889514590039614766518149103,512,12424,70769a261190ca346297483d7afc1bca68a616980ce5ebfa127d59a98efffd19,,0,0.034838124993257225,0,0,2
2023Q4,refit,0.001,member_sampling,uniform,1,0,available,82233.0,499,False,4,1.279766030668953,0.8558370570039733,1.0,0.25,13,succeeded,,3a2a7ab7cbfb089fd079bab9692691364d14d177fb97215eb8a1fd6208a7d234,a38d306694bb9ceb864d5b9ead18be39084fc2fbdaba726b38c7b456e113472c,177066969960581568598263819524687439893,512,12424,4297bfd174b58931ef58c4d4396e03d27bead7b986b70a2d00a4fa286ab588f4,,0,0.03435983299277723,0,0,2
2023Q4,refit,0.001,member_sampling,uniform,1,1,available,82340.0,505,False,5,1.3543842603837746,0.8651449978254895,1.0,0.19999999999999998,7,succeeded,,e6abbfc726881d33d3c878dab987597bdf697e7da1174aca1182bb5815f0f1ca,4e152440821a5481e50638184628fdf13ab807aa42d7a53a022c10138ac33f7b,65153278613416593491441228377430987918,512,12424,47984849ca02a64031e04db11bc7ac1506199c2dbd782fd2231578d5c8df0bb3,,0,0.03435470801196061,0,0,2
2023Q4,refit,0.001,member_sampling,uniform,1,2,available,79035.0,503,False,4,1.2279622951856772,0.8707865397848824,1.0,0.25,9,succeeded,,97b950380f8e9135c4c3d443db5c85e56f24314eb9c1c11496b920fbdfb438f9,e025c2e7d3efd908612c5cbc0653a0875be48b0290a44af0bb5f84837bca4522,15642997155089701246557619914542649259,512,12424,25d2fd1d30e55c40731471f1c8a12ab3afa962138431701ff92c8ecea5722f1d,,0,0.03411245901952498,0,0,2
2023Q4,refit,temporal,full_population,all_events_once,,,available,410929.0,397760,False,650,165.17275247062145,0.009075526406364425,1.0,0.0015408344881037914,0,,,,,,,,,,,,,,
2023Q4,refit,temporal,member_sampling,sequential,0,0,available,82930.0,512,False,3,1.1356083443868323,0.9268567006669681,1.0,0.3333333333333333,0,succeeded,,1bdc817f7607720be16ff22b1dd2a71baefae6065477ecceddbcffbd3a3e9bcf,544aa7d4740dd09a5201c13cf017ca964d846ef60ad0a743bc06ad89c92efc88,314558187466503007193429350962181010412,512,397760,41671dd1546d5e2b21b21646ea699b540cfc51468cfba99afa82e99927526944,ee7d0904ec53c86355463adddcfd938324d4f0f902352a2077d9625b2ecd1e6f,1629224960,63.665650290990015,203653120,13,1
2023Q4,refit,temporal,member_sampling,sequential,0,1,available,77042.0,512,False,3,1.1014771163780794,0.9229568525047558,1.0,0.33333333333333326,0,succeeded,,8b3949338b4774fa1f5f77c308239a0c9147fada35c6a5effd91ee4b3f20b620,89a27c8812d291d0c72f5240941e98da919c8a019bbc9db659a7989a23b99492,208517245230319424635754398350691264763,512,397760,211217d87a0aa08cbc79e74509769b81540af137fd4aec8f1125c55279f2b38a,b96c90a301e6c820cfe387ef9e1f5005a6d764539411638e5402a227c7d5b75a,1629224960,67.15743808401749,203653120,13,1
2023Q4,refit,temporal,member_sampling,sequential,0,2,available,77170.0,512,False,3,1.1011792147207464,0.9076308534316344,1.0,0.33333333333333326,0,succeeded,,1804e98c49d55e9ac577da41e685a3a4a95e1a62b30406b1af18fa56c49c1992,594008fadf5f7e2cac7b5d8f07b7cb1c4c0f0fbcad9fc6be6a068045c8172560,244529056326450404860214856971600894243,512,397760,a98c411a62f7d1bba1451b94e8ed5be20ca00385b13bbe6a5a2f6d682a966cf1,715a6f95b9c8e21825dbaf8b3714aefa3370fd2f343ac79341c0d3beaf661271,1629224960,65.51512441699742,203653120,13,1
2023Q4,refit,temporal,member_sampling,sequential,1,0,available,71947.0,512,False,3,1.085312799699779,0.9260834236691382,1.0,0.3333333333333333,0,succeeded,,8e2686d656193b37774f542a63da075652cb367ec5d88252c617ed1d80e147bc,cdbd72e7f5bd0c7b10a4e80d4808a3863395e58bb77c486f79c113c8b7ac7ca2,25509448028966562504674959786467939710,512,397760,b730398437912ff045cdb6c33bccfe3b685a7361abf2a37c543b9390141d7a86,b78df704d381c7e03c96e536459327b7a929886ec919e0f261eb4c98c3bcccbe,1629224960,64.37608454099973,203653120,13,1
2023Q4,refit,temporal,member_sampling,sequential,1,1,available,80146.0,512,False,3,1.0826242108152622,0.9190138666686587,1.0,0.33333333333333326,0,succeeded,,dbf8d69ce893c1c3c9b4e559352cdc11e4f5fe0b8bed0acd8cb33570ce282aa2,a6de14f9faaf8dc5b54d591bbbd4b4337ac5af818b621fcdd3f6c8648f77c389,228675310601693060188931397041855933441,512,397760,8af7bdfc9fd1163393871dce6b7a551bf482531754ad72034a37ca9bd09c382c,e1e50c9f8975469bff42d7a4877a100d52de9c38c98f31205488df4a86aa05ae,1629224960,63.46174649999011,203653120,13,1
2023Q4,refit,temporal,member_sampling,sequential,1,2,available,83440.0,512,False,3,1.0765580057526367,0.9278182674694639,1.0,0.33333333333333326,0,succeeded,,610810838f9a2464e888656d624a84a9d31670f7ec0bf73380df4d3197c312ac,1e0dd5942694183bc5f9a121af3a5835af4fb41bdcd11657d0f26e0a80fae425,54931750461507682766494007888839649806,512,397760,b7003f9d58edda8255c30a334c990be1a4202b78cf1e8f76f7661eb65e482fef,443991d80aba5dce74e78ef507a09c898f07377e4cfb46f7ac961ee6a26495c2,1629224960,63.11430612500408,203653120,13,1
2023Q4,refit,temporal,member_sampling,uniform,0,0,available,71223.0,512,False,4,1.1675161113685186,0.8947807461920374,1.0,0.25,0,succeeded,,dad8efc1b3650f191d5336ab573b2e66674568562365a3514dc8ed156531ca49,d39eb8858f1cb63bd94c40e96c1337ea4459762bf75410cdf959cfdb55f045a0,314558187466503007193429350962181010412,512,397760,bd820a400f91b86e769666f0c2fa18df1dd605f229e01d7ae5205435a854b1f1,,0,1.0322715420043096,0,0,1
2023Q4,refit,temporal,member_sampling,uniform,0,1,available,64681.0,512,False,4,1.202439665434981,0.8938902003401793,1.0,0.25,0,succeeded,,46e4d72367042c4e24aeea20f7c57232f9ef80cf1c7e761ee353ff15dfb81508,a91c7ad4c2851c9c15ab422be92244332828c7e915dc9615e159f05edcde8e04,208517245230319424635754398350691264763,512,397760,7680c76deec47079fd9c379bd4684bdf2e9e05e3beb208c06b7d8de14415e332,,0,1.0482805000210647,0,0,1
2023Q4,refit,temporal,member_sampling,uniform,0,2,available,81185.0,511,False,4,1.1412329863891113,0.8805111168378307,1.0,0.25,1,succeeded,,f96a636fc3345f3eeee480ff2d441905e324f92745efaeb5c6280160cb2c3e57,a58ccf954023b06a8986d49aa55b5d48b6320817230f13f08b9b80f150bdaf29,244529056326450404860214856971600894243,512,397760,c306a2a3bf663b55d8e6ea088552cb2b1e99f41ca383109208ab16669de26649,,0,1.0393605409772135,0,0,2
2023Q4,refit,temporal,member_sampling,uniform,1,0,available,92205.0,512,False,4,1.106968168754406,0.9024378335834526,1.0,0.25,0,succeeded,,e29553de4751192ebd7f37575569bcbf8e0982798ae46e2969c349fd46ede6dc,72bb4db8590e8607770f6bbe01829ce460b8aa547437c5d068f47f7d0f02f974,25509448028966562504674959786467939710,512,397760,d3f997fd94437a0df2b970e0081fcd4db6aac904a4f83be81d44e57d66e443a2,,0,1.1033384159964044,0,0,1
2023Q4,refit,temporal,member_sampling,uniform,1,1,available,78085.0,512,False,5,1.1176794518793622,0.8871739279394306,1.0,0.2021739130434783,0,succeeded,,246640b34dc9c51f028ad13e2d782dabc832d1c1e73863e93ef68b886dea44a4,056ee81984cf9e51bfcb48d2b2a12523435326154ee7a4ce196a204081bd803b,228675310601693060188931397041855933441,512,397760,5721c9271a9691bb9ab90d4a4c98928d2a7cbe120f4cf163f97d76989ddff7e3,,0,1.0334477500000503,0,0,1
2023Q4,refit,temporal,member_sampling,uniform,1,2,available,81008.0,512,False,4,1.2359273158206596,0.8658375739594644,1.0,0.25,0,succeeded,,b5137f2082eed19be64084f665ccd50954d448bdc030b69bdd1f88e76775916e,2ecc51207494fa69e07b99432453bd326e36cd33611e2c4466d4346321783eb7,54931750461507682766494007888839649806,512,397760,a9c8379e6e0e8723627b693b11de9cbdedd547906ccde86cad1806285b2e8348,,0,1.0432327080052346,0,0,1
