fold,phase,population,row_type,model,master_seed,member,status,accepted,f1,fn,fp,negative,positive,precision,recall,rejected,rows,tn,tp,coverage,score_scope,support,log_loss,brier,roc_auc,average_precision,undefined_reasons,selected_threshold,selection_available,decision_unavailable_reason,probability_available,acceptance_available,selected_decision_metrics,details,correlation,mean_absolute_difference,reason,fit_id,requested_fit_id,reused,training_support,fit_contract_sha256,model_sha256,fit_seconds,iterations,member_score_note
2023Q2,inner,0.0005,primary,primary_unfiltered,,,available,3636,0.4491362763915547,0,2583,2583,1053,0.2896039603960396,1.0,0,3636,0,1053,"{""all_outcomes"": {""ambiguous"": 51, ""causally_ineligible"": 21974, ""censored"": 460, ""no_primary_signal"": 11614, ""stop_loss"": 33416, ""take_profit"": 12801, ""timeout"": 23}, ""causal_eligible"": 3679, ""causal_reasons"": {"""": 47037, ""insufficient_history"": 33302}, ""eligible_outcomes"": {""ambiguous"": 2, ""censored"": 41, ""stop_loss"": 2581, ""take_profit"": 1053, ""timeout"": 2}, ""metric_rows"": 3636, ""openings"": 80339, ""primary_accepted"": 3679, ""primary_event"": 5130, ""primary_reasons"": {""no_momentum"": 399, ""primary_history"": 11215, ""signal"": 68725}, ""primary_signals"": 68725}",,,,,,,,,,,,,,,,,,,,,,,,,,
2023Q2,inner,0.0005,model,full,,,available,443,,,,,,,,3236,,,,"{""all_outcomes"": {""ambiguous"": 51, ""causally_ineligible"": 21974, ""censored"": 460, ""no_primary_signal"": 11614, ""stop_loss"": 33416, ""take_profit"": 12801, ""timeout"": 23}, ""causal_eligible"": 3679, ""causal_reasons"": {"""": 47037, ""insufficient_history"": 33302}, ""eligible_outcomes"": {""ambiguous"": 2, ""censored"": 41, ""stop_loss"": 2581, ""take_profit"": 1053, ""timeout"": 2}, ""metric_rows"": 3636, ""openings"": 80339, ""primary_accepted"": 3679, ""primary_event"": 5130, ""primary_reasons"": {""no_momentum"": 399, ""primary_history"": 11215, ""signal"": 68725}, ""primary_signals"": 68725}",conclusive_metric_rows,"{""negative"": 2583, ""positive"": 1053, ""rows"": 3636}",0.6038385846848385,0.2064960857111864,0.504354389629909,0.3041239291459802,"{""thresholds.0.5.precision"": ""no_signals""}",0.3,True,,3679,3679,"{""accepted"": 438, ""f1"": 0.19852448021462105, ""fn"": 905, ""fp"": 290, ""negative"": 2583, ""positive"": 1053, ""precision"": 0.3378995433789954, ""recall"": 0.14055080721747387, ""rejected"": 3198, ""rows"": 3636, ""tn"": 2293, ""tp"": 148}",,,,,,,,,,,,,
2023Q2,inner,0.0005,model,sequential_0,0,,available,1690,,,,,,,,1989,,,,"{""all_outcomes"": {""ambiguous"": 51, ""causally_ineligible"": 21974, ""censored"": 460, ""no_primary_signal"": 11614, ""stop_loss"": 33416, ""take_profit"": 12801, ""timeout"": 23}, ""causal_eligible"": 3679, ""causal_reasons"": {"""": 47037, ""insufficient_history"": 33302}, ""eligible_outcomes"": {""ambiguous"": 2, ""censored"": 41, ""stop_loss"": 2581, ""take_profit"": 1053, ""timeout"": 2}, ""metric_rows"": 3636, ""openings"": 80339, ""primary_accepted"": 3679, ""primary_event"": 5130, ""primary_reasons"": {""no_momentum"": 399, ""primary_history"": 11215, ""signal"": 68725}, ""primary_signals"": 68725}",conclusive_metric_rows,"{""negative"": 2583, ""positive"": 1053, ""rows"": 3636}",0.6032622764744545,0.20628695556208423,0.5153242822619516,0.3079616477046847,{},0.3,True,,3679,3679,"{""accepted"": 1670, ""f1"": 0.36136614028644876, ""fn"": 561, ""fp"": 1178, ""negative"": 2583, ""positive"": 1053, ""precision"": 0.2946107784431138, ""recall"": 0.4672364672364672, ""rejected"": 1966, ""rows"": 3636, ""tn"": 1405, ""tp"": 492}",,,,,,,,,,,,,
2023Q2,inner,0.0005,model,sequential_1,1,,available,1359,,,,,,,,2320,,,,"{""all_outcomes"": {""ambiguous"": 51, ""causally_ineligible"": 21974, ""censored"": 460, ""no_primary_signal"": 11614, ""stop_loss"": 33416, ""take_profit"": 12801, ""timeout"": 23}, ""causal_eligible"": 3679, ""causal_reasons"": {"""": 47037, ""insufficient_history"": 33302}, ""eligible_outcomes"": {""ambiguous"": 2, ""censored"": 41, ""stop_loss"": 2581, ""take_profit"": 1053, ""timeout"": 2}, ""metric_rows"": 3636, ""openings"": 80339, ""primary_accepted"": 3679, ""primary_event"": 5130, ""primary_reasons"": {""no_momentum"": 399, ""primary_history"": 11215, ""signal"": 68725}, ""primary_signals"": 68725}",conclusive_metric_rows,"{""negative"": 2583, ""positive"": 1053, ""rows"": 3636}",0.6209458137511409,0.21259372717300906,0.47326573523502163,0.2790733549170094,{},0.3,True,,3679,3679,"{""accepted"": 1355, ""f1"": 0.29983388704318936, ""fn"": 692, ""fp"": 994, ""negative"": 2583, ""positive"": 1053, ""precision"": 0.26642066420664207, ""recall"": 0.34283000949667614, ""rejected"": 2281, ""rows"": 3636, ""tn"": 1589, ""tp"": 361}",,,,,,,,,,,,,
2023Q2,inner,0.0005,model,uniform_0,0,,available,1199,,,,,,,,2480,,,,"{""all_outcomes"": {""ambiguous"": 51, ""causally_ineligible"": 21974, ""censored"": 460, ""no_primary_signal"": 11614, ""stop_loss"": 33416, ""take_profit"": 12801, ""timeout"": 23}, ""causal_eligible"": 3679, ""causal_reasons"": {"""": 47037, ""insufficient_history"": 33302}, ""eligible_outcomes"": {""ambiguous"": 2, ""censored"": 41, ""stop_loss"": 2581, ""take_profit"": 1053, ""timeout"": 2}, ""metric_rows"": 3636, ""openings"": 80339, ""primary_accepted"": 3679, ""primary_event"": 5130, ""primary_reasons"": {""no_momentum"": 399, ""primary_history"": 11215, ""signal"": 68725}, ""primary_signals"": 68725}",conclusive_metric_rows,"{""negative"": 2583, ""positive"": 1053, ""rows"": 3636}",0.6075520537992345,0.20765179010956505,0.5188968413900663,0.3162861510352144,{},0.3,True,,3679,3679,"{""accepted"": 1188, ""f1"": 0.32663989290495316, ""fn"": 687, ""fp"": 822, ""negative"": 2583, ""positive"": 1053, ""precision"": 0.30808080808080807, ""recall"": 0.3475783475783476, ""rejected"": 2448, ""rows"": 3636, ""tn"": 1761, ""tp"": 366}",,,,,,,,,,,,,
2023Q2,inner,0.0005,model,uniform_1,1,,available,1380,,,,,,,,2299,,,,"{""all_outcomes"": {""ambiguous"": 51, ""causally_ineligible"": 21974, ""censored"": 460, ""no_primary_signal"": 11614, ""stop_loss"": 33416, ""take_profit"": 12801, ""timeout"": 23}, ""causal_eligible"": 3679, ""causal_reasons"": {"""": 47037, ""insufficient_history"": 33302}, ""eligible_outcomes"": {""ambiguous"": 2, ""censored"": 41, ""stop_loss"": 2581, ""take_profit"": 1053, ""timeout"": 2}, ""metric_rows"": 3636, ""openings"": 80339, ""primary_accepted"": 3679, ""primary_event"": 5130, ""primary_reasons"": {""no_momentum"": 399, ""primary_history"": 11215, ""signal"": 68725}, ""primary_signals"": 68725}",conclusive_metric_rows,"{""negative"": 2583, ""positive"": 1053, ""rows"": 3636}",0.6125058099448129,0.2097589780552106,0.5059515077581924,0.3026025632000824,{},0.3,True,,3679,3679,"{""accepted"": 1369, ""f1"": 0.34516928158546656, ""fn"": 635, ""fp"": 951, ""negative"": 2583, ""positive"": 1053, ""precision"": 0.30533235938641345, ""recall"": 0.3969610636277303, ""rejected"": 2267, ""rows"": 3636, ""tn"": 1632, ""tp"": 418}",,,,,,,,,,,,,
2023Q2,inner,0.0005,model,weighted_constant,,,available,0,,,,,,,,3679,,,,"{""all_outcomes"": {""ambiguous"": 51, ""causally_ineligible"": 21974, ""censored"": 460, ""no_primary_signal"": 11614, ""stop_loss"": 33416, ""take_profit"": 12801, ""timeout"": 23}, ""causal_eligible"": 3679, ""causal_reasons"": {"""": 47037, ""insufficient_history"": 33302}, ""eligible_outcomes"": {""ambiguous"": 2, ""censored"": 41, ""stop_loss"": 2581, ""take_profit"": 1053, ""timeout"": 2}, ""metric_rows"": 3636, ""openings"": 80339, ""primary_accepted"": 3679, ""primary_event"": 5130, ""primary_reasons"": {""no_momentum"": 399, ""primary_history"": 11215, ""signal"": 68725}, ""primary_signals"": 68725}",conclusive_metric_rows,"{""negative"": 2583, ""positive"": 1053, ""rows"": 3636}",0.6029907591212215,0.20620957613709834,0.5,0.2896039603960396,"{""thresholds.0.3.precision"": ""no_signals"", ""thresholds.0.4.precision"": ""no_signals"", ""thresholds.0.5.precision"": ""no_signals""}",0.5,True,,3679,3679,"{""accepted"": 0, ""f1"": 0.0, ""fn"": 1053, ""fp"": 0, ""negative"": 2583, ""positive"": 1053, ""precision"": null, ""recall"": 0.0, ""rejected"": 3636, ""rows"": 3636, ""tn"": 2583, ""tp"": 0}",,,,,,,,,,,,,
2023Q2,inner,0.0005,model,weighted_logistic,,,available,591,,,,,,,,3088,,,,"{""all_outcomes"": {""ambiguous"": 51, ""causally_ineligible"": 21974, ""censored"": 460, ""no_primary_signal"": 11614, ""stop_loss"": 33416, ""take_profit"": 12801, ""timeout"": 23}, ""causal_eligible"": 3679, ""causal_reasons"": {"""": 47037, ""insufficient_history"": 33302}, ""eligible_outcomes"": {""ambiguous"": 2, ""censored"": 41, ""stop_loss"": 2581, ""take_profit"": 1053, ""timeout"": 2}, ""metric_rows"": 3636, ""openings"": 80339, ""primary_accepted"": 3679, ""primary_event"": 5130, ""primary_reasons"": {""no_momentum"": 399, ""primary_history"": 11215, ""signal"": 68725}, ""primary_signals"": 68725}",conclusive_metric_rows,"{""negative"": 2583, ""positive"": 1053, ""rows"": 3636}",0.6095671471910772,0.20847254502827695,0.48850122743528346,0.2917351166541349,"{""thresholds.0.5.precision"": ""no_signals""}",0.3,True,,3679,3679,"{""accepted"": 591, ""f1"": 0.22384428223844283, ""fn"": 869, ""fp"": 407, ""negative"": 2583, ""positive"": 1053, ""precision"": 0.311336717428088, ""recall"": 0.17473884140550808, ""rejected"": 3045, ""rows"": 3636, ""tn"": 2176, ""tp"": 184}",,,,,,,,,,,,,
2023Q2,inner,0.0005,paired_sensitivity,sequential_0_minus_full,,,descriptive_not_confidence_interval,,,,,,,,,,,,,,,,,,,,,,,,,,,"{""brier"": {""delete_week_max"": 0.0004886482961733983, ""delete_week_min"": -0.0010137251439709827, ""delta"": -0.00020913014910212686}, ""log_loss"": {""delete_week_max"": 0.0010538174384749606, ""delete_week_min"": -0.0026142024309224175, ""delta"": -0.0005763082103840161}, ""status"": ""descriptive_not_confidence_interval"", ""weekly_support"": [{""negative"": 2, ""positive"": 0, ""rows"": 2, ""week_start_epoch"": 1672012800}, {""negative"": 383, ""positive"": 198, ""rows"": 581, ""week_start_epoch"": 1672617600}, {""negative"": 444, ""positive"": 132, ""rows"": 576, ""week_start_epoch"": 1673222400}, {""negative"": 418, ""positive"": 165, ""rows"": 583, ""week_start_epoch"": 1673827200}, {""negative"": 331, ""positive"": 96, ""rows"": 427, ""week_start_epoch"": 1674432000}, {""negative"": 324, ""positive"": 160, ""rows"": 484, ""week_start_epoch"": 1675036800}, {""negative"": 334, ""positive"": 163, ""rows"": 497, ""week_start_epoch"": 1675641600}, {""negative"": 347, ""positive"": 139, ""rows"": 486, ""week_start_epoch"": 1676246400}], ""weeks"": 8}",,,,,,,,,,,,
2023Q2,inner,0.0005,paired_sensitivity,sequential_0_minus_uniform_0,,,descriptive_not_confidence_interval,,,,,,,,,,,,,,,,,,,,,,,,,,,"{""brier"": {""delete_week_max"": -0.00015931630094800253, ""delete_week_min"": -0.0029040333915506342, ""delta"": -0.0013648345474807917}, ""log_loss"": {""delete_week_max"": -0.001486963064086263, ""delete_week_min"": -0.008275393195522637, ""delta"": -0.0042897773247800195}, ""status"": ""descriptive_not_confidence_interval"", ""weekly_support"": [{""negative"": 2, ""positive"": 0, ""rows"": 2, ""week_start_epoch"": 1672012800}, {""negative"": 383, ""positive"": 198, ""rows"": 581, ""week_start_epoch"": 1672617600}, {""negative"": 444, ""positive"": 132, ""rows"": 576, ""week_start_epoch"": 1673222400}, {""negative"": 418, ""positive"": 165, ""rows"": 583, ""week_start_epoch"": 1673827200}, {""negative"": 331, ""positive"": 96, ""rows"": 427, ""week_start_epoch"": 1674432000}, {""negative"": 324, ""positive"": 160, ""rows"": 484, ""week_start_epoch"": 1675036800}, {""negative"": 334, ""positive"": 163, ""rows"": 497, ""week_start_epoch"": 1675641600}, {""negative"": 347, ""positive"": 139, ""rows"": 486, ""week_start_epoch"": 1676246400}], ""weeks"": 8}",,,,,,,,,,,,
2023Q2,inner,0.0005,paired_sensitivity,sequential_0_minus_weighted_constant,,,descriptive_not_confidence_interval,,,,,,,,,,,,,,,,,,,,,,,,,,,"{""brier"": {""delete_week_max"": 0.0013170874167058703, ""delete_week_min"": -0.0007805664937476817, ""delta"": 7.73794249859411e-05}, ""log_loss"": {""delete_week_max"": 0.0032443933262228364, ""delete_week_min"": -0.0018897572857674084, ""delta"": 0.0002715173532329522}, ""status"": ""descriptive_not_confidence_interval"", ""weekly_support"": [{""negative"": 2, ""positive"": 0, ""rows"": 2, ""week_start_epoch"": 1672012800}, {""negative"": 383, ""positive"": 198, ""rows"": 581, ""week_start_epoch"": 1672617600}, {""negative"": 444, ""positive"": 132, ""rows"": 576, ""week_start_epoch"": 1673222400}, {""negative"": 418, ""positive"": 165, ""rows"": 583, ""week_start_epoch"": 1673827200}, {""negative"": 331, ""positive"": 96, ""rows"": 427, ""week_start_epoch"": 1674432000}, {""negative"": 324, ""positive"": 160, ""rows"": 484, ""week_start_epoch"": 1675036800}, {""negative"": 334, ""positive"": 163, ""rows"": 497, ""week_start_epoch"": 1675641600}, {""negative"": 347, ""positive"": 139, ""rows"": 486, ""week_start_epoch"": 1676246400}], ""weeks"": 8}",,,,,,,,,,,,
2023Q2,inner,0.0005,paired_sensitivity,sequential_0_minus_weighted_logistic,,,descriptive_not_confidence_interval,,,,,,,,,,,,,,,,,,,,,,,,,,,"{""brier"": {""delete_week_max"": -0.000463824194458801, ""delete_week_min"": -0.0033751544468672715, ""delta"": -0.0021855894661926816}, ""log_loss"": {""delete_week_max"": -0.0014672061404653563, ""delete_week_min"": -0.009369716609104012, ""delta"": -0.006304870716622675}, ""status"": ""descriptive_not_confidence_interval"", ""weekly_support"": [{""negative"": 2, ""positive"": 0, ""rows"": 2, ""week_start_epoch"": 1672012800}, {""negative"": 383, ""positive"": 198, ""rows"": 581, ""week_start_epoch"": 1672617600}, {""negative"": 444, ""positive"": 132, ""rows"": 576, ""week_start_epoch"": 1673222400}, {""negative"": 418, ""positive"": 165, ""rows"": 583, ""week_start_epoch"": 1673827200}, {""negative"": 331, ""positive"": 96, ""rows"": 427, ""week_start_epoch"": 1674432000}, {""negative"": 324, ""positive"": 160, ""rows"": 484, ""week_start_epoch"": 1675036800}, {""negative"": 334, ""positive"": 163, ""rows"": 497, ""week_start_epoch"": 1675641600}, {""negative"": 347, ""positive"": 139, ""rows"": 486, ""week_start_epoch"": 1676246400}], ""weeks"": 8}",,,,,,,,,,,,
2023Q2,inner,0.0005,paired_sensitivity,sequential_1_minus_full,,,descriptive_not_confidence_interval,,,,,,,,,,,,,,,,,,,,,,,,,,,"{""brier"": {""delete_week_max"": 0.007711208669023041, ""delete_week_min"": 0.0037929106428103198, ""delta"": 0.006097641461822666}, ""log_loss"": {""delete_week_max"": 0.020447720142002426, ""delete_week_min"": 0.010686559664673873, ""delta"": 0.017107229066302347}, ""status"": ""descriptive_not_confidence_interval"", ""weekly_support"": [{""negative"": 2, ""positive"": 0, ""rows"": 2, ""week_start_epoch"": 1672012800}, {""negative"": 383, ""positive"": 198, ""rows"": 581, ""week_start_epoch"": 1672617600}, {""negative"": 444, ""positive"": 132, ""rows"": 576, ""week_start_epoch"": 1673222400}, {""negative"": 418, ""positive"": 165, ""rows"": 583, ""week_start_epoch"": 1673827200}, {""negative"": 331, ""positive"": 96, ""rows"": 427, ""week_start_epoch"": 1674432000}, {""negative"": 324, ""positive"": 160, ""rows"": 484, ""week_start_epoch"": 1675036800}, {""negative"": 334, ""positive"": 163, ""rows"": 497, ""week_start_epoch"": 1675641600}, {""negative"": 347, ""positive"": 139, ""rows"": 486, ""week_start_epoch"": 1676246400}], ""weeks"": 8}",,,,,,,,,,,,
2023Q2,inner,0.0005,paired_sensitivity,sequential_1_minus_uniform_1,,,descriptive_not_confidence_interval,,,,,,,,,,,,,,,,,,,,,,,,,,,"{""brier"": {""delete_week_max"": 0.00362988623549327, ""delete_week_min"": 0.0009079884691791206, ""delta"": 0.002834749117798448}, ""log_loss"": {""delete_week_max"": 0.010625110146486413, ""delete_week_min"": 0.00304442645498225, ""delta"": 0.00844000380632802}, ""status"": ""descriptive_not_confidence_interval"", ""weekly_support"": [{""negative"": 2, ""positive"": 0, ""rows"": 2, ""week_start_epoch"": 1672012800}, {""negative"": 383, ""positive"": 198, ""rows"": 581, ""week_start_epoch"": 1672617600}, {""negative"": 444, ""positive"": 132, ""rows"": 576, ""week_start_epoch"": 1673222400}, {""negative"": 418, ""positive"": 165, ""rows"": 583, ""week_start_epoch"": 1673827200}, {""negative"": 331, ""positive"": 96, ""rows"": 427, ""week_start_epoch"": 1674432000}, {""negative"": 324, ""positive"": 160, ""rows"": 484, ""week_start_epoch"": 1675036800}, {""negative"": 334, ""positive"": 163, ""rows"": 497, ""week_start_epoch"": 1675641600}, {""negative"": 347, ""positive"": 139, ""rows"": 486, ""week_start_epoch"": 1676246400}], ""weeks"": 8}",,,,,,,,,,,,
2023Q2,inner,0.0005,paired_sensitivity,sequential_1_minus_weighted_constant,,,descriptive_not_confidence_interval,,,,,,,,,,,,,,,,,,,,,,,,,,,"{""brier"": {""delete_week_max"": 0.008539647789555512, ""delete_week_min"": 0.004071975460003252, ""delta"": 0.0063841510359107356}, ""log_loss"": {""delete_week_max"": 0.0226382960297503, ""delete_week_min"": 0.011482089749244126, ""delta"": 0.017955054629919316}, ""status"": ""descriptive_not_confidence_interval"", ""weekly_support"": [{""negative"": 2, ""positive"": 0, ""rows"": 2, ""week_start_epoch"": 1672012800}, {""negative"": 383, ""positive"": 198, ""rows"": 581, ""week_start_epoch"": 1672617600}, {""negative"": 444, ""positive"": 132, ""rows"": 576, ""week_start_epoch"": 1673222400}, {""negative"": 418, ""positive"": 165, ""rows"": 583, ""week_start_epoch"": 1673827200}, {""negative"": 331, ""positive"": 96, ""rows"": 427, ""week_start_epoch"": 1674432000}, {""negative"": 324, ""positive"": 160, ""rows"": 484, ""week_start_epoch"": 1675036800}, {""negative"": 334, ""positive"": 163, ""rows"": 497, ""week_start_epoch"": 1675641600}, {""negative"": 347, ""positive"": 139, ""rows"": 486, ""week_start_epoch"": 1676246400}], ""weeks"": 8}",,,,,,,,,,,,
2023Q2,inner,0.0005,paired_sensitivity,sequential_1_minus_weighted_logistic,,,descriptive_not_confidence_interval,,,,,,,,,,,,,,,,,,,,,,,,,,,"{""brier"": {""delete_week_max"": 0.0060876643672175285, ""delete_week_min"": 0.0028311097646121176, ""delta"": 0.004121182144732112}, ""log_loss"": {""delete_week_max"": 0.015647350385175368, ""delete_week_min"": 0.007794424213908579, ""delta"": 0.011378666560063687}, ""status"": ""descriptive_not_confidence_interval"", ""weekly_support"": [{""negative"": 2, ""positive"": 0, ""rows"": 2, ""week_start_epoch"": 1672012800}, {""negative"": 383, ""positive"": 198, ""rows"": 581, ""week_start_epoch"": 1672617600}, {""negative"": 444, ""positive"": 132, ""rows"": 576, ""week_start_epoch"": 1673222400}, {""negative"": 418, ""positive"": 165, ""rows"": 583, ""week_start_epoch"": 1673827200}, {""negative"": 331, ""positive"": 96, ""rows"": 427, ""week_start_epoch"": 1674432000}, {""negative"": 324, ""positive"": 160, ""rows"": 484, ""week_start_epoch"": 1675036800}, {""negative"": 334, ""positive"": 163, ""rows"": 497, ""week_start_epoch"": 1675641600}, {""negative"": 347, ""positive"": 139, ""rows"": 486, ""week_start_epoch"": 1676246400}], ""weeks"": 8}",,,,,,,,,,,,
2023Q2,inner,0.0005,paired_sensitivity,uniform_0_minus_full,,,descriptive_not_confidence_interval,,,,,,,,,,,,,,,,,,,,,,,,,,,"{""brier"": {""delete_week_max"": 0.0018903082475796515, ""delete_week_min"": 0.0003340807727894834, ""delta"": 0.001155704398378665}, ""log_loss"": {""delete_week_max"": 0.005661190764600219, ""delete_week_min"": 0.001924357559694708, ""delta"": 0.003713469114396006}, ""status"": ""descriptive_not_confidence_interval"", ""weekly_support"": [{""negative"": 2, ""positive"": 0, ""rows"": 2, ""week_start_epoch"": 1672012800}, {""negative"": 383, ""positive"": 198, ""rows"": 581, ""week_start_epoch"": 1672617600}, {""negative"": 444, ""positive"": 132, ""rows"": 576, ""week_start_epoch"": 1673222400}, {""negative"": 418, ""positive"": 165, ""rows"": 583, ""week_start_epoch"": 1673827200}, {""negative"": 331, ""positive"": 96, ""rows"": 427, ""week_start_epoch"": 1674432000}, {""negative"": 324, ""positive"": 160, ""rows"": 484, ""week_start_epoch"": 1675036800}, {""negative"": 334, ""positive"": 163, ""rows"": 497, ""week_start_epoch"": 1675641600}, {""negative"": 347, ""positive"": 139, ""rows"": 486, ""week_start_epoch"": 1676246400}], ""weeks"": 8}",,,,,,,,,,,,
2023Q2,inner,0.0005,paired_sensitivity,uniform_0_minus_weighted_constant,,,descriptive_not_confidence_interval,,,,,,,,,,,,,,,,,,,,,,,,,,,"{""brier"": {""delete_week_max"": 0.0024621303458514203, ""delete_week_min"": 0.00029297915520662085, ""delta"": 0.001442213972466733}, ""log_loss"": {""delete_week_max"": 0.006930217017244873, ""delete_week_min"": 0.0020048739231803966, ""delta"": 0.004561294678012974}, ""status"": ""descriptive_not_confidence_interval"", ""weekly_support"": [{""negative"": 2, ""positive"": 0, ""rows"": 2, ""week_start_epoch"": 1672012800}, {""negative"": 383, ""positive"": 198, ""rows"": 581, ""week_start_epoch"": 1672617600}, {""negative"": 444, ""positive"": 132, ""rows"": 576, ""week_start_epoch"": 1673222400}, {""negative"": 418, ""positive"": 165, ""rows"": 583, ""week_start_epoch"": 1673827200}, {""negative"": 331, ""positive"": 96, ""rows"": 427, ""week_start_epoch"": 1674432000}, {""negative"": 324, ""positive"": 160, ""rows"": 484, ""week_start_epoch"": 1675036800}, {""negative"": 334, ""positive"": 163, ""rows"": 497, ""week_start_epoch"": 1675641600}, {""negative"": 347, ""positive"": 139, ""rows"": 486, ""week_start_epoch"": 1676246400}], ""weeks"": 8}",,,,,,,,,,,,
2023Q2,inner,0.0005,paired_sensitivity,uniform_0_minus_weighted_logistic,,,descriptive_not_confidence_interval,,,,,,,,,,,,,,,,,,,,,,,,,,,"{""brier"": {""delete_week_max"": 9.165848490815243e-05, ""delete_week_min"": -0.002323819748960808, ""delta"": -0.0008207549187118906}, ""log_loss"": {""delete_week_max"": 1.975692362090663e-05, ""delete_week_min"": -0.005700469181973164, ""delta"": -0.002015093391842654}, ""status"": ""descriptive_not_confidence_interval"", ""weekly_support"": [{""negative"": 2, ""positive"": 0, ""rows"": 2, ""week_start_epoch"": 1672012800}, {""negative"": 383, ""positive"": 198, ""rows"": 581, ""week_start_epoch"": 1672617600}, {""negative"": 444, ""positive"": 132, ""rows"": 576, ""week_start_epoch"": 1673222400}, {""negative"": 418, ""positive"": 165, ""rows"": 583, ""week_start_epoch"": 1673827200}, {""negative"": 331, ""positive"": 96, ""rows"": 427, ""week_start_epoch"": 1674432000}, {""negative"": 324, ""positive"": 160, ""rows"": 484, ""week_start_epoch"": 1675036800}, {""negative"": 334, ""positive"": 163, ""rows"": 497, ""week_start_epoch"": 1675641600}, {""negative"": 347, ""positive"": 139, ""rows"": 486, ""week_start_epoch"": 1676246400}], ""weeks"": 8}",,,,,,,,,,,,
2023Q2,inner,0.0005,paired_sensitivity,uniform_1_minus_full,,,descriptive_not_confidence_interval,,,,,,,,,,,,,,,,,,,,,,,,,,,"{""brier"": {""delete_week_max"": 0.0041640790306073355, ""delete_week_min"": 0.0026434474573071107, ""delta"": 0.003262892344024218}, ""log_loss"": {""delete_week_max"": 0.010790910464914318, ""delete_week_min"": 0.0073082344470064104, ""delta"": 0.008667225259974324}, ""status"": ""descriptive_not_confidence_interval"", ""weekly_support"": [{""negative"": 2, ""positive"": 0, ""rows"": 2, ""week_start_epoch"": 1672012800}, {""negative"": 383, ""positive"": 198, ""rows"": 581, ""week_start_epoch"": 1672617600}, {""negative"": 444, ""positive"": 132, ""rows"": 576, ""week_start_epoch"": 1673222400}, {""negative"": 418, ""positive"": 165, ""rows"": 583, ""week_start_epoch"": 1673827200}, {""negative"": 331, ""positive"": 96, ""rows"": 427, ""week_start_epoch"": 1674432000}, {""negative"": 324, ""positive"": 160, ""rows"": 484, ""week_start_epoch"": 1675036800}, {""negative"": 334, ""positive"": 163, ""rows"": 497, ""week_start_epoch"": 1675641600}, {""negative"": 347, ""positive"": 139, ""rows"": 486, ""week_start_epoch"": 1676246400}], ""weeks"": 8}",,,,,,,,,,,,
2023Q2,inner,0.0005,paired_sensitivity,uniform_1_minus_weighted_constant,,,descriptive_not_confidence_interval,,,,,,,,,,,,,,,,,,,,,,,,,,,"{""brier"": {""delete_week_max"": 0.004992518151139807, ""delete_week_min"": 0.002855431528425461, ""delta"": 0.003549401918112286}, ""log_loss"": {""delete_week_max"": 0.012981486352662193, ""delete_week_min"": 0.007959053606678616, ""delta"": 0.009515050823591291}, ""status"": ""descriptive_not_confidence_interval"", ""weekly_support"": [{""negative"": 2, ""positive"": 0, ""rows"": 2, ""week_start_epoch"": 1672012800}, {""negative"": 383, ""positive"": 198, ""rows"": 581, ""week_start_epoch"": 1672617600}, {""negative"": 444, ""positive"": 132, ""rows"": 576, ""week_start_epoch"": 1673222400}, {""negative"": 418, ""positive"": 165, ""rows"": 583, ""week_start_epoch"": 1673827200}, {""negative"": 331, ""positive"": 96, ""rows"": 427, ""week_start_epoch"": 1674432000}, {""negative"": 324, ""positive"": 160, ""rows"": 484, ""week_start_epoch"": 1675036800}, {""negative"": 334, ""positive"": 163, ""rows"": 497, ""week_start_epoch"": 1675641600}, {""negative"": 347, ""positive"": 139, ""rows"": 486, ""week_start_epoch"": 1676246400}], ""weeks"": 8}",,,,,,,,,,,,
2023Q2,inner,0.0005,paired_sensitivity,uniform_1_minus_weighted_logistic,,,descriptive_not_confidence_interval,,,,,,,,,,,,,,,,,,,,,,,,,,,"{""brier"": {""delete_week_max"": 0.0025405347288018246, ""delete_week_min"": 0.00046205523458802794, ""delta"": 0.0012864330269336637}, ""log_loss"": {""delete_week_max"": 0.0059905407080872615, ""delete_week_min"": 0.0009372126325674399, ""delta"": 0.002938662753735664}, ""status"": ""descriptive_not_confidence_interval"", ""weekly_support"": [{""negative"": 2, ""positive"": 0, ""rows"": 2, ""week_start_epoch"": 1672012800}, {""negative"": 383, ""positive"": 198, ""rows"": 581, ""week_start_epoch"": 1672617600}, {""negative"": 444, ""positive"": 132, ""rows"": 576, ""week_start_epoch"": 1673222400}, {""negative"": 418, ""positive"": 165, ""rows"": 583, ""week_start_epoch"": 1673827200}, {""negative"": 331, ""positive"": 96, ""rows"": 427, ""week_start_epoch"": 1674432000}, {""negative"": 324, ""positive"": 160, ""rows"": 484, ""week_start_epoch"": 1675036800}, {""negative"": 334, ""positive"": 163, ""rows"": 497, ""week_start_epoch"": 1675641600}, {""negative"": 347, ""positive"": 139, ""rows"": 486, ""week_start_epoch"": 1676246400}], ""weeks"": 8}",,,,,,,,,,,,
2023Q2,inner,0.0005,member_diversity,sequential_0,0,0-1,,,,,,,,,,,,,,,,,,,,,,,,,,,,,-0.09387394431115036,0.12309429140345114,,,,,,,,,,
2023Q2,inner,0.0005,member_diversity,sequential_0,0,0-2,,,,,,,,,,,,,,,,,,,,,,,,,,,,,-0.07490817290646068,0.12206978947942906,,,,,,,,,,
2023Q2,inner,0.0005,member_diversity,sequential_0,0,1-2,,,,,,,,,,,,,,,,,,,,,,,,,,,,,-0.5356494047818325,0.11379483045102287,,,,,,,,,,
2023Q2,inner,0.0005,member_diversity,sequential_1,1,0-1,,,,,,,,,,,,,,,,,,,,,,,,,,,,,0.016698818652911722,0.1137976335425692,,,,,,,,,,
2023Q2,inner,0.0005,member_diversity,sequential_1,1,0-2,,,,,,,,,,,,,,,,,,,,,,,,,,,,,0.20350432071456498,0.08882111342495466,,,,,,,,,,
2023Q2,inner,0.0005,member_diversity,sequential_1,1,1-2,,,,,,,,,,,,,,,,,,,,,,,,,,,,,0.36344731872848857,0.08436624761973321,,,,,,,,,,
2023Q2,inner,0.0005,member_diversity,uniform_0,0,0-1,,,,,,,,,,,,,,,,,,,,,,,,,,,,,-0.03010347178556533,0.11152383786789781,,,,,,,,,,
2023Q2,inner,0.0005,member_diversity,uniform_0,0,0-2,,,,,,,,,,,,,,,,,,,,,,,,,,,,,0.14483972708136023,0.1022509049818152,,,,,,,,,,
2023Q2,inner,0.0005,member_diversity,uniform_0,0,1-2,,,,,,,,,,,,,,,,,,,,,,,,,,,,,0.3025256019451244,0.09320609420226866,,,,,,,,,,
2023Q2,inner,0.0005,member_diversity,uniform_1,1,0-1,,,,,,,,,,,,,,,,,,,,,,,,,,,,,0.567022397368242,0.0786925646126361,,,,,,,,,,
2023Q2,inner,0.0005,member_diversity,uniform_1,1,0-2,,,,,,,,,,,,,,,,,,,,,,,,,,,,,-0.08335822355519201,0.09839248833724794,,,,,,,,,,
2023Q2,inner,0.0005,member_diversity,uniform_1,1,1-2,,,,,,,,,,,,,,,,,,,,,,,,,,,,,0.1516369765818041,0.10825353198440499,,,,,,,,,,
2023Q2,inner,0.0005,fit_slot,full,,,succeeded,,,,,,,,,,,,,,,,,,,,,,,,,,,,,,,2023Q2:inner:0.0005:full,,False,"{""negative"": 21054, ""positive"": 7933, ""rows"": 28987}",2844db42687aa0b3874b730ec9de3e7a0aae1f3f7d9a04b8dbf0362a8bdabe91,69bfd697e434746d5667553a72fb4afebffd43ace316d738175686d00b186eb2,0.04726,[22],Individual member scores not recorded in frozen JSON; no new calculation from prediction payloads
2023Q2,inner,0.0005,fit_slot,sequential_0,0,0,succeeded,,,,,,,,,,,,,,,,,,,,,,,,,,,,,,,2023Q2:inner:0.0005:sequential_0:0,,False,"{""negative"": 341, ""positive"": 171, ""rows"": 512}",8f89847e1717d18e4f810ec5c6f62844bbc06b5f9c3bd3aa3d289be7ed760cd8,e714c4ce447b7fa4ac1cd6a88d66363a7dc291b8f757e9b71e0eb1ed935ff19d,0.019443,[27],Individual member scores not recorded in frozen JSON; no new calculation from prediction payloads
2023Q2,inner,0.0005,fit_slot,sequential_0,0,1,succeeded,,,,,,,,,,,,,,,,,,,,,,,,,,,,,,,2023Q2:inner:0.0005:sequential_0:1,,False,"{""negative"": 370, ""positive"": 142, ""rows"": 512}",61ac3491c7cdd5525c244c2b0139b49ea9109cb09f4ca2a3dbeee3b86a00bb2e,0504f0befebb6cbf30f1d224442da0d5b90c3dcb692b1a46a5e2d0563cf52ebc,0.022066,[28],Individual member scores not recorded in frozen JSON; no new calculation from prediction payloads
2023Q2,inner,0.0005,fit_slot,sequential_0,0,2,succeeded,,,,,,,,,,,,,,,,,,,,,,,,,,,,,,,2023Q2:inner:0.0005:sequential_0:2,,False,"{""negative"": 376, ""positive"": 136, ""rows"": 512}",79bbf79b3720342d221671c736181af0a271ba78af24033739a01f4a7dbec8d3,4776fac4f1b28736a38d3d4fad4b713899ef33b4f11f836db18ced1d698a2d0a,0.020397,[28],Individual member scores not recorded in frozen JSON; no new calculation from prediction payloads
2023Q2,inner,0.0005,fit_slot,sequential_1,1,0,succeeded,,,,,,,,,,,,,,,,,,,,,,,,,,,,,,,2023Q2:inner:0.0005:sequential_1:0,,False,"{""negative"": 374, ""positive"": 138, ""rows"": 512}",4f86d4e1e812a01e5f4ad028bc20c420d0c69afebc7f67129ec0935fcbd4f5a4,077b1a832c4c0fbfbbed386bac964a0e2543544b1380a3958b11bd4f032c4193,0.020733,[29],Individual member scores not recorded in frozen JSON; no new calculation from prediction payloads
2023Q2,inner,0.0005,fit_slot,sequential_1,1,1,succeeded,,,,,,,,,,,,,,,,,,,,,,,,,,,,,,,2023Q2:inner:0.0005:sequential_1:1,,False,"{""negative"": 368, ""positive"": 144, ""rows"": 512}",047d89f5c30a2958501106ac56bc07c41fbb67fb2d8cf921352de21fae1559b9,a1fa49cd3532aa5040127ab21aa8021343302145c1afaaa4e9857a5db83fcdb1,0.023365,[37],Individual member scores not recorded in frozen JSON; no new calculation from prediction payloads
2023Q2,inner,0.0005,fit_slot,sequential_1,1,2,succeeded,,,,,,,,,,,,,,,,,,,,,,,,,,,,,,,2023Q2:inner:0.0005:sequential_1:2,,False,"{""negative"": 377, ""positive"": 135, ""rows"": 512}",f98c5216bb15f03369d213c5a379861e0a7063b1ad8d365c413d9c0115b2a79f,f9b18d7775cea9f318fdb5994ce802348ff73b3266a75838623cfbb08c1eb489,0.020217,[28],Individual member scores not recorded in frozen JSON; no new calculation from prediction payloads
2023Q2,inner,0.0005,fit_slot,uniform_0,0,0,succeeded,,,,,,,,,,,,,,,,,,,,,,,,,,,,,,,2023Q2:inner:0.0005:uniform_0:0,,False,"{""negative"": 378, ""positive"": 134, ""rows"": 512}",e466f472258d7d97105d45d7cd441eb656adcbe9ca56b6b8d07230dc1ce336a5,6be15fe6485e8e727989f9449ae9dc9b23cddab6f44eed49274030ad7036d612,0.021518,[37],Individual member scores not recorded in frozen JSON; no new calculation from prediction payloads
2023Q2,inner,0.0005,fit_slot,uniform_0,0,1,succeeded,,,,,,,,,,,,,,,,,,,,,,,,,,,,,,,2023Q2:inner:0.0005:uniform_0:1,,False,"{""negative"": 363, ""positive"": 149, ""rows"": 512}",320b421a17cceafa2dcf0340b46d59e980ab921f7a001958851995496637ae81,f27cc051aed1cbf2d46a506256a078dbed536803d61ff9d8263b5b3c1677bd4f,0.021161,[31],Individual member scores not recorded in frozen JSON; no new calculation from prediction payloads
2023Q2,inner,0.0005,fit_slot,uniform_0,0,2,succeeded,,,,,,,,,,,,,,,,,,,,,,,,,,,,,,,2023Q2:inner:0.0005:uniform_0:2,,False,"{""negative"": 377, ""positive"": 135, ""rows"": 512}",0ebb8933f8ceae9a32468858f689f6bc323c486930ea94a5a86c6958d542b1a7,6eedbf7a10ddec2837969ae6f26053427382947bc7d5abf3f46e38ac16103c17,0.020591,[36],Individual member scores not recorded in frozen JSON; no new calculation from prediction payloads
2023Q2,inner,0.0005,fit_slot,uniform_1,1,0,succeeded,,,,,,,,,,,,,,,,,,,,,,,,,,,,,,,2023Q2:inner:0.0005:uniform_1:0,,False,"{""negative"": 363, ""positive"": 149, ""rows"": 512}",8691232567145061cae66e40f801b4774648011f3101248f4d91bd4e32fe9adf,c6d244e282aa4d3286a771addef0043ae8b408292ef54dbdfafd305c807cfd2e,0.019592,[34],Individual member scores not recorded in frozen JSON; no new calculation from prediction payloads
2023Q2,inner,0.0005,fit_slot,uniform_1,1,1,succeeded,,,,,,,,,,,,,,,,,,,,,,,,,,,,,,,2023Q2:inner:0.0005:uniform_1:1,,False,"{""negative"": 361, ""positive"": 151, ""rows"": 512}",9d854dfe7785a87cc2630622f26122b4a203a97f42dcd1e33a5d2e9a600a70f4,538138da4dce4d86ec253bede3bc3fb3a1ee6b541bc03d9f800b4174b0dc4341,0.019765,[30],Individual member scores not recorded in frozen JSON; no new calculation from prediction payloads
2023Q2,inner,0.0005,fit_slot,uniform_1,1,2,succeeded,,,,,,,,,,,,,,,,,,,,,,,,,,,,,,,2023Q2:inner:0.0005:uniform_1:2,,False,"{""negative"": 371, ""positive"": 141, ""rows"": 512}",ddc4b810fff90f8a1c4ebdaf2478279c99843135fb80ff42d62fcaf1c7ee660e,b23c97795b3bd672f92e5a8563e3cd4808969df02b77f0eb22a7ae49a6fdd9b7,0.019893,[33],Individual member scores not recorded in frozen JSON; no new calculation from prediction payloads
2023Q2,inner,0.001,primary,primary_unfiltered,,,available,1280,0.4294478527607362,0,930,930,350,0.2734375,1.0,0,1280,0,350,"{""all_outcomes"": {""ambiguous"": 51, ""causally_ineligible"": 21974, ""censored"": 460, ""no_primary_signal"": 11614, ""stop_loss"": 33416, ""take_profit"": 12801, ""timeout"": 23}, ""causal_eligible"": 1294, ""causal_reasons"": {"""": 47037, ""insufficient_history"": 33302}, ""eligible_outcomes"": {""ambiguous"": 2, ""censored"": 12, ""stop_loss"": 929, ""take_profit"": 350, ""timeout"": 1}, ""metric_rows"": 1280, ""openings"": 80339, ""primary_accepted"": 1294, ""primary_event"": 1765, ""primary_reasons"": {""no_momentum"": 399, ""primary_history"": 11215, ""signal"": 68725}, ""primary_signals"": 68725}",,,,,,,,,,,,,,,,,,,,,,,,,,
2023Q2,inner,0.001,model,full,,,available,199,,,,,,,,1095,,,,"{""all_outcomes"": {""ambiguous"": 51, ""causally_ineligible"": 21974, ""censored"": 460, ""no_primary_signal"": 11614, ""stop_loss"": 33416, ""take_profit"": 12801, ""timeout"": 23}, ""causal_eligible"": 1294, ""causal_reasons"": {"""": 47037, ""insufficient_history"": 33302}, ""eligible_outcomes"": {""ambiguous"": 2, ""censored"": 12, ""stop_loss"": 929, ""take_profit"": 350, ""timeout"": 1}, ""metric_rows"": 1280, ""openings"": 80339, ""primary_accepted"": 1294, ""primary_event"": 1765, ""primary_reasons"": {""no_momentum"": 399, ""primary_history"": 11215, ""signal"": 68725}, ""primary_signals"": 68725}",conclusive_metric_rows,"{""negative"": 930, ""positive"": 350, ""rows"": 1280}",0.5871618446453758,0.19887594910192463,0.5251705069124424,0.28845575160143255,"{""thresholds.0.5.precision"": ""no_signals""}",0.3,True,,1294,1294,"{""accepted"": 198, ""f1"": 0.2116788321167883, ""fn"": 292, ""fp"": 140, ""negative"": 930, ""positive"": 350, ""precision"": 0.29292929292929293, ""recall"": 0.1657142857142857, ""rejected"": 1082, ""rows"": 1280, ""tn"": 790, ""tp"": 58}",,,,,,,,,,,,,
2023Q2,inner,0.001,model,sequential_0,0,,available,309,,,,,,,,985,,,,"{""all_outcomes"": {""ambiguous"": 51, ""causally_ineligible"": 21974, ""censored"": 460, ""no_primary_signal"": 11614, ""stop_loss"": 33416, ""take_profit"": 12801, ""timeout"": 23}, ""causal_eligible"": 1294, ""causal_reasons"": {"""": 47037, ""insufficient_history"": 33302}, ""eligible_outcomes"": {""ambiguous"": 2, ""censored"": 12, ""stop_loss"": 929, ""take_profit"": 350, ""timeout"": 1}, ""metric_rows"": 1280, ""openings"": 80339, ""primary_accepted"": 1294, ""primary_event"": 1765, ""primary_reasons"": {""no_momentum"": 399, ""primary_history"": 11215, ""signal"": 68725}, ""primary_signals"": 68725}",conclusive_metric_rows,"{""negative"": 930, ""positive"": 350, ""rows"": 1280}",0.6001668484582189,0.2037438829609247,0.4867004608294931,0.27015041280924057,{},0.3,True,,1294,1294,"{""accepted"": 307, ""f1"": 0.2496194824961948, ""fn"": 268, ""fp"": 225, ""negative"": 930, ""positive"": 350, ""precision"": 0.2671009771986971, ""recall"": 0.2342857142857143, ""rejected"": 973, ""rows"": 1280, ""tn"": 705, ""tp"": 82}",,,,,,,,,,,,,
2023Q2,inner,0.001,model,sequential_1,1,,available,355,,,,,,,,939,,,,"{""all_outcomes"": {""ambiguous"": 51, ""causally_ineligible"": 21974, ""censored"": 460, ""no_primary_signal"": 11614, ""stop_loss"": 33416, ""take_profit"": 12801, ""timeout"": 23}, ""causal_eligible"": 1294, ""causal_reasons"": {"""": 47037, ""insufficient_history"": 33302}, ""eligible_outcomes"": {""ambiguous"": 2, ""censored"": 12, ""stop_loss"": 929, ""take_profit"": 350, ""timeout"": 1}, ""metric_rows"": 1280, ""openings"": 80339, ""primary_accepted"": 1294, ""primary_event"": 1765, ""primary_reasons"": {""no_momentum"": 399, ""primary_history"": 11215, ""signal"": 68725}, ""primary_signals"": 68725}",conclusive_metric_rows,"{""negative"": 930, ""positive"": 350, ""rows"": 1280}",0.5920211791720402,0.2004605154546649,0.5076190476190476,0.2994010931932397,"{""thresholds.0.5.precision"": ""no_signals""}",0.3,True,,1294,1294,"{""accepted"": 352, ""f1"": 0.30484330484330485, ""fn"": 243, ""fp"": 245, ""negative"": 930, ""positive"": 350, ""precision"": 0.3039772727272727, ""recall"": 0.3057142857142857, ""rejected"": 928, ""rows"": 1280, ""tn"": 685, ""tp"": 107}",,,,,,,,,,,,,
2023Q2,inner,0.001,model,uniform_0,0,,available,515,,,,,,,,779,,,,"{""all_outcomes"": {""ambiguous"": 51, ""causally_ineligible"": 21974, ""censored"": 460, ""no_primary_signal"": 11614, ""stop_loss"": 33416, ""take_profit"": 12801, ""timeout"": 23}, ""causal_eligible"": 1294, ""causal_reasons"": {"""": 47037, ""insufficient_history"": 33302}, ""eligible_outcomes"": {""ambiguous"": 2, ""censored"": 12, ""stop_loss"": 929, ""take_profit"": 350, ""timeout"": 1}, ""metric_rows"": 1280, ""openings"": 80339, ""primary_accepted"": 1294, ""primary_event"": 1765, ""primary_reasons"": {""no_momentum"": 399, ""primary_history"": 11215, ""signal"": 68725}, ""primary_signals"": 68725}",conclusive_metric_rows,"{""negative"": 930, ""positive"": 350, ""rows"": 1280}",0.5964804126119037,0.20266526213968863,0.5249093701996927,0.2910549234984112,{},0.3,True,,1294,1294,"{""accepted"": 513, ""f1"": 0.3499420625724218, ""fn"": 199, ""fp"": 362, ""negative"": 930, ""positive"": 350, ""precision"": 0.29434697855750486, ""recall"": 0.43142857142857144, ""rejected"": 767, ""rows"": 1280, ""tn"": 568, ""tp"": 151}",,,,,,,,,,,,,
2023Q2,inner,0.001,model,uniform_1,1,,available,349,,,,,,,,945,,,,"{""all_outcomes"": {""ambiguous"": 51, ""causally_ineligible"": 21974, ""censored"": 460, ""no_primary_signal"": 11614, ""stop_loss"": 33416, ""take_profit"": 12801, ""timeout"": 23}, ""causal_eligible"": 1294, ""causal_reasons"": {"""": 47037, ""insufficient_history"": 33302}, ""eligible_outcomes"": {""ambiguous"": 2, ""censored"": 12, ""stop_loss"": 929, ""take_profit"": 350, ""timeout"": 1}, ""metric_rows"": 1280, ""openings"": 80339, ""primary_accepted"": 1294, ""primary_event"": 1765, ""primary_reasons"": {""no_momentum"": 399, ""primary_history"": 11215, ""signal"": 68725}, ""primary_signals"": 68725}",conclusive_metric_rows,"{""negative"": 930, ""positive"": 350, ""rows"": 1280}",0.6039573332066569,0.20470969496934138,0.48530568356374815,0.2677111058882565,{},0.3,True,,1294,1294,"{""accepted"": 348, ""f1"": 0.25787965616045844, ""fn"": 260, ""fp"": 258, ""negative"": 930, ""positive"": 350, ""precision"": 0.25862068965517243, ""recall"": 0.2571428571428571, ""rejected"": 932, ""rows"": 1280, ""tn"": 672, ""tp"": 90}",,,,,,,,,,,,,
2023Q2,inner,0.001,model,weighted_constant,,,available,0,,,,,,,,1294,,,,"{""all_outcomes"": {""ambiguous"": 51, ""causally_ineligible"": 21974, ""censored"": 460, ""no_primary_signal"": 11614, ""stop_loss"": 33416, ""take_profit"": 12801, ""timeout"": 23}, ""causal_eligible"": 1294, ""causal_reasons"": {"""": 47037, ""insufficient_history"": 33302}, ""eligible_outcomes"": {""ambiguous"": 2, ""censored"": 12, ""stop_loss"": 929, ""take_profit"": 350, ""timeout"": 1}, ""metric_rows"": 1280, ""openings"": 80339, ""primary_accepted"": 1294, ""primary_event"": 1765, ""primary_reasons"": {""no_momentum"": 399, ""primary_history"": 11215, ""signal"": 68725}, ""primary_signals"": 68725}",conclusive_metric_rows,"{""negative"": 930, ""positive"": 350, ""rows"": 1280}",0.5869657914047444,0.1987935372257095,0.5,0.2734375,"{""thresholds.0.3.precision"": ""no_signals"", ""thresholds.0.4.precision"": ""no_signals"", ""thresholds.0.5.precision"": ""no_signals""}",0.5,True,,1294,1294,"{""accepted"": 0, ""f1"": 0.0, ""fn"": 350, ""fp"": 0, ""negative"": 930, ""positive"": 350, ""precision"": null, ""recall"": 0.0, ""rejected"": 1280, ""rows"": 1280, ""tn"": 930, ""tp"": 0}",,,,,,,,,,,,,
2023Q2,inner,0.001,model,weighted_logistic,,,available,171,,,,,,,,1123,,,,"{""all_outcomes"": {""ambiguous"": 51, ""causally_ineligible"": 21974, ""censored"": 460, ""no_primary_signal"": 11614, ""stop_loss"": 33416, ""take_profit"": 12801, ""timeout"": 23}, ""causal_eligible"": 1294, ""causal_reasons"": {"""": 47037, ""insufficient_history"": 33302}, ""eligible_outcomes"": {""ambiguous"": 2, ""censored"": 12, ""stop_loss"": 929, ""take_profit"": 350, ""timeout"": 1}, ""metric_rows"": 1280, ""openings"": 80339, ""primary_accepted"": 1294, ""primary_event"": 1765, ""primary_reasons"": {""no_momentum"": 399, ""primary_history"": 11215, ""signal"": 68725}, ""primary_signals"": 68725}",conclusive_metric_rows,"{""negative"": 930, ""positive"": 350, ""rows"": 1280}",0.593564123864686,0.20108974759965298,0.49252534562211975,0.26891674744085364,"{""thresholds.0.4.precision"": ""no_signals"", ""thresholds.0.5.precision"": ""no_signals""}",0.3,True,,1294,1294,"{""accepted"": 171, ""f1"": 0.1689059500959693, ""fn"": 306, ""fp"": 127, ""negative"": 930, ""positive"": 350, ""precision"": 0.2573099415204678, ""recall"": 0.12571428571428572, ""rejected"": 1109, ""rows"": 1280, ""tn"": 803, ""tp"": 44}",,,,,,,,,,,,,
2023Q2,inner,0.001,paired_sensitivity,sequential_0_minus_full,,,descriptive_not_confidence_interval,,,,,,,,,,,,,,,,,,,,,,,,,,,"{""brier"": {""delete_week_max"": 0.005322047549568434, ""delete_week_min"": 0.004150465035405574, ""delta"": 0.004867933859000089}, ""log_loss"": {""delete_week_max"": 0.01432964849132477, ""delete_week_min"": 0.010780718398684873, ""delta"": 0.013005003812843113}, ""status"": ""descriptive_not_confidence_interval"", ""weekly_support"": [{""negative"": 1, ""positive"": 0, ""rows"": 1, ""week_start_epoch"": 1672012800}, {""negative"": 136, ""positive"": 68, ""rows"": 204, ""week_start_epoch"": 1672617600}, {""negative"": 159, ""positive"": 42, ""rows"": 201, ""week_start_epoch"": 1673222400}, {""negative"": 146, ""positive"": 56, ""rows"": 202, ""week_start_epoch"": 1673827200}, {""negative"": 104, ""positive"": 37, ""rows"": 141, ""week_start_epoch"": 1674432000}, {""negative"": 129, ""positive"": 55, ""rows"": 184, ""week_start_epoch"": 1675036800}, {""negative"": 122, ""positive"": 48, ""rows"": 170, ""week_start_epoch"": 1675641600}, {""negative"": 133, ""positive"": 44, ""rows"": 177, ""week_start_epoch"": 1676246400}], ""weeks"": 8}",,,,,,,,,,,,
2023Q2,inner,0.001,paired_sensitivity,sequential_0_minus_uniform_0,,,descriptive_not_confidence_interval,,,,,,,,,,,,,,,,,,,,,,,,,,,"{""brier"": {""delete_week_max"": 0.002353526980625267, ""delete_week_min"": -0.0005993753434457939, ""delta"": 0.0010786208212361407}, ""log_loss"": {""delete_week_max"": 0.0065577677894511546, ""delete_week_min"": -0.0009065247676891764, ""delta"": 0.0036864358463153486}, ""status"": ""descriptive_not_confidence_interval"", ""weekly_support"": [{""negative"": 1, ""positive"": 0, ""rows"": 1, ""week_start_epoch"": 1672012800}, {""negative"": 136, ""positive"": 68, ""rows"": 204, ""week_start_epoch"": 1672617600}, {""negative"": 159, ""positive"": 42, ""rows"": 201, ""week_start_epoch"": 1673222400}, {""negative"": 146, ""positive"": 56, ""rows"": 202, ""week_start_epoch"": 1673827200}, {""negative"": 104, ""positive"": 37, ""rows"": 141, ""week_start_epoch"": 1674432000}, {""negative"": 129, ""positive"": 55, ""rows"": 184, ""week_start_epoch"": 1675036800}, {""negative"": 122, ""positive"": 48, ""rows"": 170, ""week_start_epoch"": 1675641600}, {""negative"": 133, ""positive"": 44, ""rows"": 177, ""week_start_epoch"": 1676246400}], ""weeks"": 8}",,,,,,,,,,,,
2023Q2,inner,0.001,paired_sensitivity,sequential_0_minus_weighted_constant,,,descriptive_not_confidence_interval,,,,,,,,,,,,,,,,,,,,,,,,,,,"{""brier"": {""delete_week_max"": 0.005958393390873568, ""delete_week_min"": 0.003954636775846004, ""delta"": 0.004950345735215236}, ""log_loss"": {""delete_week_max"": 0.0158063664352378, ""delete_week_min"": 0.010721353096415911, ""delta"": 0.013201057053474458}, ""status"": ""descriptive_not_confidence_interval"", ""weekly_support"": [{""negative"": 1, ""positive"": 0, ""rows"": 1, ""week_start_epoch"": 1672012800}, {""negative"": 136, ""positive"": 68, ""rows"": 204, ""week_start_epoch"": 1672617600}, {""negative"": 159, ""positive"": 42, ""rows"": 201, ""week_start_epoch"": 1673222400}, {""negative"": 146, ""positive"": 56, ""rows"": 202, ""week_start_epoch"": 1673827200}, {""negative"": 104, ""positive"": 37, ""rows"": 141, ""week_start_epoch"": 1674432000}, {""negative"": 129, ""positive"": 55, ""rows"": 184, ""week_start_epoch"": 1675036800}, {""negative"": 122, ""positive"": 48, ""rows"": 170, ""week_start_epoch"": 1675641600}, {""negative"": 133, ""positive"": 44, ""rows"": 177, ""week_start_epoch"": 1676246400}], ""weeks"": 8}",,,,,,,,,,,,
2023Q2,inner,0.001,paired_sensitivity,sequential_0_minus_weighted_logistic,,,descriptive_not_confidence_interval,,,,,,,,,,,,,,,,,,,,,,,,,,,"{""brier"": {""delete_week_max"": 0.004015237501360307, ""delete_week_min"": 0.001703092100817043, ""delta"": 0.002654135361271737}, ""log_loss"": {""delete_week_max"": 0.01028604319591088, ""delete_week_min"": 0.0036423782048897817, ""delta"": 0.006602724593532902}, ""status"": ""descriptive_not_confidence_interval"", ""weekly_support"": [{""negative"": 1, ""positive"": 0, ""rows"": 1, ""week_start_epoch"": 1672012800}, {""negative"": 136, ""positive"": 68, ""rows"": 204, ""week_start_epoch"": 1672617600}, {""negative"": 159, ""positive"": 42, ""rows"": 201, ""week_start_epoch"": 1673222400}, {""negative"": 146, ""positive"": 56, ""rows"": 202, ""week_start_epoch"": 1673827200}, {""negative"": 104, ""positive"": 37, ""rows"": 141, ""week_start_epoch"": 1674432000}, {""negative"": 129, ""positive"": 55, ""rows"": 184, ""week_start_epoch"": 1675036800}, {""negative"": 122, ""positive"": 48, ""rows"": 170, ""week_start_epoch"": 1675641600}, {""negative"": 133, ""positive"": 44, ""rows"": 177, ""week_start_epoch"": 1676246400}], ""weeks"": 8}",,,,,,,,,,,,
2023Q2,inner,0.001,paired_sensitivity,sequential_1_minus_full,,,descriptive_not_confidence_interval,,,,,,,,,,,,,,,,,,,,,,,,,,,"{""brier"": {""delete_week_max"": 0.001996087152020774, ""delete_week_min"": 0.0008210798482801785, ""delta"": 0.0015845663527402922}, ""log_loss"": {""delete_week_max"": 0.005991865906473987, ""delete_week_min"": 0.002678917998563492, ""delta"": 0.004859334526664378}, ""status"": ""descriptive_not_confidence_interval"", ""weekly_support"": [{""negative"": 1, ""positive"": 0, ""rows"": 1, ""week_start_epoch"": 1672012800}, {""negative"": 136, ""positive"": 68, ""rows"": 204, ""week_start_epoch"": 1672617600}, {""negative"": 159, ""positive"": 42, ""rows"": 201, ""week_start_epoch"": 1673222400}, {""negative"": 146, ""positive"": 56, ""rows"": 202, ""week_start_epoch"": 1673827200}, {""negative"": 104, ""positive"": 37, ""rows"": 141, ""week_start_epoch"": 1674432000}, {""negative"": 129, ""positive"": 55, ""rows"": 184, ""week_start_epoch"": 1675036800}, {""negative"": 122, ""positive"": 48, ""rows"": 170, ""week_start_epoch"": 1675641600}, {""negative"": 133, ""positive"": 44, ""rows"": 177, ""week_start_epoch"": 1676246400}], ""weeks"": 8}",,,,,,,,,,,,
2023Q2,inner,0.001,paired_sensitivity,sequential_1_minus_uniform_1,,,descriptive_not_confidence_interval,,,,,,,,,,,,,,,,,,,,,,,,,,,"{""brier"": {""delete_week_max"": -0.0036906082691272, ""delete_week_min"": -0.005950585943912108, ""delta"": -0.004249179514676463}, ""log_loss"": {""delete_week_max"": -0.010118813827936066, ""delete_week_min"": -0.016702184423103592, ""delta"": -0.011936154034616661}, ""status"": ""descriptive_not_confidence_interval"", ""weekly_support"": [{""negative"": 1, ""positive"": 0, ""rows"": 1, ""week_start_epoch"": 1672012800}, {""negative"": 136, ""positive"": 68, ""rows"": 204, ""week_start_epoch"": 1672617600}, {""negative"": 159, ""positive"": 42, ""rows"": 201, ""week_start_epoch"": 1673222400}, {""negative"": 146, ""positive"": 56, ""rows"": 202, ""week_start_epoch"": 1673827200}, {""negative"": 104, ""positive"": 37, ""rows"": 141, ""week_start_epoch"": 1674432000}, {""negative"": 129, ""positive"": 55, ""rows"": 184, ""week_start_epoch"": 1675036800}, {""negative"": 122, ""positive"": 48, ""rows"": 170, ""week_start_epoch"": 1675641600}, {""negative"": 133, ""positive"": 44, ""rows"": 177, ""week_start_epoch"": 1676246400}], ""weeks"": 8}",,,,,,,,,,,,
2023Q2,inner,0.001,paired_sensitivity,sequential_1_minus_weighted_constant,,,descriptive_not_confidence_interval,,,,,,,,,,,,,,,,,,,,,,,,,,,"{""brier"": {""delete_week_max"": 0.0029925888822718047, ""delete_week_min"": 0.000595571771136747, ""delta"": 0.0016669782289554405}, ""log_loss"": {""delete_week_max"": 0.007961486689963954, ""delete_week_min"": 0.0024154056689163544, ""delta"": 0.005055387767295722}, ""status"": ""descriptive_not_confidence_interval"", ""weekly_support"": [{""negative"": 1, ""positive"": 0, ""rows"": 1, ""week_start_epoch"": 1672012800}, {""negative"": 136, ""positive"": 68, ""rows"": 204, ""week_start_epoch"": 1672617600}, {""negative"": 159, ""positive"": 42, ""rows"": 201, ""week_start_epoch"": 1673222400}, {""negative"": 146, ""positive"": 56, ""rows"": 202, ""week_start_epoch"": 1673827200}, {""negative"": 104, ""positive"": 37, ""rows"": 141, ""week_start_epoch"": 1674432000}, {""negative"": 129, ""positive"": 55, ""rows"": 184, ""week_start_epoch"": 1675036800}, {""negative"": 122, ""positive"": 48, ""rows"": 170, ""week_start_epoch"": 1675641600}, {""negative"": 133, ""positive"": 44, ""rows"": 177, ""week_start_epoch"": 1676246400}], ""weeks"": 8}",,,,,,,,,,,,
2023Q2,inner,0.001,paired_sensitivity,sequential_1_minus_weighted_logistic,,,descriptive_not_confidence_interval,,,,,,,,,,,,,,,,,,,,,,,,,,,"{""brier"": {""delete_week_max"": 0.0010494329927585439, ""delete_week_min"": -0.0016528441581891119, ""delta"": -0.0006292321449880587}, ""log_loss"": {""delete_week_max"": 0.002556464366680257, ""delete_week_min"": -0.003990472984475011, ""delta"": -0.0015429446926458327}, ""status"": ""descriptive_not_confidence_interval"", ""weekly_support"": [{""negative"": 1, ""positive"": 0, ""rows"": 1, ""week_start_epoch"": 1672012800}, {""negative"": 136, ""positive"": 68, ""rows"": 204, ""week_start_epoch"": 1672617600}, {""negative"": 159, ""positive"": 42, ""rows"": 201, ""week_start_epoch"": 1673222400}, {""negative"": 146, ""positive"": 56, ""rows"": 202, ""week_start_epoch"": 1673827200}, {""negative"": 104, ""positive"": 37, ""rows"": 141, ""week_start_epoch"": 1674432000}, {""negative"": 129, ""positive"": 55, ""rows"": 184, ""week_start_epoch"": 1675036800}, {""negative"": 122, ""positive"": 48, ""rows"": 170, ""week_start_epoch"": 1675641600}, {""negative"": 133, ""positive"": 44, ""rows"": 177, ""week_start_epoch"": 1676246400}], ""weeks"": 8}",,,,,,,,,,,,
2023Q2,inner,0.001,paired_sensitivity,uniform_0_minus_full,,,descriptive_not_confidence_interval,,,,,,,,,,,,,,,,,,,,,,,,,,,"{""brier"": {""delete_week_max"": 0.004749840378851367, ""delete_week_min"": 0.002547925761563473, ""delta"": 0.0037893130377639485}, ""log_loss"": {""delete_week_max"": 0.011687243166374046, ""delete_week_min"": 0.006837597943555934, ""delta"": 0.009318567966527764}, ""status"": ""descriptive_not_confidence_interval"", ""weekly_support"": [{""negative"": 1, ""positive"": 0, ""rows"": 1, ""week_start_epoch"": 1672012800}, {""negative"": 136, ""positive"": 68, ""rows"": 204, ""week_start_epoch"": 1672617600}, {""negative"": 159, ""positive"": 42, ""rows"": 201, ""week_start_epoch"": 1673222400}, {""negative"": 146, ""positive"": 56, ""rows"": 202, ""week_start_epoch"": 1673827200}, {""negative"": 104, ""positive"": 37, ""rows"": 141, ""week_start_epoch"": 1674432000}, {""negative"": 129, ""positive"": 55, ""rows"": 184, ""week_start_epoch"": 1675036800}, {""negative"": 122, ""positive"": 48, ""rows"": 170, ""week_start_epoch"": 1675641600}, {""negative"": 133, ""positive"": 44, ""rows"": 177, ""week_start_epoch"": 1676246400}], ""weeks"": 8}",,,,,,,,,,,,
2023Q2,inner,0.001,paired_sensitivity,uniform_0_minus_weighted_constant,,,descriptive_not_confidence_interval,,,,,,,,,,,,,,,,,,,,,,,,,,,"{""brier"": {""delete_week_max"": 0.005707244832585858, ""delete_week_min"": 0.0019812598503334776, ""delta"": 0.0038717249139790964}, ""log_loss"": {""delete_week_max"": 0.014091817608106927, ""delete_week_min"": 0.005574499092435032, ""delta"": 0.009514621207159107}, ""status"": ""descriptive_not_confidence_interval"", ""weekly_support"": [{""negative"": 1, ""positive"": 0, ""rows"": 1, ""week_start_epoch"": 1672012800}, {""negative"": 136, ""positive"": 68, ""rows"": 204, ""week_start_epoch"": 1672617600}, {""negative"": 159, ""positive"": 42, ""rows"": 201, ""week_start_epoch"": 1673222400}, {""negative"": 146, ""positive"": 56, ""rows"": 202, ""week_start_epoch"": 1673827200}, {""negative"": 104, ""positive"": 37, ""rows"": 141, ""week_start_epoch"": 1674432000}, {""negative"": 129, ""positive"": 55, ""rows"": 184, ""week_start_epoch"": 1675036800}, {""negative"": 122, ""positive"": 48, ""rows"": 170, ""week_start_epoch"": 1675641600}, {""negative"": 133, ""positive"": 44, ""rows"": 177, ""week_start_epoch"": 1676246400}], ""weeks"": 8}",,,,,,,,,,,,
2023Q2,inner,0.001,paired_sensitivity,uniform_0_minus_weighted_logistic,,,descriptive_not_confidence_interval,,,,,,,,,,,,,,,,,,,,,,,,,,,"{""brier"": {""delete_week_max"": 0.0037640889430725966, ""delete_week_min"": -0.00047460694240361855, ""delta"": 0.0015755145400355962}, ""log_loss"": {""delete_week_max"": 0.008686795284823228, ""delete_week_min"": -0.0018428385078397384, ""delta"": 0.002916288747217554}, ""status"": ""descriptive_not_confidence_interval"", ""weekly_support"": [{""negative"": 1, ""positive"": 0, ""rows"": 1, ""week_start_epoch"": 1672012800}, {""negative"": 136, ""positive"": 68, ""rows"": 204, ""week_start_epoch"": 1672617600}, {""negative"": 159, ""positive"": 42, ""rows"": 201, ""week_start_epoch"": 1673222400}, {""negative"": 146, ""positive"": 56, ""rows"": 202, ""week_start_epoch"": 1673827200}, {""negative"": 104, ""positive"": 37, ""rows"": 141, ""week_start_epoch"": 1674432000}, {""negative"": 129, ""positive"": 55, ""rows"": 184, ""week_start_epoch"": 1675036800}, {""negative"": 122, ""positive"": 48, ""rows"": 170, ""week_start_epoch"": 1675641600}, {""negative"": 133, ""positive"": 44, ""rows"": 177, ""week_start_epoch"": 1676246400}], ""weeks"": 8}",,,,,,,,,,,,
2023Q2,inner,0.001,paired_sensitivity,uniform_1_minus_full,,,descriptive_not_confidence_interval,,,,,,,,,,,,,,,,,,,,,,,,,,,"{""brier"": {""delete_week_max"": 0.0078010601851733075, ""delete_week_min"": 0.004818320929438632, ""delta"": 0.005833745867416755}, ""log_loss"": {""delete_week_max"": 0.022210536753076028, ""delete_week_min"": 0.013959217135139585, ""delta"": 0.01679548856128104}, ""status"": ""descriptive_not_confidence_interval"", ""weekly_support"": [{""negative"": 1, ""positive"": 0, ""rows"": 1, ""week_start_epoch"": 1672012800}, {""negative"": 136, ""positive"": 68, ""rows"": 204, ""week_start_epoch"": 1672617600}, {""negative"": 159, ""positive"": 42, ""rows"": 201, ""week_start_epoch"": 1673222400}, {""negative"": 146, ""positive"": 56, ""rows"": 202, ""week_start_epoch"": 1673827200}, {""negative"": 104, ""positive"": 37, ""rows"": 141, ""week_start_epoch"": 1674432000}, {""negative"": 129, ""positive"": 55, ""rows"": 184, ""week_start_epoch"": 1675036800}, {""negative"": 122, ""positive"": 48, ""rows"": 170, ""week_start_epoch"": 1675641600}, {""negative"": 133, ""positive"": 44, ""rows"": 177, ""week_start_epoch"": 1676246400}], ""weeks"": 8}",,,,,,,,,,,,
2023Q2,inner,0.001,paired_sensitivity,uniform_1_minus_weighted_constant,,,descriptive_not_confidence_interval,,,,,,,,,,,,,,,,,,,,,,,,,,,"{""brier"": {""delete_week_max"": 0.00838360431181248, ""delete_week_min"": 0.004493630903675185, ""delta"": 0.005916157743631903}, ""log_loss"": {""delete_week_max"": 0.02368725469698906, ""delete_week_min"": 0.013545678443735824, ""delta"": 0.016991541801912386}, ""status"": ""descriptive_not_confidence_interval"", ""weekly_support"": [{""negative"": 1, ""positive"": 0, ""rows"": 1, ""week_start_epoch"": 1672012800}, {""negative"": 136, ""positive"": 68, ""rows"": 204, ""week_start_epoch"": 1672617600}, {""negative"": 159, ""positive"": 42, ""rows"": 201, ""week_start_epoch"": 1673222400}, {""negative"": 146, ""positive"": 56, ""rows"": 202, ""week_start_epoch"": 1673827200}, {""negative"": 104, ""positive"": 37, ""rows"": 141, ""week_start_epoch"": 1674432000}, {""negative"": 129, ""positive"": 55, ""rows"": 184, ""week_start_epoch"": 1675036800}, {""negative"": 122, ""positive"": 48, ""rows"": 170, ""week_start_epoch"": 1675641600}, {""negative"": 133, ""positive"": 44, ""rows"": 177, ""week_start_epoch"": 1676246400}], ""weeks"": 8}",,,,,,,,,,,,
2023Q2,inner,0.001,paired_sensitivity,uniform_1_minus_weighted_logistic,,,descriptive_not_confidence_interval,,,,,,,,,,,,,,,,,,,,,,,,,,,"{""brier"": {""delete_week_max"": 0.005311402010472033, ""delete_week_min"": 0.0020377641109380886, ""delta"": 0.0036199473696884046}, ""log_loss"": {""delete_week_max"": 0.014987067937292915, ""delete_week_min"": 0.0061283408434610566, ""delta"": 0.010393209341970827}, ""status"": ""descriptive_not_confidence_interval"", ""weekly_support"": [{""negative"": 1, ""positive"": 0, ""rows"": 1, ""week_start_epoch"": 1672012800}, {""negative"": 136, ""positive"": 68, ""rows"": 204, ""week_start_epoch"": 1672617600}, {""negative"": 159, ""positive"": 42, ""rows"": 201, ""week_start_epoch"": 1673222400}, {""negative"": 146, ""positive"": 56, ""rows"": 202, ""week_start_epoch"": 1673827200}, {""negative"": 104, ""positive"": 37, ""rows"": 141, ""week_start_epoch"": 1674432000}, {""negative"": 129, ""positive"": 55, ""rows"": 184, ""week_start_epoch"": 1675036800}, {""negative"": 122, ""positive"": 48, ""rows"": 170, ""week_start_epoch"": 1675641600}, {""negative"": 133, ""positive"": 44, ""rows"": 177, ""week_start_epoch"": 1676246400}], ""weeks"": 8}",,,,,,,,,,,,
2023Q2,inner,0.001,member_diversity,sequential_0,0,0-1,,,,,,,,,,,,,,,,,,,,,,,,,,,,,0.1036890303476149,0.10307379780665993,,,,,,,,,,
2023Q2,inner,0.001,member_diversity,sequential_0,0,0-2,,,,,,,,,,,,,,,,,,,,,,,,,,,,,0.11945432350860637,0.10328820632898293,,,,,,,,,,
2023Q2,inner,0.001,member_diversity,sequential_0,0,1-2,,,,,,,,,,,,,,,,,,,,,,,,,,,,,0.1667066382143595,0.08598261506654034,,,,,,,,,,
2023Q2,inner,0.001,member_diversity,sequential_1,1,0-1,,,,,,,,,,,,,,,,,,,,,,,,,,,,,0.025830357051377085,0.10304287502432613,,,,,,,,,,
2023Q2,inner,0.001,member_diversity,sequential_1,1,0-2,,,,,,,,,,,,,,,,,,,,,,,,,,,,,0.035695141050519935,0.10850074589253092,,,,,,,,,,
2023Q2,inner,0.001,member_diversity,sequential_1,1,1-2,,,,,,,,,,,,,,,,,,,,,,,,,,,,,-0.3005044455779104,0.13009971696474468,,,,,,,,,,
2023Q2,inner,0.001,member_diversity,uniform_0,0,0-1,,,,,,,,,,,,,,,,,,,,,,,,,,,,,0.3754071856426444,0.10097076008761544,,,,,,,,,,
2023Q2,inner,0.001,member_diversity,uniform_0,0,0-2,,,,,,,,,,,,,,,,,,,,,,,,,,,,,0.1511643845051048,0.11818877951984103,,,,,,,,,,
2023Q2,inner,0.001,member_diversity,uniform_0,0,1-2,,,,,,,,,,,,,,,,,,,,,,,,,,,,,0.06769091366565609,0.12325551975116403,,,,,,,,,,
2023Q2,inner,0.001,member_diversity,uniform_1,1,0-1,,,,,,,,,,,,,,,,,,,,,,,,,,,,,0.1961480885733192,0.09415090193712454,,,,,,,,,,
2023Q2,inner,0.001,member_diversity,uniform_1,1,0-2,,,,,,,,,,,,,,,,,,,,,,,,,,,,,0.09698016280467703,0.10753576238251113,,,,,,,,,,
2023Q2,inner,0.001,member_diversity,uniform_1,1,1-2,,,,,,,,,,,,,,,,,,,,,,,,,,,,,-0.058485749045977885,0.10717449274312726,,,,,,,,,,
2023Q2,inner,0.001,fit_slot,full,,,succeeded,,,,,,,,,,,,,,,,,,,,,,,,,,,,,,,2023Q2:inner:0.001:full,,False,"{""negative"": 7512, ""positive"": 2785, ""rows"": 10297}",5b6d4879138968b861a752beb945605e4ef32ac1fc7843f9b78c43904068a690,af2fa6eb950ea390a7f53f9424acc72d2f54601b59e580f1dffd88de3a616a00,0.031673,[25],Individual member scores not recorded in frozen JSON; no new calculation from prediction payloads
2023Q2,inner,0.001,fit_slot,sequential_0,0,0,succeeded,,,,,,,,,,,,,,,,,,,,,,,,,,,,,,,2023Q2:inner:0.001:sequential_0:0,,False,"{""negative"": 375, ""positive"": 137, ""rows"": 512}",058f22e6415288113d40617298fbed47574e219d9ef183d59d083c977ba0ad53,6166e4ab75fd9324c4a27f9ea87eaddc8c7be45aa1a2edb319ebd5fa766a890f,0.022605,[30],Individual member scores not recorded in frozen JSON; no new calculation from prediction payloads
2023Q2,inner,0.001,fit_slot,sequential_0,0,1,succeeded,,,,,,,,,,,,,,,,,,,,,,,,,,,,,,,2023Q2:inner:0.001:sequential_0:1,,False,"{""negative"": 378, ""positive"": 134, ""rows"": 512}",8c1faefb0d70c9e395a6550db22f37b5715e770cd1fe6d47d6b989e19ef0a312,7ae4714433d8e6266a5502cb1a4c04e1e6d8116c10115f3e7f3b30de827b0da0,0.023163,[33],Individual member scores not recorded in frozen JSON; no new calculation from prediction payloads
2023Q2,inner,0.001,fit_slot,sequential_0,0,2,succeeded,,,,,,,,,,,,,,,,,,,,,,,,,,,,,,,2023Q2:inner:0.001:sequential_0:2,,False,"{""negative"": 381, ""positive"": 131, ""rows"": 512}",5eff57f05d303a068019935a3a66c04ff4a98ebe7701663f0d136dac677c1eb2,b213442d57493ac54cc55272704fe43092961b7c958a46a6a3ded42b993a5cee,0.023071,[32],Individual member scores not recorded in frozen JSON; no new calculation from prediction payloads
2023Q2,inner,0.001,fit_slot,sequential_1,1,0,succeeded,,,,,,,,,,,,,,,,,,,,,,,,,,,,,,,2023Q2:inner:0.001:sequential_1:0,,False,"{""negative"": 364, ""positive"": 148, ""rows"": 512}",6da7cf1aa646cc77ce97a829356200f43a27b9ede56c2e1f3cef2f1ca865198e,73bf79aa5baa6c5b0e6c12fb770806b655b633566791dec679af876b3f251404,0.023372,[28],Individual member scores not recorded in frozen JSON; no new calculation from prediction payloads
2023Q2,inner,0.001,fit_slot,sequential_1,1,1,succeeded,,,,,,,,,,,,,,,,,,,,,,,,,,,,,,,2023Q2:inner:0.001:sequential_1:1,,False,"{""negative"": 383, ""positive"": 129, ""rows"": 512}",7fa7f5b6bcddef3c896b589e2702a56f37c4638668ac1c3e3c8b80c3897b0e49,25632acd107e90965bc549cb063e86830784e3e062fb86da4b349175b013f7ca,0.023,[35],Individual member scores not recorded in frozen JSON; no new calculation from prediction payloads
2023Q2,inner,0.001,fit_slot,sequential_1,1,2,succeeded,,,,,,,,,,,,,,,,,,,,,,,,,,,,,,,2023Q2:inner:0.001:sequential_1:2,,False,"{""negative"": 376, ""positive"": 136, ""rows"": 512}",9b8933b3f878118a282c4dc5238cc20ee639e2331b3fcbf3e798d248f38e5dc8,f3dba00d0ada3b11e53a6d47e608db1d15b3a227df6c2f8f8e5fe64ec3bafd9d,0.021472,[27],Individual member scores not recorded in frozen JSON; no new calculation from prediction payloads
2023Q2,inner,0.001,fit_slot,uniform_0,0,0,succeeded,,,,,,,,,,,,,,,,,,,,,,,,,,,,,,,2023Q2:inner:0.001:uniform_0:0,,False,"{""negative"": 360, ""positive"": 152, ""rows"": 512}",fb058652acfc08a863c8c0f6c818ea048c7863a3ec650333c67eddcf4423cfe9,4312bab368390d313987472fe94288d9ac6189c39976a2b4280b7a77082e3f0d,0.02014,[28],Individual member scores not recorded in frozen JSON; no new calculation from prediction payloads
2023Q2,inner,0.001,fit_slot,uniform_0,0,1,succeeded,,,,,,,,,,,,,,,,,,,,,,,,,,,,,,,2023Q2:inner:0.001:uniform_0:1,,False,"{""negative"": 365, ""positive"": 147, ""rows"": 512}",b3748e130e3d7313b7c9d030f97eb18a89f5b4dc27df544f609123846051ac64,d36f08120cff917bd85c4a27080e6fa21d71423891411c3dd5abaa60a5330270,0.020422,[39],Individual member scores not recorded in frozen JSON; no new calculation from prediction payloads
2023Q2,inner,0.001,fit_slot,uniform_0,0,2,succeeded,,,,,,,,,,,,,,,,,,,,,,,,,,,,,,,2023Q2:inner:0.001:uniform_0:2,,False,"{""negative"": 361, ""positive"": 151, ""rows"": 512}",ecbeb5d72ca24152ca3e38a72f20a2a95cd8f41cf742df2f04e348c85e46cfee,c701f379b3ca3129e1d241f55340e8c555e2a17fcab52a8fb60f7d7ea8707dc5,0.020799,[29],Individual member scores not recorded in frozen JSON; no new calculation from prediction payloads
2023Q2,inner,0.001,fit_slot,uniform_1,1,0,succeeded,,,,,,,,,,,,,,,,,,,,,,,,,,,,,,,2023Q2:inner:0.001:uniform_1:0,,False,"{""negative"": 378, ""positive"": 134, ""rows"": 512}",bd1191d9e14fcc2592b2801edf9ccf7b7c477d9df1e8e2e3b6da492466d5a652,044a17dcf0b84c9d2a00c0ed2a7c98377f91838f6269d9c98eb8b760f38e4412,0.023354,[32],Individual member scores not recorded in frozen JSON; no new calculation from prediction payloads
2023Q2,inner,0.001,fit_slot,uniform_1,1,1,succeeded,,,,,,,,,,,,,,,,,,,,,,,,,,,,,,,2023Q2:inner:0.001:uniform_1:1,,False,"{""negative"": 381, ""positive"": 131, ""rows"": 512}",d65dbef2044d3c11879aba4a518df4afab787436b81885c347b42a90371b021a,85e75cd1a07a92a799ff88bff236ea096ded8a6261f025acd0bb9cea95dc659c,0.022938,[32],Individual member scores not recorded in frozen JSON; no new calculation from prediction payloads
2023Q2,inner,0.001,fit_slot,uniform_1,1,2,succeeded,,,,,,,,,,,,,,,,,,,,,,,,,,,,,,,2023Q2:inner:0.001:uniform_1:2,,False,"{""negative"": 382, ""positive"": 130, ""rows"": 512}",649c26be1a0e28e7b9cefcbff905c75e31553ed8471c7e752ad91f6ef36a0885,fec1a506dad1708d9784a78f7953a4c598c936708786c780871159c5ac23e920,0.023747,[32],Individual member scores not recorded in frozen JSON; no new calculation from prediction payloads
2023Q2,inner,temporal,primary,primary_unfiltered,,,available,46240,0.43363086668586237,0,33439,33439,12801,0.27683823529411766,1.0,0,46240,0,12801,"{""all_outcomes"": {""ambiguous"": 51, ""causally_ineligible"": 21974, ""censored"": 460, ""no_primary_signal"": 11614, ""stop_loss"": 33416, ""take_profit"": 12801, ""timeout"": 23}, ""causal_eligible"": 46751, ""causal_reasons"": {"""": 47037, ""insufficient_history"": 33302}, ""eligible_outcomes"": {""ambiguous"": 51, ""censored"": 460, ""stop_loss"": 33416, ""take_profit"": 12801, ""timeout"": 23}, ""metric_rows"": 46240, ""openings"": 80339, ""primary_accepted"": 46751, ""primary_event"": 68725, ""primary_reasons"": {""no_momentum"": 399, ""primary_history"": 11215, ""signal"": 68725}, ""primary_signals"": 68725}",,,,,,,,,,,,,,,,,,,,,,,,,,
2023Q2,inner,temporal,model,full,,,available,2203,,,,,,,,44548,,,,"{""all_outcomes"": {""ambiguous"": 51, ""causally_ineligible"": 21974, ""censored"": 460, ""no_primary_signal"": 11614, ""stop_loss"": 33416, ""take_profit"": 12801, ""timeout"": 23}, ""causal_eligible"": 46751, ""causal_reasons"": {"""": 47037, ""insufficient_history"": 33302}, ""eligible_outcomes"": {""ambiguous"": 51, ""censored"": 460, ""stop_loss"": 33416, ""take_profit"": 12801, ""timeout"": 23}, ""metric_rows"": 46240, ""openings"": 80339, ""primary_accepted"": 46751, ""primary_event"": 68725, ""primary_reasons"": {""no_momentum"": 399, ""primary_history"": 11215, ""signal"": 68725}, ""primary_signals"": 68725}",conclusive_metric_rows,"{""negative"": 33439, ""positive"": 12801, ""rows"": 46240}",0.5922729190932454,0.20107347675937248,0.48445363515210105,0.2801380722365896,"{""thresholds.0.4.precision"": ""no_signals"", ""thresholds.0.5.precision"": ""no_signals""}",0.3,True,,46751,46751,"{""accepted"": 2177, ""f1"": 0.09640806516223795, ""fn"": 12079, ""fp"": 1455, ""negative"": 33439, ""positive"": 12801, ""precision"": 0.33164905833716124, ""recall"": 0.05640184360596828, ""rejected"": 44063, ""rows"": 46240, ""tn"": 31984, ""tp"": 722}",,,,,,,,,,,,,
2023Q2,inner,temporal,model,sequential_0,0,,available,18748,,,,,,,,28003,,,,"{""all_outcomes"": {""ambiguous"": 51, ""causally_ineligible"": 21974, ""censored"": 460, ""no_primary_signal"": 11614, ""stop_loss"": 33416, ""take_profit"": 12801, ""timeout"": 23}, ""causal_eligible"": 46751, ""causal_reasons"": {"""": 47037, ""insufficient_history"": 33302}, ""eligible_outcomes"": {""ambiguous"": 51, ""censored"": 460, ""stop_loss"": 33416, ""take_profit"": 12801, ""timeout"": 23}, ""metric_rows"": 46240, ""openings"": 80339, ""primary_accepted"": 46751, ""primary_event"": 68725, ""primary_reasons"": {""no_momentum"": 399, ""primary_history"": 11215, ""signal"": 68725}, ""primary_signals"": 68725}",conclusive_metric_rows,"{""negative"": 33439, ""positive"": 12801, ""rows"": 46240}",0.605324852347579,0.20624255191744606,0.49143617124154676,0.2730702979773947,{},0.3,True,,46751,46751,"{""accepted"": 18539, ""f1"": 0.31767708998085514, ""fn"": 7823, ""fp"": 13561, ""negative"": 33439, ""positive"": 12801, ""precision"": 0.26851502238524194, ""recall"": 0.3888758690727287, ""rejected"": 27701, ""rows"": 46240, ""tn"": 19878, ""tp"": 4978}",,,,,,,,,,,,,
2023Q2,inner,temporal,model,sequential_1,1,,available,14080,,,,,,,,32671,,,,"{""all_outcomes"": {""ambiguous"": 51, ""causally_ineligible"": 21974, ""censored"": 460, ""no_primary_signal"": 11614, ""stop_loss"": 33416, ""take_profit"": 12801, ""timeout"": 23}, ""causal_eligible"": 46751, ""causal_reasons"": {"""": 47037, ""insufficient_history"": 33302}, ""eligible_outcomes"": {""ambiguous"": 51, ""censored"": 460, ""stop_loss"": 33416, ""take_profit"": 12801, ""timeout"": 23}, ""metric_rows"": 46240, ""openings"": 80339, ""primary_accepted"": 46751, ""primary_event"": 68725, ""primary_reasons"": {""no_momentum"": 399, ""primary_history"": 11215, ""signal"": 68725}, ""primary_signals"": 68725}",conclusive_metric_rows,"{""negative"": 33439, ""positive"": 12801, ""rows"": 46240}",0.5970196825041115,0.20305418507876255,0.5067747590734979,0.27157404510749805,{},0.3,True,,46751,46751,"{""accepted"": 13880, ""f1"": 0.282748022937671, ""fn"": 9029, ""fp"": 10108, ""negative"": 33439, ""positive"": 12801, ""precision"": 0.2717579250720461, ""recall"": 0.29466447933755174, ""rejected"": 32360, ""rows"": 46240, ""tn"": 23331, ""tp"": 3772}",,,,,,,,,,,,,
2023Q2,inner,temporal,model,uniform_0,0,,available,9646,,,,,,,,37105,,,,"{""all_outcomes"": {""ambiguous"": 51, ""causally_ineligible"": 21974, ""censored"": 460, ""no_primary_signal"": 11614, ""stop_loss"": 33416, ""take_profit"": 12801, ""timeout"": 23}, ""causal_eligible"": 46751, ""causal_reasons"": {"""": 47037, ""insufficient_history"": 33302}, ""eligible_outcomes"": {""ambiguous"": 51, ""censored"": 460, ""stop_loss"": 33416, ""take_profit"": 12801, ""timeout"": 23}, ""metric_rows"": 46240, ""openings"": 80339, ""primary_accepted"": 46751, ""primary_event"": 68725, ""primary_reasons"": {""no_momentum"": 399, ""primary_history"": 11215, ""signal"": 68725}, ""primary_signals"": 68725}",conclusive_metric_rows,"{""negative"": 33439, ""positive"": 12801, ""rows"": 46240}",0.606664578825121,0.20577240257554233,0.49168112943230796,0.2804754228814252,{},0.3,True,,46751,46751,"{""accepted"": 9553, ""f1"": 0.25069338820792697, ""fn"": 9999, ""fp"": 6751, ""negative"": 33439, ""positive"": 12801, ""precision"": 0.29331100177954567, ""recall"": 0.21888914928521208, ""rejected"": 36687, ""rows"": 46240, ""tn"": 26688, ""tp"": 2802}",,,,,,,,,,,,,
2023Q2,inner,temporal,model,uniform_1,1,,available,9332,,,,,,,,37419,,,,"{""all_outcomes"": {""ambiguous"": 51, ""causally_ineligible"": 21974, ""censored"": 460, ""no_primary_signal"": 11614, ""stop_loss"": 33416, ""take_profit"": 12801, ""timeout"": 23}, ""causal_eligible"": 46751, ""causal_reasons"": {"""": 47037, ""insufficient_history"": 33302}, ""eligible_outcomes"": {""ambiguous"": 51, ""censored"": 460, ""stop_loss"": 33416, ""take_profit"": 12801, ""timeout"": 23}, ""metric_rows"": 46240, ""openings"": 80339, ""primary_accepted"": 46751, ""primary_event"": 68725, ""primary_reasons"": {""no_momentum"": 399, ""primary_history"": 11215, ""signal"": 68725}, ""primary_signals"": 68725}",conclusive_metric_rows,"{""negative"": 33439, ""positive"": 12801, ""rows"": 46240}",0.5992192149897165,0.20363567210620126,0.4938632442352493,0.27307588883112016,{},0.3,True,,46751,46751,"{""accepted"": 9232, ""f1"": 0.2271138746425816, ""fn"": 10299, ""fp"": 6730, ""negative"": 33439, ""positive"": 12801, ""precision"": 0.27101386481802425, ""recall"": 0.19545348019685962, ""rejected"": 37008, ""rows"": 46240, ""tn"": 26709, ""tp"": 2502}",,,,,,,,,,,,,
2023Q2,inner,temporal,model,weighted_constant,,,available,0,,,,,,,,46751,,,,"{""all_outcomes"": {""ambiguous"": 51, ""causally_ineligible"": 21974, ""censored"": 460, ""no_primary_signal"": 11614, ""stop_loss"": 33416, ""take_profit"": 12801, ""timeout"": 23}, ""causal_eligible"": 46751, ""causal_reasons"": {"""": 47037, ""insufficient_history"": 33302}, ""eligible_outcomes"": {""ambiguous"": 51, ""censored"": 460, ""stop_loss"": 33416, ""take_profit"": 12801, ""timeout"": 23}, ""metric_rows"": 46240, ""openings"": 80339, ""primary_accepted"": 46751, ""primary_event"": 68725, ""primary_reasons"": {""no_momentum"": 399, ""primary_history"": 11215, ""signal"": 68725}, ""primary_signals"": 68725}",conclusive_metric_rows,"{""negative"": 33439, ""positive"": 12801, ""rows"": 46240}",0.5902531518008005,0.20032120172570916,0.5,0.27683823529411766,"{""thresholds.0.3.precision"": ""no_signals"", ""thresholds.0.4.precision"": ""no_signals"", ""thresholds.0.5.precision"": ""no_signals""}",0.5,True,,46751,46751,"{""accepted"": 0, ""f1"": 0.0, ""fn"": 12801, ""fp"": 0, ""negative"": 33439, ""positive"": 12801, ""precision"": null, ""recall"": 0.0, ""rejected"": 46240, ""rows"": 46240, ""tn"": 33439, ""tp"": 0}",,,,,,,,,,,,,
2023Q2,inner,temporal,model,weighted_logistic,,,available,8365,,,,,,,,38386,,,,"{""all_outcomes"": {""ambiguous"": 51, ""causally_ineligible"": 21974, ""censored"": 460, ""no_primary_signal"": 11614, ""stop_loss"": 33416, ""take_profit"": 12801, ""timeout"": 23}, ""causal_eligible"": 46751, ""causal_reasons"": {"""": 47037, ""insufficient_history"": 33302}, ""eligible_outcomes"": {""ambiguous"": 51, ""censored"": 460, ""stop_loss"": 33416, ""take_profit"": 12801, ""timeout"": 23}, ""metric_rows"": 46240, ""openings"": 80339, ""primary_accepted"": 46751, ""primary_event"": 68725, ""primary_reasons"": {""no_momentum"": 399, ""primary_history"": 11215, ""signal"": 68725}, ""primary_signals"": 68725}",conclusive_metric_rows,"{""negative"": 33439, ""positive"": 12801, ""rows"": 46240}",0.5961647032071494,0.20235663323834116,0.4855950835523292,0.28441707603500754,"{""thresholds.0.5.precision"": ""no_signals""}",0.3,True,,46751,46751,"{""accepted"": 8351, ""f1"": 0.23515506807866868, ""fn"": 10314, ""fp"": 5864, ""negative"": 33439, ""positive"": 12801, ""precision"": 0.2978086456711771, ""recall"": 0.194281696742442, ""rejected"": 37889, ""rows"": 46240, ""tn"": 27575, ""tp"": 2487}",,,,,,,,,,,,,
2023Q2,inner,temporal,paired_sensitivity,sequential_0_minus_full,,,descriptive_not_confidence_interval,,,,,,,,,,,,,,,,,,,,,,,,,,,"{""brier"": {""delete_week_max"": 0.005874758990952955, ""delete_week_min"": 0.004699760893090353, ""delta"": 0.005169075158073595}, ""log_loss"": {""delete_week_max"": 0.014717766035996654, ""delete_week_min"": 0.011859272787562939, ""delta"": 0.013051933254333686}, ""status"": ""descriptive_not_confidence_interval"", ""weekly_support"": [{""negative"": 7, ""positive"": 2, ""rows"": 9, ""week_start_epoch"": 1672012800}, {""negative"": 3872, ""positive"": 1764, ""rows"": 5636, ""week_start_epoch"": 1672617600}, {""negative"": 5437, ""positive"": 1679, ""rows"": 7116, ""week_start_epoch"": 1673222400}, {""negative"": 5256, ""positive"": 1861, ""rows"": 7117, ""week_start_epoch"": 1673827200}, {""negative"": 4619, ""positive"": 1562, ""rows"": 6181, ""week_start_epoch"": 1674432000}, {""negative"": 4369, ""positive"": 1933, ""rows"": 6302, ""week_start_epoch"": 1675036800}, {""negative"": 5160, ""positive"": 1945, ""rows"": 7105, ""week_start_epoch"": 1675641600}, {""negative"": 4719, ""positive"": 2055, ""rows"": 6774, ""week_start_epoch"": 1676246400}], ""weeks"": 8}",,,,,,,,,,,,
2023Q2,inner,temporal,paired_sensitivity,sequential_0_minus_uniform_0,,,descriptive_not_confidence_interval,,,,,,,,,,,,,,,,,,,,,,,,,,,"{""brier"": {""delete_week_max"": 0.0013603275752147007, ""delete_week_min"": -0.0005664437220900985, ""delta"": 0.0004701493419037376}, ""log_loss"": {""delete_week_max"": 0.00087801958798648, ""delete_week_min"": -0.004125002824117317, ""delta"": -0.001339726477541954}, ""status"": ""descriptive_not_confidence_interval"", ""weekly_support"": [{""negative"": 7, ""positive"": 2, ""rows"": 9, ""week_start_epoch"": 1672012800}, {""negative"": 3872, ""positive"": 1764, ""rows"": 5636, ""week_start_epoch"": 1672617600}, {""negative"": 5437, ""positive"": 1679, ""rows"": 7116, ""week_start_epoch"": 1673222400}, {""negative"": 5256, ""positive"": 1861, ""rows"": 7117, ""week_start_epoch"": 1673827200}, {""negative"": 4619, ""positive"": 1562, ""rows"": 6181, ""week_start_epoch"": 1674432000}, {""negative"": 4369, ""positive"": 1933, ""rows"": 6302, ""week_start_epoch"": 1675036800}, {""negative"": 5160, ""positive"": 1945, ""rows"": 7105, ""week_start_epoch"": 1675641600}, {""negative"": 4719, ""positive"": 2055, ""rows"": 6774, ""week_start_epoch"": 1676246400}], ""weeks"": 8}",,,,,,,,,,,,
2023Q2,inner,temporal,paired_sensitivity,sequential_0_minus_weighted_constant,,,descriptive_not_confidence_interval,,,,,,,,,,,,,,,,,,,,,,,,,,,"{""brier"": {""delete_week_max"": 0.00651538478612607, ""delete_week_min"": 0.005180221729414936, ""delta"": 0.005921350191736898}, ""log_loss"": {""delete_week_max"": 0.016486150106914562, ""delete_week_min"": 0.013544185430608249, ""delta"": 0.015071700546778623}, ""status"": ""descriptive_not_confidence_interval"", ""weekly_support"": [{""negative"": 7, ""positive"": 2, ""rows"": 9, ""week_start_epoch"": 1672012800}, {""negative"": 3872, ""positive"": 1764, ""rows"": 5636, ""week_start_epoch"": 1672617600}, {""negative"": 5437, ""positive"": 1679, ""rows"": 7116, ""week_start_epoch"": 1673222400}, {""negative"": 5256, ""positive"": 1861, ""rows"": 7117, ""week_start_epoch"": 1673827200}, {""negative"": 4619, ""positive"": 1562, ""rows"": 6181, ""week_start_epoch"": 1674432000}, {""negative"": 4369, ""positive"": 1933, ""rows"": 6302, ""week_start_epoch"": 1675036800}, {""negative"": 5160, ""positive"": 1945, ""rows"": 7105, ""week_start_epoch"": 1675641600}, {""negative"": 4719, ""positive"": 2055, ""rows"": 6774, ""week_start_epoch"": 1676246400}], ""weeks"": 8}",,,,,,,,,,,,
2023Q2,inner,temporal,paired_sensitivity,sequential_0_minus_weighted_logistic,,,descriptive_not_confidence_interval,,,,,,,,,,,,,,,,,,,,,,,,,,,"{""brier"": {""delete_week_max"": 0.00467822684134978, ""delete_week_min"": 0.0031218117949368884, ""delta"": 0.003885918679104903}, ""log_loss"": {""delete_week_max"": 0.010963066425504013, ""delete_week_min"": 0.007288812963719601, ""delta"": 0.009160149140429754}, ""status"": ""descriptive_not_confidence_interval"", ""weekly_support"": [{""negative"": 7, ""positive"": 2, ""rows"": 9, ""week_start_epoch"": 1672012800}, {""negative"": 3872, ""positive"": 1764, ""rows"": 5636, ""week_start_epoch"": 1672617600}, {""negative"": 5437, ""positive"": 1679, ""rows"": 7116, ""week_start_epoch"": 1673222400}, {""negative"": 5256, ""positive"": 1861, ""rows"": 7117, ""week_start_epoch"": 1673827200}, {""negative"": 4619, ""positive"": 1562, ""rows"": 6181, ""week_start_epoch"": 1674432000}, {""negative"": 4369, ""positive"": 1933, ""rows"": 6302, ""week_start_epoch"": 1675036800}, {""negative"": 5160, ""positive"": 1945, ""rows"": 7105, ""week_start_epoch"": 1675641600}, {""negative"": 4719, ""positive"": 2055, ""rows"": 6774, ""week_start_epoch"": 1676246400}], ""weeks"": 8}",,,,,,,,,,,,
2023Q2,inner,temporal,paired_sensitivity,sequential_1_minus_full,,,descriptive_not_confidence_interval,,,,,,,,,,,,,,,,,,,,,,,,,,,"{""brier"": {""delete_week_max"": 0.002781988505898666, ""delete_week_min"": 0.0007626660169480878, ""delta"": 0.0019807083193900776}, ""log_loss"": {""delete_week_max"": 0.006741880816878424, ""delete_week_min"": 0.0014856883028822715, ""delta"": 0.004746763410865975}, ""status"": ""descriptive_not_confidence_interval"", ""weekly_support"": [{""negative"": 7, ""positive"": 2, ""rows"": 9, ""week_start_epoch"": 1672012800}, {""negative"": 3872, ""positive"": 1764, ""rows"": 5636, ""week_start_epoch"": 1672617600}, {""negative"": 5437, ""positive"": 1679, ""rows"": 7116, ""week_start_epoch"": 1673222400}, {""negative"": 5256, ""positive"": 1861, ""rows"": 7117, ""week_start_epoch"": 1673827200}, {""negative"": 4619, ""positive"": 1562, ""rows"": 6181, ""week_start_epoch"": 1674432000}, {""negative"": 4369, ""positive"": 1933, ""rows"": 6302, ""week_start_epoch"": 1675036800}, {""negative"": 5160, ""positive"": 1945, ""rows"": 7105, ""week_start_epoch"": 1675641600}, {""negative"": 4719, ""positive"": 2055, ""rows"": 6774, ""week_start_epoch"": 1676246400}], ""weeks"": 8}",,,,,,,,,,,,
2023Q2,inner,temporal,paired_sensitivity,sequential_1_minus_uniform_1,,,descriptive_not_confidence_interval,,,,,,,,,,,,,,,,,,,,,,,,,,,"{""brier"": {""delete_week_max"": 0.0003254978958671783, ""delete_week_min"": -0.0018288592776579714, ""delta"": -0.0005814870274387205}, ""log_loss"": {""delete_week_max"": 0.00016036962602832526, ""delete_week_min"": -0.005505329665312052, ""delta"": -0.002199532485605187}, ""status"": ""descriptive_not_confidence_interval"", ""weekly_support"": [{""negative"": 7, ""positive"": 2, ""rows"": 9, ""week_start_epoch"": 1672012800}, {""negative"": 3872, ""positive"": 1764, ""rows"": 5636, ""week_start_epoch"": 1672617600}, {""negative"": 5437, ""positive"": 1679, ""rows"": 7116, ""week_start_epoch"": 1673222400}, {""negative"": 5256, ""positive"": 1861, ""rows"": 7117, ""week_start_epoch"": 1673827200}, {""negative"": 4619, ""positive"": 1562, ""rows"": 6181, ""week_start_epoch"": 1674432000}, {""negative"": 4369, ""positive"": 1933, ""rows"": 6302, ""week_start_epoch"": 1675036800}, {""negative"": 5160, ""positive"": 1945, ""rows"": 7105, ""week_start_epoch"": 1675641600}, {""negative"": 4719, ""positive"": 2055, ""rows"": 6774, ""week_start_epoch"": 1676246400}], ""weeks"": 8}",,,,,,,,,,,,
2023Q2,inner,temporal,paired_sensitivity,sequential_1_minus_weighted_constant,,,descriptive_not_confidence_interval,,,,,,,,,,,,,,,,,,,,,,,,,,,"{""brier"": {""delete_week_max"": 0.003553224105235664, ""delete_week_min"": 0.0018532955395826763, ""delta"": 0.002732983353053379}, ""log_loss"": {""delete_week_max"": 0.008783590597479721, ""delete_week_min"": 0.004372710518767662, ""delta"": 0.00676653070331091}, ""status"": ""descriptive_not_confidence_interval"", ""weekly_support"": [{""negative"": 7, ""positive"": 2, ""rows"": 9, ""week_start_epoch"": 1672012800}, {""negative"": 3872, ""positive"": 1764, ""rows"": 5636, ""week_start_epoch"": 1672617600}, {""negative"": 5437, ""positive"": 1679, ""rows"": 7116, ""week_start_epoch"": 1673222400}, {""negative"": 5256, ""positive"": 1861, ""rows"": 7117, ""week_start_epoch"": 1673827200}, {""negative"": 4619, ""positive"": 1562, ""rows"": 6181, ""week_start_epoch"": 1674432000}, {""negative"": 4369, ""positive"": 1933, ""rows"": 6302, ""week_start_epoch"": 1675036800}, {""negative"": 5160, ""positive"": 1945, ""rows"": 7105, ""week_start_epoch"": 1675641600}, {""negative"": 4719, ""positive"": 2055, ""rows"": 6774, ""week_start_epoch"": 1676246400}], ""weeks"": 8}",,,,,,,,,,,,
2023Q2,inner,temporal,paired_sensitivity,sequential_1_minus_weighted_logistic,,,descriptive_not_confidence_interval,,,,,,,,,,,,,,,,,,,,,,,,,,,"{""brier"": {""delete_week_max"": 0.00207131964799721, ""delete_week_min"": -0.0007805624631573686, ""delta"": 0.0006975518404213845}, ""log_loss"": {""delete_week_max"": 0.004539863997106059, ""delete_week_min"": -0.003180369785770719, ""delta"": 0.0008549792969620429}, ""status"": ""descriptive_not_confidence_interval"", ""weekly_support"": [{""negative"": 7, ""positive"": 2, ""rows"": 9, ""week_start_epoch"": 1672012800}, {""negative"": 3872, ""positive"": 1764, ""rows"": 5636, ""week_start_epoch"": 1672617600}, {""negative"": 5437, ""positive"": 1679, ""rows"": 7116, ""week_start_epoch"": 1673222400}, {""negative"": 5256, ""positive"": 1861, ""rows"": 7117, ""week_start_epoch"": 1673827200}, {""negative"": 4619, ""positive"": 1562, ""rows"": 6181, ""week_start_epoch"": 1674432000}, {""negative"": 4369, ""positive"": 1933, ""rows"": 6302, ""week_start_epoch"": 1675036800}, {""negative"": 5160, ""positive"": 1945, ""rows"": 7105, ""week_start_epoch"": 1675641600}, {""negative"": 4719, ""positive"": 2055, ""rows"": 6774, ""week_start_epoch"": 1676246400}], ""weeks"": 8}",,,,,,,,,,,,
2023Q2,inner,temporal,paired_sensitivity,uniform_0_minus_full,,,descriptive_not_confidence_interval,,,,,,,,,,,,,,,,,,,,,,,,,,,"{""brier"": {""delete_week_max"": 0.005573443359058397, ""delete_week_min"": 0.00419856077883303, ""delta"": 0.004698925816169858}, ""log_loss"": {""delete_week_max"": 0.01682912868406929, ""delete_week_min"": 0.01265134939811983, ""delta"": 0.01439165973187564}, ""status"": ""descriptive_not_confidence_interval"", ""weekly_support"": [{""negative"": 7, ""positive"": 2, ""rows"": 9, ""week_start_epoch"": 1672012800}, {""negative"": 3872, ""positive"": 1764, ""rows"": 5636, ""week_start_epoch"": 1672617600}, {""negative"": 5437, ""positive"": 1679, ""rows"": 7116, ""week_start_epoch"": 1673222400}, {""negative"": 5256, ""positive"": 1861, ""rows"": 7117, ""week_start_epoch"": 1673827200}, {""negative"": 4619, ""positive"": 1562, ""rows"": 6181, ""week_start_epoch"": 1674432000}, {""negative"": 4369, ""positive"": 1933, ""rows"": 6302, ""week_start_epoch"": 1675036800}, {""negative"": 5160, ""positive"": 1945, ""rows"": 7105, ""week_start_epoch"": 1675641600}, {""negative"": 4719, ""positive"": 2055, ""rows"": 6774, ""week_start_epoch"": 1676246400}], ""weeks"": 8}",,,,,,,,,,,,
2023Q2,inner,temporal,paired_sensitivity,uniform_0_minus_weighted_constant,,,descriptive_not_confidence_interval,,,,,,,,,,,,,,,,,,,,,,,,,,,"{""brier"": {""delete_week_max"": 0.006664072881692985, ""delete_week_min"": 0.004686454933986026, ""delta"": 0.005451200849833161}, ""log_loss"": {""delete_week_max"": 0.019716150899954685, ""delete_week_min"": 0.014599553563874792, ""delta"": 0.016411427024320576}, ""status"": ""descriptive_not_confidence_interval"", ""weekly_support"": [{""negative"": 7, ""positive"": 2, ""rows"": 9, ""week_start_epoch"": 1672012800}, {""negative"": 3872, ""positive"": 1764, ""rows"": 5636, ""week_start_epoch"": 1672617600}, {""negative"": 5437, ""positive"": 1679, ""rows"": 7116, ""week_start_epoch"": 1673222400}, {""negative"": 5256, ""positive"": 1861, ""rows"": 7117, ""week_start_epoch"": 1673827200}, {""negative"": 4619, ""positive"": 1562, ""rows"": 6181, ""week_start_epoch"": 1674432000}, {""negative"": 4369, ""positive"": 1933, ""rows"": 6302, ""week_start_epoch"": 1675036800}, {""negative"": 5160, ""positive"": 1945, ""rows"": 7105, ""week_start_epoch"": 1675641600}, {""negative"": 4719, ""positive"": 2055, ""rows"": 6774, ""week_start_epoch"": 1676246400}], ""weeks"": 8}",,,,,,,,,,,,
2023Q2,inner,temporal,paired_sensitivity,uniform_0_minus_weighted_logistic,,,descriptive_not_confidence_interval,,,,,,,,,,,,,,,,,,,,,,,,,,,"{""brier"": {""delete_week_max"": 0.0040302148789529415, ""delete_week_min"": 0.002764570729478306, ""delta"": 0.0034157693372011654}, ""log_loss"": {""delete_week_max"": 0.012163070595416301, ""delete_week_min"": 0.008832916988588575, ""delta"": 0.010499875617971707}, ""status"": ""descriptive_not_confidence_interval"", ""weekly_support"": [{""negative"": 7, ""positive"": 2, ""rows"": 9, ""week_start_epoch"": 1672012800}, {""negative"": 3872, ""positive"": 1764, ""rows"": 5636, ""week_start_epoch"": 1672617600}, {""negative"": 5437, ""positive"": 1679, ""rows"": 7116, ""week_start_epoch"": 1673222400}, {""negative"": 5256, ""positive"": 1861, ""rows"": 7117, ""week_start_epoch"": 1673827200}, {""negative"": 4619, ""positive"": 1562, ""rows"": 6181, ""week_start_epoch"": 1674432000}, {""negative"": 4369, ""positive"": 1933, ""rows"": 6302, ""week_start_epoch"": 1675036800}, {""negative"": 5160, ""positive"": 1945, ""rows"": 7105, ""week_start_epoch"": 1675641600}, {""negative"": 4719, ""positive"": 2055, ""rows"": 6774, ""week_start_epoch"": 1676246400}], ""weeks"": 8}",,,,,,,,,,,,
2023Q2,inner,temporal,paired_sensitivity,uniform_1_minus_full,,,descriptive_not_confidence_interval,,,,,,,,,,,,,,,,,,,,,,,,,,,"{""brier"": {""delete_week_max"": 0.0030442924689664855, ""delete_week_min"": 0.0021764907718852863, ""delta"": 0.002562195346828798}, ""log_loss"": {""delete_week_max"": 0.008259791151552858, ""delete_week_min"": 0.00578082859199767, ""delta"": 0.006946295896471159}, ""status"": ""descriptive_not_confidence_interval"", ""weekly_support"": [{""negative"": 7, ""positive"": 2, ""rows"": 9, ""week_start_epoch"": 1672012800}, {""negative"": 3872, ""positive"": 1764, ""rows"": 5636, ""week_start_epoch"": 1672617600}, {""negative"": 5437, ""positive"": 1679, ""rows"": 7116, ""week_start_epoch"": 1673222400}, {""negative"": 5256, ""positive"": 1861, ""rows"": 7117, ""week_start_epoch"": 1673827200}, {""negative"": 4619, ""positive"": 1562, ""rows"": 6181, ""week_start_epoch"": 1674432000}, {""negative"": 4369, ""positive"": 1933, ""rows"": 6302, ""week_start_epoch"": 1675036800}, {""negative"": 5160, ""positive"": 1945, ""rows"": 7105, ""week_start_epoch"": 1675641600}, {""negative"": 4719, ""positive"": 2055, ""rows"": 6774, ""week_start_epoch"": 1676246400}], ""weeks"": 8}",,,,,,,,,,,,
2023Q2,inner,temporal,paired_sensitivity,uniform_1_minus_weighted_constant,,,descriptive_not_confidence_interval,,,,,,,,,,,,,,,,,,,,,,,,,,,"{""brier"": {""delete_week_max"": 0.0036821548172406484, ""delete_week_min"": 0.002749496900327405, ""delta"": 0.0033144703804921}, ""log_loss"": {""delete_week_max"": 0.009878040184079714, ""delete_week_min"": 0.0077161636355427415, ""delta"": 0.008966063188916094}, ""status"": ""descriptive_not_confidence_interval"", ""weekly_support"": [{""negative"": 7, ""positive"": 2, ""rows"": 9, ""week_start_epoch"": 1672012800}, {""negative"": 3872, ""positive"": 1764, ""rows"": 5636, ""week_start_epoch"": 1672617600}, {""negative"": 5437, ""positive"": 1679, ""rows"": 7116, ""week_start_epoch"": 1673222400}, {""negative"": 5256, ""positive"": 1861, ""rows"": 7117, ""week_start_epoch"": 1673827200}, {""negative"": 4619, ""positive"": 1562, ""rows"": 6181, ""week_start_epoch"": 1674432000}, {""negative"": 4369, ""positive"": 1933, ""rows"": 6302, ""week_start_epoch"": 1675036800}, {""negative"": 5160, ""positive"": 1945, ""rows"": 7105, ""week_start_epoch"": 1675641600}, {""negative"": 4719, ""positive"": 2055, ""rows"": 6774, ""week_start_epoch"": 1676246400}], ""weeks"": 8}",,,,,,,,,,,,
2023Q2,inner,temporal,paired_sensitivity,uniform_1_minus_weighted_logistic,,,descriptive_not_confidence_interval,,,,,,,,,,,,,,,,,,,,,,,,,,,"{""brier"": {""delete_week_max"": 0.0017863269136190053, ""delete_week_min"": 0.0005985416737318212, ""delta"": 0.0012790388678601055}, ""log_loss"": {""delete_week_max"": 0.004379494371077735, ""delete_week_min"": 0.0012103687681543306, ""delta"": 0.003054511782567226}, ""status"": ""descriptive_not_confidence_interval"", ""weekly_support"": [{""negative"": 7, ""positive"": 2, ""rows"": 9, ""week_start_epoch"": 1672012800}, {""negative"": 3872, ""positive"": 1764, ""rows"": 5636, ""week_start_epoch"": 1672617600}, {""negative"": 5437, ""positive"": 1679, ""rows"": 7116, ""week_start_epoch"": 1673222400}, {""negative"": 5256, ""positive"": 1861, ""rows"": 7117, ""week_start_epoch"": 1673827200}, {""negative"": 4619, ""positive"": 1562, ""rows"": 6181, ""week_start_epoch"": 1674432000}, {""negative"": 4369, ""positive"": 1933, ""rows"": 6302, ""week_start_epoch"": 1675036800}, {""negative"": 5160, ""positive"": 1945, ""rows"": 7105, ""week_start_epoch"": 1675641600}, {""negative"": 4719, ""positive"": 2055, ""rows"": 6774, ""week_start_epoch"": 1676246400}], ""weeks"": 8}",,,,,,,,,,,,
2023Q2,inner,temporal,member_diversity,sequential_0,0,0-1,,,,,,,,,,,,,,,,,,,,,,,,,,,,,0.2863857772303637,0.11416192488414442,,,,,,,,,,
2023Q2,inner,temporal,member_diversity,sequential_0,0,0-2,,,,,,,,,,,,,,,,,,,,,,,,,,,,,0.06675669016301033,0.1163029157845944,,,,,,,,,,
2023Q2,inner,temporal,member_diversity,sequential_0,0,1-2,,,,,,,,,,,,,,,,,,,,,,,,,,,,,0.0051646693767413085,0.11493351899426835,,,,,,,,,,
2023Q2,inner,temporal,member_diversity,sequential_1,1,0-1,,,,,,,,,,,,,,,,,,,,,,,,,,,,,-0.08390037578754625,0.10332310072274228,,,,,,,,,,
2023Q2,inner,temporal,member_diversity,sequential_1,1,0-2,,,,,,,,,,,,,,,,,,,,,,,,,,,,,0.14791497703045794,0.08747424873710602,,,,,,,,,,
2023Q2,inner,temporal,member_diversity,sequential_1,1,1-2,,,,,,,,,,,,,,,,,,,,,,,,,,,,,0.1448496449777541,0.09772341986934599,,,,,,,,,,
2023Q2,inner,temporal,member_diversity,uniform_0,0,0-1,,,,,,,,,,,,,,,,,,,,,,,,,,,,,-0.20389533415643157,0.13294196536779349,,,,,,,,,,
2023Q2,inner,temporal,member_diversity,uniform_0,0,0-2,,,,,,,,,,,,,,,,,,,,,,,,,,,,,0.2314020778388839,0.11187717827093671,,,,,,,,,,
2023Q2,inner,temporal,member_diversity,uniform_0,0,1-2,,,,,,,,,,,,,,,,,,,,,,,,,,,,,0.051914180595360654,0.12416259109590654,,,,,,,,,,
2023Q2,inner,temporal,member_diversity,uniform_1,1,0-1,,,,,,,,,,,,,,,,,,,,,,,,,,,,,0.08282835167796436,0.09201259734036782,,,,,,,,,,
2023Q2,inner,temporal,member_diversity,uniform_1,1,0-2,,,,,,,,,,,,,,,,,,,,,,,,,,,,,-0.23055832435358425,0.12722596830805563,,,,,,,,,,
2023Q2,inner,temporal,member_diversity,uniform_1,1,1-2,,,,,,,,,,,,,,,,,,,,,,,,,,,,,-0.12599278584183202,0.1345074860733014,,,,,,,,,,
2023Q2,inner,temporal,fit_slot,full,,,succeeded,,,,,,,,,,,,,,,,,,,,,,,,,,,,,,,2023Q2:inner:temporal:full,,False,"{""negative"": 221830, ""positive"": 81786, ""rows"": 303616}",b0c406da19055bf387f6f857486e3968dec2044cf401f03fffdb382619dadcbd,e45033628161c2da9d3b0b7306f6d2a65ecf578d84da0a740095a2782363bd1f,0.327935,[19],Individual member scores not recorded in frozen JSON; no new calculation from prediction payloads
2023Q2,inner,temporal,fit_slot,sequential_0,0,0,succeeded,,,,,,,,,,,,,,,,,,,,,,,,,,,,,,,2023Q2:inner:temporal:sequential_0:0,,False,"{""negative"": 372, ""positive"": 140, ""rows"": 512}",43ff49dcf4e9de2c8140082e2dd9a510b4d6da1adf140459cd1d3971c7cacb83,1174237f46501636c42fda33f8f421d8cf354cefb88440770d88ff868fd45e70,0.018922,[32],Individual member scores not recorded in frozen JSON; no new calculation from prediction payloads
2023Q2,inner,temporal,fit_slot,sequential_0,0,1,succeeded,,,,,,,,,,,,,,,,,,,,,,,,,,,,,,,2023Q2:inner:temporal:sequential_0:1,,False,"{""negative"": 352, ""positive"": 160, ""rows"": 512}",07931c94efd6c9b1a8bd5ce026ff3a1755d2ce54965539c31fad18a4d2e11922,56f42544e68bb5163f0339f16a70650bce89f2a02e1e0173c2f55090ea68e537,0.021603,[30],Individual member scores not recorded in frozen JSON; no new calculation from prediction payloads
2023Q2,inner,temporal,fit_slot,sequential_0,0,2,succeeded,,,,,,,,,,,,,,,,,,,,,,,,,,,,,,,2023Q2:inner:temporal:sequential_0:2,,False,"{""negative"": 366, ""positive"": 146, ""rows"": 512}",1eac4bc76ed058d407fc8b737e24ef2d798b724efc79967426d01a1e7bead8ea,010a7bae983799a49fa9beebfa1ea94481573b908e2cb0ee5fdfd88dba37d761,0.039805,[27],Individual member scores not recorded in frozen JSON; no new calculation from prediction payloads
2023Q2,inner,temporal,fit_slot,sequential_1,1,0,succeeded,,,,,,,,,,,,,,,,,,,,,,,,,,,,,,,2023Q2:inner:temporal:sequential_1:0,,False,"{""negative"": 385, ""positive"": 127, ""rows"": 512}",62133fa9b33a8d770b1f28148d715537e96c4882ddbd2974e98d23db1d0bfd07,65651791e5deff7b38fcd8198b0577988665ea6363f8bc2177430904e2b4a28c,0.02012,[29],Individual member scores not recorded in frozen JSON; no new calculation from prediction payloads
2023Q2,inner,temporal,fit_slot,sequential_1,1,1,succeeded,,,,,,,,,,,,,,,,,,,,,,,,,,,,,,,2023Q2:inner:temporal:sequential_1:1,,False,"{""negative"": 369, ""positive"": 143, ""rows"": 512}",7186c117aa88bd3052ec45f6a47ccaccbd5c795f2e8dad1ea0263237203e9d16,8b8c0586a46bea7d8ff557f874d9f17c8cd98d052af8f5e03cd5f90defc29c2f,0.019104,[27],Individual member scores not recorded in frozen JSON; no new calculation from prediction payloads
2023Q2,inner,temporal,fit_slot,sequential_1,1,2,succeeded,,,,,,,,,,,,,,,,,,,,,,,,,,,,,,,2023Q2:inner:temporal:sequential_1:2,,False,"{""negative"": 369, ""positive"": 143, ""rows"": 512}",492ce186162d71ff3f11a51ace1e5f3c8c7e65f9b1b9aa8deaa87796cf1af7c9,b8a645860d0309bffcc9939c9138bbd13bd2b51c3a3582f5fe458b5f07ed2791,0.018591,[27],Individual member scores not recorded in frozen JSON; no new calculation from prediction payloads
2023Q2,inner,temporal,fit_slot,uniform_0,0,0,succeeded,,,,,,,,,,,,,,,,,,,,,,,,,,,,,,,2023Q2:inner:temporal:uniform_0:0,,False,"{""negative"": 390, ""positive"": 122, ""rows"": 512}",f44cb082c10f25899968d08c2e139f29365afd077214a49122bd210967ea5bfe,79ed1b85246946f1143b8fb8c66b51f6a458cb340f9596182e07ab1711dabb90,0.019585,[35],Individual member scores not recorded in frozen JSON; no new calculation from prediction payloads
2023Q2,inner,temporal,fit_slot,uniform_0,0,1,succeeded,,,,,,,,,,,,,,,,,,,,,,,,,,,,,,,2023Q2:inner:temporal:uniform_0:1,,False,"{""negative"": 393, ""positive"": 119, ""rows"": 512}",e9e95d71611d7b35a4b7799025f15a180eb5c87be92674ab382a2225b7d1f7d4,1d0a49d9e8c678537fce2e12e7b8be51419e402a0e7e2077827fb59842dfe98c,0.019322,[38],Individual member scores not recorded in frozen JSON; no new calculation from prediction payloads
2023Q2,inner,temporal,fit_slot,uniform_0,0,2,succeeded,,,,,,,,,,,,,,,,,,,,,,,,,,,,,,,2023Q2:inner:temporal:uniform_0:2,,False,"{""negative"": 375, ""positive"": 137, ""rows"": 512}",17b38da250e741cbb66795305d1ff9235b91b09056cc45b3ad47d7e7342d0b18,1d241483ab0c40870f5338a303bc7b5b24611bab6b7f5951499b302d62784a31,0.020393,[31],Individual member scores not recorded in frozen JSON; no new calculation from prediction payloads
2023Q2,inner,temporal,fit_slot,uniform_1,1,0,succeeded,,,,,,,,,,,,,,,,,,,,,,,,,,,,,,,2023Q2:inner:temporal:uniform_1:0,,False,"{""negative"": 384, ""positive"": 128, ""rows"": 512}",322e673576ed849f35188cf72fea312b0d7945dee2ce2bc26683943c1c163f35,e4c67bff61ba365dd3d203b040c0c3f90a2208a39f4b4e67c3e3f8bc2b707fac,0.025845,[27],Individual member scores not recorded in frozen JSON; no new calculation from prediction payloads
2023Q2,inner,temporal,fit_slot,uniform_1,1,1,succeeded,,,,,,,,,,,,,,,,,,,,,,,,,,,,,,,2023Q2:inner:temporal:uniform_1:1,,False,"{""negative"": 373, ""positive"": 139, ""rows"": 512}",34256cd8bbdefa1000a788240710d6f66920d95aea5b45c89dad680f447d897f,ca903a22f06ccd5cb61359f364ea6147b2450a9be43461c2914aff6c9e8202b3,0.019466,[30],Individual member scores not recorded in frozen JSON; no new calculation from prediction payloads
2023Q2,inner,temporal,fit_slot,uniform_1,1,2,succeeded,,,,,,,,,,,,,,,,,,,,,,,,,,,,,,,2023Q2:inner:temporal:uniform_1:2,,False,"{""negative"": 384, ""positive"": 128, ""rows"": 512}",5c743e4ca16edf5ef7b3f4d970a3718edbc12387fd72cbd966a5381a2e46a38d,4188fe3f486136c61f56522a80cea4f793ed8667b4faab5b8aa4ee39910fc880,0.020022,[34],Individual member scores not recorded in frozen JSON; no new calculation from prediction payloads
2023Q2,refit,0.0005,primary,primary_unfiltered,,,available,0,,0,0,0,0,,,0,0,0,0,"{""all_outcomes"": {""causally_ineligible"": 41764, ""censored"": 13, ""no_primary_signal"": 23161, ""stop_loss"": 3}, ""causal_eligible"": 0, ""causal_reasons"": {"""": 16, ""insufficient_history"": 64925}, ""eligible_outcomes"": {}, ""metric_rows"": 0, ""openings"": 64941, ""primary_accepted"": 0, ""primary_event"": 1978, ""primary_reasons"": {""no_momentum"": 327, ""primary_history"": 22834, ""signal"": 41780}, ""primary_signals"": 41780}",,,,,,,,,,,,,,,,,,,,,,,,,,
2023Q2,refit,0.0005,model,full,,,available,0,,,,,,,,0,,,,"{""all_outcomes"": {""causally_ineligible"": 41764, ""censored"": 13, ""no_primary_signal"": 23161, ""stop_loss"": 3}, ""causal_eligible"": 0, ""causal_reasons"": {"""": 16, ""insufficient_history"": 64925}, ""eligible_outcomes"": {}, ""metric_rows"": 0, ""openings"": 64941, ""primary_accepted"": 0, ""primary_event"": 1978, ""primary_reasons"": {""no_momentum"": 327, ""primary_history"": 22834, ""signal"": 41780}, ""primary_signals"": 41780}",conclusive_metric_rows,"{""negative"": 0, ""positive"": 0, ""rows"": 0}",,,,,"{""average_precision"": ""empty_evaluation"", ""brier"": ""empty_evaluation"", ""log_loss"": ""empty_evaluation"", ""roc_auc"": ""empty_evaluation"", ""thresholds.0.3.precision"": ""no_signals"", ""thresholds.0.3.recall"": ""no_positives"", ""thresholds.0.4.precision"": ""no_signals"", ""thresholds.0.4.recall"": ""no_positives"", ""thresholds.0.5.precision"": ""no_signals"", ""thresholds.0.5.recall"": ""no_positives""}",0.3,True,,0,0,"{""accepted"": 0, ""f1"": null, ""fn"": 0, ""fp"": 0, ""negative"": 0, ""positive"": 0, ""precision"": null, ""recall"": null, ""rejected"": 0, ""rows"": 0, ""tn"": 0, ""tp"": 0}",,,,,,,,,,,,,
2023Q2,refit,0.0005,model,sequential_0,0,,available,0,,,,,,,,0,,,,"{""all_outcomes"": {""causally_ineligible"": 41764, ""censored"": 13, ""no_primary_signal"": 23161, ""stop_loss"": 3}, ""causal_eligible"": 0, ""causal_reasons"": {"""": 16, ""insufficient_history"": 64925}, ""eligible_outcomes"": {}, ""metric_rows"": 0, ""openings"": 64941, ""primary_accepted"": 0, ""primary_event"": 1978, ""primary_reasons"": {""no_momentum"": 327, ""primary_history"": 22834, ""signal"": 41780}, ""primary_signals"": 41780}",conclusive_metric_rows,"{""negative"": 0, ""positive"": 0, ""rows"": 0}",,,,,"{""average_precision"": ""empty_evaluation"", ""brier"": ""empty_evaluation"", ""log_loss"": ""empty_evaluation"", ""roc_auc"": ""empty_evaluation"", ""thresholds.0.3.precision"": ""no_signals"", ""thresholds.0.3.recall"": ""no_positives"", ""thresholds.0.4.precision"": ""no_signals"", ""thresholds.0.4.recall"": ""no_positives"", ""thresholds.0.5.precision"": ""no_signals"", ""thresholds.0.5.recall"": ""no_positives""}",0.3,True,,0,0,"{""accepted"": 0, ""f1"": null, ""fn"": 0, ""fp"": 0, ""negative"": 0, ""positive"": 0, ""precision"": null, ""recall"": null, ""rejected"": 0, ""rows"": 0, ""tn"": 0, ""tp"": 0}",,,,,,,,,,,,,
2023Q2,refit,0.0005,model,sequential_1,1,,available,0,,,,,,,,0,,,,"{""all_outcomes"": {""causally_ineligible"": 41764, ""censored"": 13, ""no_primary_signal"": 23161, ""stop_loss"": 3}, ""causal_eligible"": 0, ""causal_reasons"": {"""": 16, ""insufficient_history"": 64925}, ""eligible_outcomes"": {}, ""metric_rows"": 0, ""openings"": 64941, ""primary_accepted"": 0, ""primary_event"": 1978, ""primary_reasons"": {""no_momentum"": 327, ""primary_history"": 22834, ""signal"": 41780}, ""primary_signals"": 41780}",conclusive_metric_rows,"{""negative"": 0, ""positive"": 0, ""rows"": 0}",,,,,"{""average_precision"": ""empty_evaluation"", ""brier"": ""empty_evaluation"", ""log_loss"": ""empty_evaluation"", ""roc_auc"": ""empty_evaluation"", ""thresholds.0.3.precision"": ""no_signals"", ""thresholds.0.3.recall"": ""no_positives"", ""thresholds.0.4.precision"": ""no_signals"", ""thresholds.0.4.recall"": ""no_positives"", ""thresholds.0.5.precision"": ""no_signals"", ""thresholds.0.5.recall"": ""no_positives""}",0.3,True,,0,0,"{""accepted"": 0, ""f1"": null, ""fn"": 0, ""fp"": 0, ""negative"": 0, ""positive"": 0, ""precision"": null, ""recall"": null, ""rejected"": 0, ""rows"": 0, ""tn"": 0, ""tp"": 0}",,,,,,,,,,,,,
2023Q2,refit,0.0005,model,uniform_0,0,,available,0,,,,,,,,0,,,,"{""all_outcomes"": {""causally_ineligible"": 41764, ""censored"": 13, ""no_primary_signal"": 23161, ""stop_loss"": 3}, ""causal_eligible"": 0, ""causal_reasons"": {"""": 16, ""insufficient_history"": 64925}, ""eligible_outcomes"": {}, ""metric_rows"": 0, ""openings"": 64941, ""primary_accepted"": 0, ""primary_event"": 1978, ""primary_reasons"": {""no_momentum"": 327, ""primary_history"": 22834, ""signal"": 41780}, ""primary_signals"": 41780}",conclusive_metric_rows,"{""negative"": 0, ""positive"": 0, ""rows"": 0}",,,,,"{""average_precision"": ""empty_evaluation"", ""brier"": ""empty_evaluation"", ""log_loss"": ""empty_evaluation"", ""roc_auc"": ""empty_evaluation"", ""thresholds.0.3.precision"": ""no_signals"", ""thresholds.0.3.recall"": ""no_positives"", ""thresholds.0.4.precision"": ""no_signals"", ""thresholds.0.4.recall"": ""no_positives"", ""thresholds.0.5.precision"": ""no_signals"", ""thresholds.0.5.recall"": ""no_positives""}",0.3,True,,0,0,"{""accepted"": 0, ""f1"": null, ""fn"": 0, ""fp"": 0, ""negative"": 0, ""positive"": 0, ""precision"": null, ""recall"": null, ""rejected"": 0, ""rows"": 0, ""tn"": 0, ""tp"": 0}",,,,,,,,,,,,,
2023Q2,refit,0.0005,model,uniform_1,1,,available,0,,,,,,,,0,,,,"{""all_outcomes"": {""causally_ineligible"": 41764, ""censored"": 13, ""no_primary_signal"": 23161, ""stop_loss"": 3}, ""causal_eligible"": 0, ""causal_reasons"": {"""": 16, ""insufficient_history"": 64925}, ""eligible_outcomes"": {}, ""metric_rows"": 0, ""openings"": 64941, ""primary_accepted"": 0, ""primary_event"": 1978, ""primary_reasons"": {""no_momentum"": 327, ""primary_history"": 22834, ""signal"": 41780}, ""primary_signals"": 41780}",conclusive_metric_rows,"{""negative"": 0, ""positive"": 0, ""rows"": 0}",,,,,"{""average_precision"": ""empty_evaluation"", ""brier"": ""empty_evaluation"", ""log_loss"": ""empty_evaluation"", ""roc_auc"": ""empty_evaluation"", ""thresholds.0.3.precision"": ""no_signals"", ""thresholds.0.3.recall"": ""no_positives"", ""thresholds.0.4.precision"": ""no_signals"", ""thresholds.0.4.recall"": ""no_positives"", ""thresholds.0.5.precision"": ""no_signals"", ""thresholds.0.5.recall"": ""no_positives""}",0.3,True,,0,0,"{""accepted"": 0, ""f1"": null, ""fn"": 0, ""fp"": 0, ""negative"": 0, ""positive"": 0, ""precision"": null, ""recall"": null, ""rejected"": 0, ""rows"": 0, ""tn"": 0, ""tp"": 0}",,,,,,,,,,,,,
2023Q2,refit,0.0005,model,weighted_constant,,,available,0,,,,,,,,0,,,,"{""all_outcomes"": {""causally_ineligible"": 41764, ""censored"": 13, ""no_primary_signal"": 23161, ""stop_loss"": 3}, ""causal_eligible"": 0, ""causal_reasons"": {"""": 16, ""insufficient_history"": 64925}, ""eligible_outcomes"": {}, ""metric_rows"": 0, ""openings"": 64941, ""primary_accepted"": 0, ""primary_event"": 1978, ""primary_reasons"": {""no_momentum"": 327, ""primary_history"": 22834, ""signal"": 41780}, ""primary_signals"": 41780}",conclusive_metric_rows,"{""negative"": 0, ""positive"": 0, ""rows"": 0}",,,,,"{""average_precision"": ""empty_evaluation"", ""brier"": ""empty_evaluation"", ""log_loss"": ""empty_evaluation"", ""roc_auc"": ""empty_evaluation"", ""thresholds.0.3.precision"": ""no_signals"", ""thresholds.0.3.recall"": ""no_positives"", ""thresholds.0.4.precision"": ""no_signals"", ""thresholds.0.4.recall"": ""no_positives"", ""thresholds.0.5.precision"": ""no_signals"", ""thresholds.0.5.recall"": ""no_positives""}",0.5,True,,0,0,"{""accepted"": 0, ""f1"": null, ""fn"": 0, ""fp"": 0, ""negative"": 0, ""positive"": 0, ""precision"": null, ""recall"": null, ""rejected"": 0, ""rows"": 0, ""tn"": 0, ""tp"": 0}",,,,,,,,,,,,,
2023Q2,refit,0.0005,model,weighted_logistic,,,available,0,,,,,,,,0,,,,"{""all_outcomes"": {""causally_ineligible"": 41764, ""censored"": 13, ""no_primary_signal"": 23161, ""stop_loss"": 3}, ""causal_eligible"": 0, ""causal_reasons"": {"""": 16, ""insufficient_history"": 64925}, ""eligible_outcomes"": {}, ""metric_rows"": 0, ""openings"": 64941, ""primary_accepted"": 0, ""primary_event"": 1978, ""primary_reasons"": {""no_momentum"": 327, ""primary_history"": 22834, ""signal"": 41780}, ""primary_signals"": 41780}",conclusive_metric_rows,"{""negative"": 0, ""positive"": 0, ""rows"": 0}",,,,,"{""average_precision"": ""empty_evaluation"", ""brier"": ""empty_evaluation"", ""log_loss"": ""empty_evaluation"", ""roc_auc"": ""empty_evaluation"", ""thresholds.0.3.precision"": ""no_signals"", ""thresholds.0.3.recall"": ""no_positives"", ""thresholds.0.4.precision"": ""no_signals"", ""thresholds.0.4.recall"": ""no_positives"", ""thresholds.0.5.precision"": ""no_signals"", ""thresholds.0.5.recall"": ""no_positives""}",0.3,True,,0,0,"{""accepted"": 0, ""f1"": null, ""fn"": 0, ""fp"": 0, ""negative"": 0, ""positive"": 0, ""precision"": null, ""recall"": null, ""rejected"": 0, ""rows"": 0, ""tn"": 0, ""tp"": 0}",,,,,,,,,,,,,
2023Q2,refit,0.0005,paired_sensitivity,sequential_0_minus_full,,,empty_evaluation,,,,,,,,,,,,,,,,,,,,,,,,,,,"{""brier"": null, ""log_loss"": null, ""status"": ""empty_evaluation"", ""weeks"": 0}",,,,,,,,,,,,
2023Q2,refit,0.0005,paired_sensitivity,sequential_0_minus_uniform_0,,,empty_evaluation,,,,,,,,,,,,,,,,,,,,,,,,,,,"{""brier"": null, ""log_loss"": null, ""status"": ""empty_evaluation"", ""weeks"": 0}",,,,,,,,,,,,
2023Q2,refit,0.0005,paired_sensitivity,sequential_0_minus_weighted_constant,,,empty_evaluation,,,,,,,,,,,,,,,,,,,,,,,,,,,"{""brier"": null, ""log_loss"": null, ""status"": ""empty_evaluation"", ""weeks"": 0}",,,,,,,,,,,,
2023Q2,refit,0.0005,paired_sensitivity,sequential_0_minus_weighted_logistic,,,empty_evaluation,,,,,,,,,,,,,,,,,,,,,,,,,,,"{""brier"": null, ""log_loss"": null, ""status"": ""empty_evaluation"", ""weeks"": 0}",,,,,,,,,,,,
2023Q2,refit,0.0005,paired_sensitivity,sequential_1_minus_full,,,empty_evaluation,,,,,,,,,,,,,,,,,,,,,,,,,,,"{""brier"": null, ""log_loss"": null, ""status"": ""empty_evaluation"", ""weeks"": 0}",,,,,,,,,,,,
2023Q2,refit,0.0005,paired_sensitivity,sequential_1_minus_uniform_1,,,empty_evaluation,,,,,,,,,,,,,,,,,,,,,,,,,,,"{""brier"": null, ""log_loss"": null, ""status"": ""empty_evaluation"", ""weeks"": 0}",,,,,,,,,,,,
2023Q2,refit,0.0005,paired_sensitivity,sequential_1_minus_weighted_constant,,,empty_evaluation,,,,,,,,,,,,,,,,,,,,,,,,,,,"{""brier"": null, ""log_loss"": null, ""status"": ""empty_evaluation"", ""weeks"": 0}",,,,,,,,,,,,
2023Q2,refit,0.0005,paired_sensitivity,sequential_1_minus_weighted_logistic,,,empty_evaluation,,,,,,,,,,,,,,,,,,,,,,,,,,,"{""brier"": null, ""log_loss"": null, ""status"": ""empty_evaluation"", ""weeks"": 0}",,,,,,,,,,,,
2023Q2,refit,0.0005,paired_sensitivity,uniform_0_minus_full,,,empty_evaluation,,,,,,,,,,,,,,,,,,,,,,,,,,,"{""brier"": null, ""log_loss"": null, ""status"": ""empty_evaluation"", ""weeks"": 0}",,,,,,,,,,,,
2023Q2,refit,0.0005,paired_sensitivity,uniform_0_minus_weighted_constant,,,empty_evaluation,,,,,,,,,,,,,,,,,,,,,,,,,,,"{""brier"": null, ""log_loss"": null, ""status"": ""empty_evaluation"", ""weeks"": 0}",,,,,,,,,,,,
2023Q2,refit,0.0005,paired_sensitivity,uniform_0_minus_weighted_logistic,,,empty_evaluation,,,,,,,,,,,,,,,,,,,,,,,,,,,"{""brier"": null, ""log_loss"": null, ""status"": ""empty_evaluation"", ""weeks"": 0}",,,,,,,,,,,,
2023Q2,refit,0.0005,paired_sensitivity,uniform_1_minus_full,,,empty_evaluation,,,,,,,,,,,,,,,,,,,,,,,,,,,"{""brier"": null, ""log_loss"": null, ""status"": ""empty_evaluation"", ""weeks"": 0}",,,,,,,,,,,,
2023Q2,refit,0.0005,paired_sensitivity,uniform_1_minus_weighted_constant,,,empty_evaluation,,,,,,,,,,,,,,,,,,,,,,,,,,,"{""brier"": null, ""log_loss"": null, ""status"": ""empty_evaluation"", ""weeks"": 0}",,,,,,,,,,,,
2023Q2,refit,0.0005,paired_sensitivity,uniform_1_minus_weighted_logistic,,,empty_evaluation,,,,,,,,,,,,,,,,,,,,,,,,,,,"{""brier"": null, ""log_loss"": null, ""status"": ""empty_evaluation"", ""weeks"": 0}",,,,,,,,,,,,
2023Q2,refit,0.0005,member_diversity,sequential_0,0,0-1,,,,,,,,,,,,,,,,,,,,,,,,,,,,,,,empty_evaluation,,,,,,,,,
2023Q2,refit,0.0005,member_diversity,sequential_0,0,0-2,,,,,,,,,,,,,,,,,,,,,,,,,,,,,,,empty_evaluation,,,,,,,,,
2023Q2,refit,0.0005,member_diversity,sequential_0,0,1-2,,,,,,,,,,,,,,,,,,,,,,,,,,,,,,,empty_evaluation,,,,,,,,,
2023Q2,refit,0.0005,member_diversity,sequential_1,1,0-1,,,,,,,,,,,,,,,,,,,,,,,,,,,,,,,empty_evaluation,,,,,,,,,
2023Q2,refit,0.0005,member_diversity,sequential_1,1,0-2,,,,,,,,,,,,,,,,,,,,,,,,,,,,,,,empty_evaluation,,,,,,,,,
2023Q2,refit,0.0005,member_diversity,sequential_1,1,1-2,,,,,,,,,,,,,,,,,,,,,,,,,,,,,,,empty_evaluation,,,,,,,,,
2023Q2,refit,0.0005,member_diversity,uniform_0,0,0-1,,,,,,,,,,,,,,,,,,,,,,,,,,,,,,,empty_evaluation,,,,,,,,,
2023Q2,refit,0.0005,member_diversity,uniform_0,0,0-2,,,,,,,,,,,,,,,,,,,,,,,,,,,,,,,empty_evaluation,,,,,,,,,
2023Q2,refit,0.0005,member_diversity,uniform_0,0,1-2,,,,,,,,,,,,,,,,,,,,,,,,,,,,,,,empty_evaluation,,,,,,,,,
2023Q2,refit,0.0005,member_diversity,uniform_1,1,0-1,,,,,,,,,,,,,,,,,,,,,,,,,,,,,,,empty_evaluation,,,,,,,,,
2023Q2,refit,0.0005,member_diversity,uniform_1,1,0-2,,,,,,,,,,,,,,,,,,,,,,,,,,,,,,,empty_evaluation,,,,,,,,,
2023Q2,refit,0.0005,member_diversity,uniform_1,1,1-2,,,,,,,,,,,,,,,,,,,,,,,,,,,,,,,empty_evaluation,,,,,,,,,
2023Q2,refit,0.0005,fit_slot,full,,,succeeded,,,,,,,,,,,,,,,,,,,,,,,,,,,,,,,2023Q2:refit:0.0005:full,,False,"{""negative"": 23942, ""positive"": 9070, ""rows"": 33012}",6304ab283a7096baa9570a11f3c2eb2792b7b1bde313678746c11e3fc0725d8e,12e93b3fc815169f54d5fa7eb5590d6fe967237dfc6a1e6861c113069ef175e4,0.057326,[21],Individual member scores not recorded in frozen JSON; no new calculation from prediction payloads
2023Q2,refit,0.0005,fit_slot,sequential_0,0,0,succeeded,,,,,,,,,,,,,,,,,,,,,,,,,,,,,,,2023Q2:refit:0.0005:sequential_0:0,,False,"{""negative"": 374, ""positive"": 138, ""rows"": 512}",fbc8c81396816d42e964f9802153261a2b6e34e890d1116df7e7b17f1367c54b,c18194f34c9c71602ec7d9889f90dc3d1fdb8ffd1816ce5d090669a07a048c86,0.026488,[33],Individual member scores not recorded in frozen JSON; no new calculation from prediction payloads
2023Q2,refit,0.0005,fit_slot,sequential_0,0,1,succeeded,,,,,,,,,,,,,,,,,,,,,,,,,,,,,,,2023Q2:refit:0.0005:sequential_0:1,,False,"{""negative"": 357, ""positive"": 155, ""rows"": 512}",45c164299b7453c88f15e0da048411c222ea7aa33f4f4e61f32466ba34f21bae,86104e4c38fc6be8ad69875e0dc513bec2cf7addadf58328b6cee628e33ae147,0.026403,[33],Individual member scores not recorded in frozen JSON; no new calculation from prediction payloads
2023Q2,refit,0.0005,fit_slot,sequential_0,0,2,succeeded,,,,,,,,,,,,,,,,,,,,,,,,,,,,,,,2023Q2:refit:0.0005:sequential_0:2,,False,"{""negative"": 392, ""positive"": 120, ""rows"": 512}",544298f6f4e9afb03afbd1c97e9a3ccc206077311c43443ea7d732f4f2ca149b,c5ae9fda85aea080c34c4bf9ad8613ed14a1697f207e4e5f081679085b8dd1d6,0.026218,[29],Individual member scores not recorded in frozen JSON; no new calculation from prediction payloads
2023Q2,refit,0.0005,fit_slot,sequential_1,1,0,succeeded,,,,,,,,,,,,,,,,,,,,,,,,,,,,,,,2023Q2:refit:0.0005:sequential_1:0,,False,"{""negative"": 354, ""positive"": 158, ""rows"": 512}",d3766baa389d56bd2b9488cbbb278c5bce44e13077c1a2238e2cbbf6a0772ab9,6521cf12845dccd5f9665970ae0f4fc860ea2862d14bfe865e99ea911f57a65b,0.02583,[35],Individual member scores not recorded in frozen JSON; no new calculation from prediction payloads
2023Q2,refit,0.0005,fit_slot,sequential_1,1,1,succeeded,,,,,,,,,,,,,,,,,,,,,,,,,,,,,,,2023Q2:refit:0.0005:sequential_1:1,,False,"{""negative"": 374, ""positive"": 138, ""rows"": 512}",a9ce7859ee78d16703fb905c1590430dfd36e1eac65bbf23983b14078e162862,17da0862b58910ed10870547794c16a25ab7313c8ed54fac19eafa5d5e0d3059,0.025752,[32],Individual member scores not recorded in frozen JSON; no new calculation from prediction payloads
2023Q2,refit,0.0005,fit_slot,sequential_1,1,2,succeeded,,,,,,,,,,,,,,,,,,,,,,,,,,,,,,,2023Q2:refit:0.0005:sequential_1:2,,False,"{""negative"": 360, ""positive"": 152, ""rows"": 512}",e94ccfa7899fbd96622934077e71b74abe7162ad7521a790003ddfd5363ea753,ed050984931967ce07e85d6693aeef4ea9f811119e5a3ab2a97f64d7dc8b4756,0.026113,[32],Individual member scores not recorded in frozen JSON; no new calculation from prediction payloads
2023Q2,refit,0.0005,fit_slot,uniform_0,0,0,succeeded,,,,,,,,,,,,,,,,,,,,,,,,,,,,,,,2023Q2:refit:0.0005:uniform_0:0,,False,"{""negative"": 369, ""positive"": 143, ""rows"": 512}",6f9fd622214be648b3babc1ac328a75e44a81f1d240c785d1213267c2bd8da59,7de96b64a61dceb7a9d7e3a0c36aba74c0a4f69d9573092dc47d1ef18ea184bd,0.025605,[32],Individual member scores not recorded in frozen JSON; no new calculation from prediction payloads
2023Q2,refit,0.0005,fit_slot,uniform_0,0,1,succeeded,,,,,,,,,,,,,,,,,,,,,,,,,,,,,,,2023Q2:refit:0.0005:uniform_0:1,,False,"{""negative"": 362, ""positive"": 150, ""rows"": 512}",f312232136dd285eab2ad0fcafd859accb6721f89beed3064403aec506a824f1,dad726d41a759c73ad1cdba36106457400940c87e4e292b6883664da9bec9eeb,0.025558,[34],Individual member scores not recorded in frozen JSON; no new calculation from prediction payloads
2023Q2,refit,0.0005,fit_slot,uniform_0,0,2,succeeded,,,,,,,,,,,,,,,,,,,,,,,,,,,,,,,2023Q2:refit:0.0005:uniform_0:2,,False,"{""negative"": 372, ""positive"": 140, ""rows"": 512}",291690c9b35783ba4a0ec258cca04a4e20ad64be579a21a1e25d03050b2b1225,5552e1b0ca1ccd50ba235087aab64ca55251852d6beb7a6ccb15954d957b1ffb,0.026442,[34],Individual member scores not recorded in frozen JSON; no new calculation from prediction payloads
2023Q2,refit,0.0005,fit_slot,uniform_1,1,0,succeeded,,,,,,,,,,,,,,,,,,,,,,,,,,,,,,,2023Q2:refit:0.0005:uniform_1:0,,False,"{""negative"": 370, ""positive"": 142, ""rows"": 512}",af390373e488491c0d36ebe22059e8807151859d6b29147ab75588cff47c7b52,eaef9c8927bd1810091f7ad6b87092c3adad27e82be36dab15dc631a707616dd,0.025134,[31],Individual member scores not recorded in frozen JSON; no new calculation from prediction payloads
2023Q2,refit,0.0005,fit_slot,uniform_1,1,1,succeeded,,,,,,,,,,,,,,,,,,,,,,,,,,,,,,,2023Q2:refit:0.0005:uniform_1:1,,False,"{""negative"": 377, ""positive"": 135, ""rows"": 512}",fea99465016398f4bb2ecc08158e4b0be148aed59230b7a4da9aa2cadc7cfa88,e180c42c7af41a40f156b67d9e285b77dc19a93f1c489e085d2325366b793557,0.046678,[32],Individual member scores not recorded in frozen JSON; no new calculation from prediction payloads
2023Q2,refit,0.0005,fit_slot,uniform_1,1,2,succeeded,,,,,,,,,,,,,,,,,,,,,,,,,,,,,,,2023Q2:refit:0.0005:uniform_1:2,,False,"{""negative"": 369, ""positive"": 143, ""rows"": 512}",7f93ffd4a0c574acccf08855a1e13a7fe6ee32c2151b2a3584bd0a00b9b8408e,ee15cc4b3717059ff6bf11226427bdde3f742b0ed58b100d69c1f671b17690d3,0.024912,[27],Individual member scores not recorded in frozen JSON; no new calculation from prediction payloads
2023Q2,refit,0.001,primary,primary_unfiltered,,,available,0,,0,0,0,0,,,0,0,0,0,"{""all_outcomes"": {""causally_ineligible"": 41764, ""censored"": 13, ""no_primary_signal"": 23161, ""stop_loss"": 3}, ""causal_eligible"": 0, ""causal_reasons"": {"""": 16, ""insufficient_history"": 64925}, ""eligible_outcomes"": {}, ""metric_rows"": 0, ""openings"": 64941, ""primary_accepted"": 0, ""primary_event"": 600, ""primary_reasons"": {""no_momentum"": 327, ""primary_history"": 22834, ""signal"": 41780}, ""primary_signals"": 41780}",,,,,,,,,,,,,,,,,,,,,,,,,,
2023Q2,refit,0.001,model,full,,,available,0,,,,,,,,0,,,,"{""all_outcomes"": {""causally_ineligible"": 41764, ""censored"": 13, ""no_primary_signal"": 23161, ""stop_loss"": 3}, ""causal_eligible"": 0, ""causal_reasons"": {"""": 16, ""insufficient_history"": 64925}, ""eligible_outcomes"": {}, ""metric_rows"": 0, ""openings"": 64941, ""primary_accepted"": 0, ""primary_event"": 600, ""primary_reasons"": {""no_momentum"": 327, ""primary_history"": 22834, ""signal"": 41780}, ""primary_signals"": 41780}",conclusive_metric_rows,"{""negative"": 0, ""positive"": 0, ""rows"": 0}",,,,,"{""average_precision"": ""empty_evaluation"", ""brier"": ""empty_evaluation"", ""log_loss"": ""empty_evaluation"", ""roc_auc"": ""empty_evaluation"", ""thresholds.0.3.precision"": ""no_signals"", ""thresholds.0.3.recall"": ""no_positives"", ""thresholds.0.4.precision"": ""no_signals"", ""thresholds.0.4.recall"": ""no_positives"", ""thresholds.0.5.precision"": ""no_signals"", ""thresholds.0.5.recall"": ""no_positives""}",0.3,True,,0,0,"{""accepted"": 0, ""f1"": null, ""fn"": 0, ""fp"": 0, ""negative"": 0, ""positive"": 0, ""precision"": null, ""recall"": null, ""rejected"": 0, ""rows"": 0, ""tn"": 0, ""tp"": 0}",,,,,,,,,,,,,
2023Q2,refit,0.001,model,sequential_0,0,,available,0,,,,,,,,0,,,,"{""all_outcomes"": {""causally_ineligible"": 41764, ""censored"": 13, ""no_primary_signal"": 23161, ""stop_loss"": 3}, ""causal_eligible"": 0, ""causal_reasons"": {"""": 16, ""insufficient_history"": 64925}, ""eligible_outcomes"": {}, ""metric_rows"": 0, ""openings"": 64941, ""primary_accepted"": 0, ""primary_event"": 600, ""primary_reasons"": {""no_momentum"": 327, ""primary_history"": 22834, ""signal"": 41780}, ""primary_signals"": 41780}",conclusive_metric_rows,"{""negative"": 0, ""positive"": 0, ""rows"": 0}",,,,,"{""average_precision"": ""empty_evaluation"", ""brier"": ""empty_evaluation"", ""log_loss"": ""empty_evaluation"", ""roc_auc"": ""empty_evaluation"", ""thresholds.0.3.precision"": ""no_signals"", ""thresholds.0.3.recall"": ""no_positives"", ""thresholds.0.4.precision"": ""no_signals"", ""thresholds.0.4.recall"": ""no_positives"", ""thresholds.0.5.precision"": ""no_signals"", ""thresholds.0.5.recall"": ""no_positives""}",0.3,True,,0,0,"{""accepted"": 0, ""f1"": null, ""fn"": 0, ""fp"": 0, ""negative"": 0, ""positive"": 0, ""precision"": null, ""recall"": null, ""rejected"": 0, ""rows"": 0, ""tn"": 0, ""tp"": 0}",,,,,,,,,,,,,
2023Q2,refit,0.001,model,sequential_1,1,,available,0,,,,,,,,0,,,,"{""all_outcomes"": {""causally_ineligible"": 41764, ""censored"": 13, ""no_primary_signal"": 23161, ""stop_loss"": 3}, ""causal_eligible"": 0, ""causal_reasons"": {"""": 16, ""insufficient_history"": 64925}, ""eligible_outcomes"": {}, ""metric_rows"": 0, ""openings"": 64941, ""primary_accepted"": 0, ""primary_event"": 600, ""primary_reasons"": {""no_momentum"": 327, ""primary_history"": 22834, ""signal"": 41780}, ""primary_signals"": 41780}",conclusive_metric_rows,"{""negative"": 0, ""positive"": 0, ""rows"": 0}",,,,,"{""average_precision"": ""empty_evaluation"", ""brier"": ""empty_evaluation"", ""log_loss"": ""empty_evaluation"", ""roc_auc"": ""empty_evaluation"", ""thresholds.0.3.precision"": ""no_signals"", ""thresholds.0.3.recall"": ""no_positives"", ""thresholds.0.4.precision"": ""no_signals"", ""thresholds.0.4.recall"": ""no_positives"", ""thresholds.0.5.precision"": ""no_signals"", ""thresholds.0.5.recall"": ""no_positives""}",0.3,True,,0,0,"{""accepted"": 0, ""f1"": null, ""fn"": 0, ""fp"": 0, ""negative"": 0, ""positive"": 0, ""precision"": null, ""recall"": null, ""rejected"": 0, ""rows"": 0, ""tn"": 0, ""tp"": 0}",,,,,,,,,,,,,
2023Q2,refit,0.001,model,uniform_0,0,,available,0,,,,,,,,0,,,,"{""all_outcomes"": {""causally_ineligible"": 41764, ""censored"": 13, ""no_primary_signal"": 23161, ""stop_loss"": 3}, ""causal_eligible"": 0, ""causal_reasons"": {"""": 16, ""insufficient_history"": 64925}, ""eligible_outcomes"": {}, ""metric_rows"": 0, ""openings"": 64941, ""primary_accepted"": 0, ""primary_event"": 600, ""primary_reasons"": {""no_momentum"": 327, ""primary_history"": 22834, ""signal"": 41780}, ""primary_signals"": 41780}",conclusive_metric_rows,"{""negative"": 0, ""positive"": 0, ""rows"": 0}",,,,,"{""average_precision"": ""empty_evaluation"", ""brier"": ""empty_evaluation"", ""log_loss"": ""empty_evaluation"", ""roc_auc"": ""empty_evaluation"", ""thresholds.0.3.precision"": ""no_signals"", ""thresholds.0.3.recall"": ""no_positives"", ""thresholds.0.4.precision"": ""no_signals"", ""thresholds.0.4.recall"": ""no_positives"", ""thresholds.0.5.precision"": ""no_signals"", ""thresholds.0.5.recall"": ""no_positives""}",0.3,True,,0,0,"{""accepted"": 0, ""f1"": null, ""fn"": 0, ""fp"": 0, ""negative"": 0, ""positive"": 0, ""precision"": null, ""recall"": null, ""rejected"": 0, ""rows"": 0, ""tn"": 0, ""tp"": 0}",,,,,,,,,,,,,
2023Q2,refit,0.001,model,uniform_1,1,,available,0,,,,,,,,0,,,,"{""all_outcomes"": {""causally_ineligible"": 41764, ""censored"": 13, ""no_primary_signal"": 23161, ""stop_loss"": 3}, ""causal_eligible"": 0, ""causal_reasons"": {"""": 16, ""insufficient_history"": 64925}, ""eligible_outcomes"": {}, ""metric_rows"": 0, ""openings"": 64941, ""primary_accepted"": 0, ""primary_event"": 600, ""primary_reasons"": {""no_momentum"": 327, ""primary_history"": 22834, ""signal"": 41780}, ""primary_signals"": 41780}",conclusive_metric_rows,"{""negative"": 0, ""positive"": 0, ""rows"": 0}",,,,,"{""average_precision"": ""empty_evaluation"", ""brier"": ""empty_evaluation"", ""log_loss"": ""empty_evaluation"", ""roc_auc"": ""empty_evaluation"", ""thresholds.0.3.precision"": ""no_signals"", ""thresholds.0.3.recall"": ""no_positives"", ""thresholds.0.4.precision"": ""no_signals"", ""thresholds.0.4.recall"": ""no_positives"", ""thresholds.0.5.precision"": ""no_signals"", ""thresholds.0.5.recall"": ""no_positives""}",0.3,True,,0,0,"{""accepted"": 0, ""f1"": null, ""fn"": 0, ""fp"": 0, ""negative"": 0, ""positive"": 0, ""precision"": null, ""recall"": null, ""rejected"": 0, ""rows"": 0, ""tn"": 0, ""tp"": 0}",,,,,,,,,,,,,
2023Q2,refit,0.001,model,weighted_constant,,,available,0,,,,,,,,0,,,,"{""all_outcomes"": {""causally_ineligible"": 41764, ""censored"": 13, ""no_primary_signal"": 23161, ""stop_loss"": 3}, ""causal_eligible"": 0, ""causal_reasons"": {"""": 16, ""insufficient_history"": 64925}, ""eligible_outcomes"": {}, ""metric_rows"": 0, ""openings"": 64941, ""primary_accepted"": 0, ""primary_event"": 600, ""primary_reasons"": {""no_momentum"": 327, ""primary_history"": 22834, ""signal"": 41780}, ""primary_signals"": 41780}",conclusive_metric_rows,"{""negative"": 0, ""positive"": 0, ""rows"": 0}",,,,,"{""average_precision"": ""empty_evaluation"", ""brier"": ""empty_evaluation"", ""log_loss"": ""empty_evaluation"", ""roc_auc"": ""empty_evaluation"", ""thresholds.0.3.precision"": ""no_signals"", ""thresholds.0.3.recall"": ""no_positives"", ""thresholds.0.4.precision"": ""no_signals"", ""thresholds.0.4.recall"": ""no_positives"", ""thresholds.0.5.precision"": ""no_signals"", ""thresholds.0.5.recall"": ""no_positives""}",0.5,True,,0,0,"{""accepted"": 0, ""f1"": null, ""fn"": 0, ""fp"": 0, ""negative"": 0, ""positive"": 0, ""precision"": null, ""recall"": null, ""rejected"": 0, ""rows"": 0, ""tn"": 0, ""tp"": 0}",,,,,,,,,,,,,
2023Q2,refit,0.001,model,weighted_logistic,,,available,0,,,,,,,,0,,,,"{""all_outcomes"": {""causally_ineligible"": 41764, ""censored"": 13, ""no_primary_signal"": 23161, ""stop_loss"": 3}, ""causal_eligible"": 0, ""causal_reasons"": {"""": 16, ""insufficient_history"": 64925}, ""eligible_outcomes"": {}, ""metric_rows"": 0, ""openings"": 64941, ""primary_accepted"": 0, ""primary_event"": 600, ""primary_reasons"": {""no_momentum"": 327, ""primary_history"": 22834, ""signal"": 41780}, ""primary_signals"": 41780}",conclusive_metric_rows,"{""negative"": 0, ""positive"": 0, ""rows"": 0}",,,,,"{""average_precision"": ""empty_evaluation"", ""brier"": ""empty_evaluation"", ""log_loss"": ""empty_evaluation"", ""roc_auc"": ""empty_evaluation"", ""thresholds.0.3.precision"": ""no_signals"", ""thresholds.0.3.recall"": ""no_positives"", ""thresholds.0.4.precision"": ""no_signals"", ""thresholds.0.4.recall"": ""no_positives"", ""thresholds.0.5.precision"": ""no_signals"", ""thresholds.0.5.recall"": ""no_positives""}",0.3,True,,0,0,"{""accepted"": 0, ""f1"": null, ""fn"": 0, ""fp"": 0, ""negative"": 0, ""positive"": 0, ""precision"": null, ""recall"": null, ""rejected"": 0, ""rows"": 0, ""tn"": 0, ""tp"": 0}",,,,,,,,,,,,,
2023Q2,refit,0.001,paired_sensitivity,sequential_0_minus_full,,,empty_evaluation,,,,,,,,,,,,,,,,,,,,,,,,,,,"{""brier"": null, ""log_loss"": null, ""status"": ""empty_evaluation"", ""weeks"": 0}",,,,,,,,,,,,
2023Q2,refit,0.001,paired_sensitivity,sequential_0_minus_uniform_0,,,empty_evaluation,,,,,,,,,,,,,,,,,,,,,,,,,,,"{""brier"": null, ""log_loss"": null, ""status"": ""empty_evaluation"", ""weeks"": 0}",,,,,,,,,,,,
2023Q2,refit,0.001,paired_sensitivity,sequential_0_minus_weighted_constant,,,empty_evaluation,,,,,,,,,,,,,,,,,,,,,,,,,,,"{""brier"": null, ""log_loss"": null, ""status"": ""empty_evaluation"", ""weeks"": 0}",,,,,,,,,,,,
2023Q2,refit,0.001,paired_sensitivity,sequential_0_minus_weighted_logistic,,,empty_evaluation,,,,,,,,,,,,,,,,,,,,,,,,,,,"{""brier"": null, ""log_loss"": null, ""status"": ""empty_evaluation"", ""weeks"": 0}",,,,,,,,,,,,
2023Q2,refit,0.001,paired_sensitivity,sequential_1_minus_full,,,empty_evaluation,,,,,,,,,,,,,,,,,,,,,,,,,,,"{""brier"": null, ""log_loss"": null, ""status"": ""empty_evaluation"", ""weeks"": 0}",,,,,,,,,,,,
2023Q2,refit,0.001,paired_sensitivity,sequential_1_minus_uniform_1,,,empty_evaluation,,,,,,,,,,,,,,,,,,,,,,,,,,,"{""brier"": null, ""log_loss"": null, ""status"": ""empty_evaluation"", ""weeks"": 0}",,,,,,,,,,,,
2023Q2,refit,0.001,paired_sensitivity,sequential_1_minus_weighted_constant,,,empty_evaluation,,,,,,,,,,,,,,,,,,,,,,,,,,,"{""brier"": null, ""log_loss"": null, ""status"": ""empty_evaluation"", ""weeks"": 0}",,,,,,,,,,,,
2023Q2,refit,0.001,paired_sensitivity,sequential_1_minus_weighted_logistic,,,empty_evaluation,,,,,,,,,,,,,,,,,,,,,,,,,,,"{""brier"": null, ""log_loss"": null, ""status"": ""empty_evaluation"", ""weeks"": 0}",,,,,,,,,,,,
2023Q2,refit,0.001,paired_sensitivity,uniform_0_minus_full,,,empty_evaluation,,,,,,,,,,,,,,,,,,,,,,,,,,,"{""brier"": null, ""log_loss"": null, ""status"": ""empty_evaluation"", ""weeks"": 0}",,,,,,,,,,,,
2023Q2,refit,0.001,paired_sensitivity,uniform_0_minus_weighted_constant,,,empty_evaluation,,,,,,,,,,,,,,,,,,,,,,,,,,,"{""brier"": null, ""log_loss"": null, ""status"": ""empty_evaluation"", ""weeks"": 0}",,,,,,,,,,,,
2023Q2,refit,0.001,paired_sensitivity,uniform_0_minus_weighted_logistic,,,empty_evaluation,,,,,,,,,,,,,,,,,,,,,,,,,,,"{""brier"": null, ""log_loss"": null, ""status"": ""empty_evaluation"", ""weeks"": 0}",,,,,,,,,,,,
2023Q2,refit,0.001,paired_sensitivity,uniform_1_minus_full,,,empty_evaluation,,,,,,,,,,,,,,,,,,,,,,,,,,,"{""brier"": null, ""log_loss"": null, ""status"": ""empty_evaluation"", ""weeks"": 0}",,,,,,,,,,,,
2023Q2,refit,0.001,paired_sensitivity,uniform_1_minus_weighted_constant,,,empty_evaluation,,,,,,,,,,,,,,,,,,,,,,,,,,,"{""brier"": null, ""log_loss"": null, ""status"": ""empty_evaluation"", ""weeks"": 0}",,,,,,,,,,,,
2023Q2,refit,0.001,paired_sensitivity,uniform_1_minus_weighted_logistic,,,empty_evaluation,,,,,,,,,,,,,,,,,,,,,,,,,,,"{""brier"": null, ""log_loss"": null, ""status"": ""empty_evaluation"", ""weeks"": 0}",,,,,,,,,,,,
2023Q2,refit,0.001,member_diversity,sequential_0,0,0-1,,,,,,,,,,,,,,,,,,,,,,,,,,,,,,,empty_evaluation,,,,,,,,,
2023Q2,refit,0.001,member_diversity,sequential_0,0,0-2,,,,,,,,,,,,,,,,,,,,,,,,,,,,,,,empty_evaluation,,,,,,,,,
2023Q2,refit,0.001,member_diversity,sequential_0,0,1-2,,,,,,,,,,,,,,,,,,,,,,,,,,,,,,,empty_evaluation,,,,,,,,,
2023Q2,refit,0.001,member_diversity,sequential_1,1,0-1,,,,,,,,,,,,,,,,,,,,,,,,,,,,,,,empty_evaluation,,,,,,,,,
2023Q2,refit,0.001,member_diversity,sequential_1,1,0-2,,,,,,,,,,,,,,,,,,,,,,,,,,,,,,,empty_evaluation,,,,,,,,,
2023Q2,refit,0.001,member_diversity,sequential_1,1,1-2,,,,,,,,,,,,,,,,,,,,,,,,,,,,,,,empty_evaluation,,,,,,,,,
2023Q2,refit,0.001,member_diversity,uniform_0,0,0-1,,,,,,,,,,,,,,,,,,,,,,,,,,,,,,,empty_evaluation,,,,,,,,,
2023Q2,refit,0.001,member_diversity,uniform_0,0,0-2,,,,,,,,,,,,,,,,,,,,,,,,,,,,,,,empty_evaluation,,,,,,,,,
2023Q2,refit,0.001,member_diversity,uniform_0,0,1-2,,,,,,,,,,,,,,,,,,,,,,,,,,,,,,,empty_evaluation,,,,,,,,,
2023Q2,refit,0.001,member_diversity,uniform_1,1,0-1,,,,,,,,,,,,,,,,,,,,,,,,,,,,,,,empty_evaluation,,,,,,,,,
2023Q2,refit,0.001,member_diversity,uniform_1,1,0-2,,,,,,,,,,,,,,,,,,,,,,,,,,,,,,,empty_evaluation,,,,,,,,,
2023Q2,refit,0.001,member_diversity,uniform_1,1,1-2,,,,,,,,,,,,,,,,,,,,,,,,,,,,,,,empty_evaluation,,,,,,,,,
2023Q2,refit,0.001,fit_slot,full,,,succeeded,,,,,,,,,,,,,,,,,,,,,,,,,,,,,,,2023Q2:refit:0.001:full,,False,"{""negative"": 8554, ""positive"": 3162, ""rows"": 11716}",e94a6d001cff9ac7c78b8b3e68cb1d5f5c0819e03afd65686b5a27c25abac2dc,ba03abda83417da690c3282ede1c4d009b989831051d750b9b01add1e5f025d7,0.038078,[22],Individual member scores not recorded in frozen JSON; no new calculation from prediction payloads
2023Q2,refit,0.001,fit_slot,sequential_0,0,0,succeeded,,,,,,,,,,,,,,,,,,,,,,,,,,,,,,,2023Q2:refit:0.001:sequential_0:0,,False,"{""negative"": 390, ""positive"": 122, ""rows"": 512}",100a543eef4997c7b67289b3322a02149df8b4145dddec20e76754f2846f0bab,05c7c74126eda02a1b2665e93536c3d25d13daf49ef5347d62ae0b7e4fbd8e80,0.026555,[29],Individual member scores not recorded in frozen JSON; no new calculation from prediction payloads
2023Q2,refit,0.001,fit_slot,sequential_0,0,1,succeeded,,,,,,,,,,,,,,,,,,,,,,,,,,,,,,,2023Q2:refit:0.001:sequential_0:1,,False,"{""negative"": 381, ""positive"": 131, ""rows"": 512}",2df0bd069783c568be12d6bd561da4a9f68da084900df825ccb336040de9a63a,c3fb4a9624635324a69efbe66cac087b6e21ef18f94f9166041e7aee4a97a9a4,0.027037,[34],Individual member scores not recorded in frozen JSON; no new calculation from prediction payloads
2023Q2,refit,0.001,fit_slot,sequential_0,0,2,succeeded,,,,,,,,,,,,,,,,,,,,,,,,,,,,,,,2023Q2:refit:0.001:sequential_0:2,,False,"{""negative"": 389, ""positive"": 123, ""rows"": 512}",ec0a486c422128928185cb9305b26153bde1e43c7fbe497ce8d849d42b3a3ac7,424cb33881054b5fb95681b32704aadb9656e52d9f295d0aee8d975d60feb02e,0.027201,[29],Individual member scores not recorded in frozen JSON; no new calculation from prediction payloads
2023Q2,refit,0.001,fit_slot,sequential_1,1,0,succeeded,,,,,,,,,,,,,,,,,,,,,,,,,,,,,,,2023Q2:refit:0.001:sequential_1:0,,False,"{""negative"": 376, ""positive"": 136, ""rows"": 512}",48464acfc9ae3e75818c98f34be255e85bd8d5253780fa6fbe2ac64ed61a1670,f109056143c781b2ed92a5f3cd976ca6992fb1df90e8c8f3cfc8048982cffbe0,0.027711,[31],Individual member scores not recorded in frozen JSON; no new calculation from prediction payloads
2023Q2,refit,0.001,fit_slot,sequential_1,1,1,succeeded,,,,,,,,,,,,,,,,,,,,,,,,,,,,,,,2023Q2:refit:0.001:sequential_1:1,,False,"{""negative"": 384, ""positive"": 128, ""rows"": 512}",f47aadaddb4dcb11f2faca8f0eb3f5160b81274186ebddf16627044d010a48df,39486e2be1c880fab7e0ae2370fa3fbc2767d795720b7d0bfd5d5b585b4558fb,0.028171,[29],Individual member scores not recorded in frozen JSON; no new calculation from prediction payloads
2023Q2,refit,0.001,fit_slot,sequential_1,1,2,succeeded,,,,,,,,,,,,,,,,,,,,,,,,,,,,,,,2023Q2:refit:0.001:sequential_1:2,,False,"{""negative"": 382, ""positive"": 130, ""rows"": 512}",cc2871e93efe040d4263040e241f470479ba7006fde1ae3fc1007214f3b393ae,337cfd5ebcfff77d0124a229ea6a83ee3a6c4838f8e7aa9b27e57dabdf04876c,0.027705,[30],Individual member scores not recorded in frozen JSON; no new calculation from prediction payloads
2023Q2,refit,0.001,fit_slot,uniform_0,0,0,succeeded,,,,,,,,,,,,,,,,,,,,,,,,,,,,,,,2023Q2:refit:0.001:uniform_0:0,,False,"{""negative"": 381, ""positive"": 131, ""rows"": 512}",f62a75fe5d8d3f0890c3e8a42313e03a585d0bc2da6184713ddab252c53e507c,49777372fc29af85dcfde332ba2479078a93516f5909232ba0670b9b3508bf7b,0.026515,[31],Individual member scores not recorded in frozen JSON; no new calculation from prediction payloads
2023Q2,refit,0.001,fit_slot,uniform_0,0,1,succeeded,,,,,,,,,,,,,,,,,,,,,,,,,,,,,,,2023Q2:refit:0.001:uniform_0:1,,False,"{""negative"": 372, ""positive"": 140, ""rows"": 512}",d7641881204b641573d6bdd2b56945ae1b037237dbf8fbe7e5cc7fa656eb56b8,cb40ec7c9fd769b6dd7b097bb3076c82f79cd0abaf5e4669706c5a21e71f99eb,0.027511,[36],Individual member scores not recorded in frozen JSON; no new calculation from prediction payloads
2023Q2,refit,0.001,fit_slot,uniform_0,0,2,succeeded,,,,,,,,,,,,,,,,,,,,,,,,,,,,,,,2023Q2:refit:0.001:uniform_0:2,,False,"{""negative"": 380, ""positive"": 132, ""rows"": 512}",25bdfccfd58c14a1e2b52a4bea3d3eadefc9004b2c123fc4d4c91446fac5b2c6,20ae3b3802359857c113ef664fa07ee118c5a952f84bb59bdf8eef2be2f413e0,0.026355,[31],Individual member scores not recorded in frozen JSON; no new calculation from prediction payloads
2023Q2,refit,0.001,fit_slot,uniform_1,1,0,succeeded,,,,,,,,,,,,,,,,,,,,,,,,,,,,,,,2023Q2:refit:0.001:uniform_1:0,,False,"{""negative"": 360, ""positive"": 152, ""rows"": 512}",aa011aeed55f5146490b0bee531ab9390d05c9ea21222ae3b6a2642093fa1334,035d527142bff83f7789368a06b4be56aab106cc24e8cbb1b4a316045761957d,0.026581,[30],Individual member scores not recorded in frozen JSON; no new calculation from prediction payloads
2023Q2,refit,0.001,fit_slot,uniform_1,1,1,succeeded,,,,,,,,,,,,,,,,,,,,,,,,,,,,,,,2023Q2:refit:0.001:uniform_1:1,,False,"{""negative"": 382, ""positive"": 130, ""rows"": 512}",8c80f3b7742caaabb65c9e46502b9adafe693dbcedc62ea11157ac0266215b93,9fda065186a69b05d7cc34bc52bce484a06c2608163c9ec50caee7b71a08d915,0.026931,[33],Individual member scores not recorded in frozen JSON; no new calculation from prediction payloads
2023Q2,refit,0.001,fit_slot,uniform_1,1,2,succeeded,,,,,,,,,,,,,,,,,,,,,,,,,,,,,,,2023Q2:refit:0.001:uniform_1:2,,False,"{""negative"": 374, ""positive"": 138, ""rows"": 512}",bd7fa4286b299d4d8b73ec29c4565e61cc3de8b98bffbd067552a80ff728ba73,0e01c0f9980bb1c8cf15eccd23a4e3f679ccce3fd065ab3c24f3db0a0975a48f,0.025832,[27],Individual member scores not recorded in frozen JSON; no new calculation from prediction payloads
2023Q2,refit,temporal,primary,primary_unfiltered,,,available,3,0.0,0,3,3,0,0.0,,0,3,0,0,"{""all_outcomes"": {""causally_ineligible"": 41764, ""censored"": 13, ""no_primary_signal"": 23161, ""stop_loss"": 3}, ""causal_eligible"": 16, ""causal_reasons"": {"""": 16, ""insufficient_history"": 64925}, ""eligible_outcomes"": {""censored"": 13, ""stop_loss"": 3}, ""metric_rows"": 3, ""openings"": 64941, ""primary_accepted"": 16, ""primary_event"": 41780, ""primary_reasons"": {""no_momentum"": 327, ""primary_history"": 22834, ""signal"": 41780}, ""primary_signals"": 41780}",,,,,,,,,,,,,,,,,,,,,,,,,,
2023Q2,refit,temporal,model,full,,,available,0,,,,,,,,16,,,,"{""all_outcomes"": {""causally_ineligible"": 41764, ""censored"": 13, ""no_primary_signal"": 23161, ""stop_loss"": 3}, ""causal_eligible"": 16, ""causal_reasons"": {"""": 16, ""insufficient_history"": 64925}, ""eligible_outcomes"": {""censored"": 13, ""stop_loss"": 3}, ""metric_rows"": 3, ""openings"": 64941, ""primary_accepted"": 16, ""primary_event"": 41780, ""primary_reasons"": {""no_momentum"": 327, ""primary_history"": 22834, ""signal"": 41780}, ""primary_signals"": 41780}",conclusive_metric_rows,"{""negative"": 3, ""positive"": 0, ""rows"": 3}",0.3019797492048603,0.06794120269852115,,,"{""average_precision"": ""no_positives"", ""roc_auc"": ""requires_two_classes"", ""thresholds.0.3.precision"": ""no_signals"", ""thresholds.0.3.recall"": ""no_positives"", ""thresholds.0.4.precision"": ""no_signals"", ""thresholds.0.4.recall"": ""no_positives"", ""thresholds.0.5.precision"": ""no_signals"", ""thresholds.0.5.recall"": ""no_positives""}",0.3,True,,16,16,"{""accepted"": 0, ""f1"": null, ""fn"": 0, ""fp"": 0, ""negative"": 3, ""positive"": 0, ""precision"": null, ""recall"": null, ""rejected"": 3, ""rows"": 3, ""tn"": 3, ""tp"": 0}",,,,,,,,,,,,,
2023Q2,refit,temporal,model,sequential_0,0,,available,16,,,,,,,,0,,,,"{""all_outcomes"": {""causally_ineligible"": 41764, ""censored"": 13, ""no_primary_signal"": 23161, ""stop_loss"": 3}, ""causal_eligible"": 16, ""causal_reasons"": {"""": 16, ""insufficient_history"": 64925}, ""eligible_outcomes"": {""censored"": 13, ""stop_loss"": 3}, ""metric_rows"": 3, ""openings"": 64941, ""primary_accepted"": 16, ""primary_event"": 41780, ""primary_reasons"": {""no_momentum"": 327, ""primary_history"": 22834, ""signal"": 41780}, ""primary_signals"": 41780}",conclusive_metric_rows,"{""negative"": 3, ""positive"": 0, ""rows"": 3}",0.5278917174495189,0.1683508678165927,,,"{""average_precision"": ""no_positives"", ""roc_auc"": ""requires_two_classes"", ""thresholds.0.3.recall"": ""no_positives"", ""thresholds.0.4.recall"": ""no_positives"", ""thresholds.0.5.precision"": ""no_signals"", ""thresholds.0.5.recall"": ""no_positives""}",0.3,True,,16,16,"{""accepted"": 3, ""f1"": 0.0, ""fn"": 0, ""fp"": 3, ""negative"": 3, ""positive"": 0, ""precision"": 0.0, ""recall"": null, ""rejected"": 0, ""rows"": 3, ""tn"": 0, ""tp"": 0}",,,,,,,,,,,,,
2023Q2,refit,temporal,model,sequential_1,1,,available,9,,,,,,,,7,,,,"{""all_outcomes"": {""causally_ineligible"": 41764, ""censored"": 13, ""no_primary_signal"": 23161, ""stop_loss"": 3}, ""causal_eligible"": 16, ""causal_reasons"": {"""": 16, ""insufficient_history"": 64925}, ""eligible_outcomes"": {""censored"": 13, ""stop_loss"": 3}, ""metric_rows"": 3, ""openings"": 64941, ""primary_accepted"": 16, ""primary_event"": 41780, ""primary_reasons"": {""no_momentum"": 327, ""primary_history"": 22834, ""signal"": 41780}, ""primary_signals"": 41780}",conclusive_metric_rows,"{""negative"": 3, ""positive"": 0, ""rows"": 3}",0.3968047324042728,0.10737933311816261,,,"{""average_precision"": ""no_positives"", ""roc_auc"": ""requires_two_classes"", ""thresholds.0.3.recall"": ""no_positives"", ""thresholds.0.4.precision"": ""no_signals"", ""thresholds.0.4.recall"": ""no_positives"", ""thresholds.0.5.precision"": ""no_signals"", ""thresholds.0.5.recall"": ""no_positives""}",0.3,True,,16,16,"{""accepted"": 3, ""f1"": 0.0, ""fn"": 0, ""fp"": 3, ""negative"": 3, ""positive"": 0, ""precision"": 0.0, ""recall"": null, ""rejected"": 0, ""rows"": 3, ""tn"": 0, ""tp"": 0}",,,,,,,,,,,,,
2023Q2,refit,temporal,model,uniform_0,0,,available,4,,,,,,,,12,,,,"{""all_outcomes"": {""causally_ineligible"": 41764, ""censored"": 13, ""no_primary_signal"": 23161, ""stop_loss"": 3}, ""causal_eligible"": 16, ""causal_reasons"": {"""": 16, ""insufficient_history"": 64925}, ""eligible_outcomes"": {""censored"": 13, ""stop_loss"": 3}, ""metric_rows"": 3, ""openings"": 64941, ""primary_accepted"": 16, ""primary_event"": 41780, ""primary_reasons"": {""no_momentum"": 327, ""primary_history"": 22834, ""signal"": 41780}, ""primary_signals"": 41780}",conclusive_metric_rows,"{""negative"": 3, ""positive"": 0, ""rows"": 3}",0.3041705212027174,0.06930745902745898,,,"{""average_precision"": ""no_positives"", ""roc_auc"": ""requires_two_classes"", ""thresholds.0.3.precision"": ""no_signals"", ""thresholds.0.3.recall"": ""no_positives"", ""thresholds.0.4.precision"": ""no_signals"", ""thresholds.0.4.recall"": ""no_positives"", ""thresholds.0.5.precision"": ""no_signals"", ""thresholds.0.5.recall"": ""no_positives""}",0.3,True,,16,16,"{""accepted"": 0, ""f1"": null, ""fn"": 0, ""fp"": 0, ""negative"": 3, ""positive"": 0, ""precision"": null, ""recall"": null, ""rejected"": 3, ""rows"": 3, ""tn"": 3, ""tp"": 0}",,,,,,,,,,,,,
2023Q2,refit,temporal,model,uniform_1,1,,available,13,,,,,,,,3,,,,"{""all_outcomes"": {""causally_ineligible"": 41764, ""censored"": 13, ""no_primary_signal"": 23161, ""stop_loss"": 3}, ""causal_eligible"": 16, ""causal_reasons"": {"""": 16, ""insufficient_history"": 64925}, ""eligible_outcomes"": {""censored"": 13, ""stop_loss"": 3}, ""metric_rows"": 3, ""openings"": 64941, ""primary_accepted"": 16, ""primary_event"": 41780, ""primary_reasons"": {""no_momentum"": 327, ""primary_history"": 22834, ""signal"": 41780}, ""primary_signals"": 41780}",conclusive_metric_rows,"{""negative"": 3, ""positive"": 0, ""rows"": 3}",0.35032552938357137,0.08827655194132723,,,"{""average_precision"": ""no_positives"", ""roc_auc"": ""requires_two_classes"", ""thresholds.0.3.recall"": ""no_positives"", ""thresholds.0.4.precision"": ""no_signals"", ""thresholds.0.4.recall"": ""no_positives"", ""thresholds.0.5.precision"": ""no_signals"", ""thresholds.0.5.recall"": ""no_positives""}",0.3,True,,16,16,"{""accepted"": 1, ""f1"": 0.0, ""fn"": 0, ""fp"": 1, ""negative"": 3, ""positive"": 0, ""precision"": 0.0, ""recall"": null, ""rejected"": 2, ""rows"": 3, ""tn"": 2, ""tp"": 0}",,,,,,,,,,,,,
2023Q2,refit,temporal,model,weighted_constant,,,available,0,,,,,,,,16,,,,"{""all_outcomes"": {""causally_ineligible"": 41764, ""censored"": 13, ""no_primary_signal"": 23161, ""stop_loss"": 3}, ""causal_eligible"": 16, ""causal_reasons"": {"""": 16, ""insufficient_history"": 64925}, ""eligible_outcomes"": {""censored"": 13, ""stop_loss"": 3}, ""metric_rows"": 3, ""openings"": 64941, ""primary_accepted"": 16, ""primary_event"": 41780, ""primary_reasons"": {""no_momentum"": 327, ""primary_history"": 22834, ""signal"": 41780}, ""primary_signals"": 41780}",conclusive_metric_rows,"{""negative"": 3, ""positive"": 0, ""rows"": 3}",0.3087950648909603,0.07057988745727319,,,"{""average_precision"": ""no_positives"", ""roc_auc"": ""requires_two_classes"", ""thresholds.0.3.precision"": ""no_signals"", ""thresholds.0.3.recall"": ""no_positives"", ""thresholds.0.4.precision"": ""no_signals"", ""thresholds.0.4.recall"": ""no_positives"", ""thresholds.0.5.precision"": ""no_signals"", ""thresholds.0.5.recall"": ""no_positives""}",0.5,True,,16,16,"{""accepted"": 0, ""f1"": null, ""fn"": 0, ""fp"": 0, ""negative"": 3, ""positive"": 0, ""precision"": null, ""recall"": null, ""rejected"": 3, ""rows"": 3, ""tn"": 3, ""tp"": 0}",,,,,,,,,,,,,
2023Q2,refit,temporal,model,weighted_logistic,,,available,0,,,,,,,,16,,,,"{""all_outcomes"": {""causally_ineligible"": 41764, ""censored"": 13, ""no_primary_signal"": 23161, ""stop_loss"": 3}, ""causal_eligible"": 16, ""causal_reasons"": {"""": 16, ""insufficient_history"": 64925}, ""eligible_outcomes"": {""censored"": 13, ""stop_loss"": 3}, ""metric_rows"": 3, ""openings"": 64941, ""primary_accepted"": 16, ""primary_event"": 41780, ""primary_reasons"": {""no_momentum"": 327, ""primary_history"": 22834, ""signal"": 41780}, ""primary_signals"": 41780}",conclusive_metric_rows,"{""negative"": 3, ""positive"": 0, ""rows"": 3}",0.23190333977423883,0.04285210533275757,,,"{""average_precision"": ""no_positives"", ""roc_auc"": ""requires_two_classes"", ""thresholds.0.3.precision"": ""no_signals"", ""thresholds.0.3.recall"": ""no_positives"", ""thresholds.0.4.precision"": ""no_signals"", ""thresholds.0.4.recall"": ""no_positives"", ""thresholds.0.5.precision"": ""no_signals"", ""thresholds.0.5.recall"": ""no_positives""}",0.3,True,,16,16,"{""accepted"": 0, ""f1"": null, ""fn"": 0, ""fp"": 0, ""negative"": 3, ""positive"": 0, ""precision"": null, ""recall"": null, ""rejected"": 3, ""rows"": 3, ""tn"": 3, ""tp"": 0}",,,,,,,,,,,,,
2023Q2,refit,temporal,paired_sensitivity,sequential_0_minus_full,,,descriptive_not_confidence_interval,,,,,,,,,,,,,,,,,,,,,,,,,,,"{""brier"": {""delete_week_max"": null, ""delete_week_min"": null, ""delta"": 0.10040966511807155}, ""log_loss"": {""delete_week_max"": null, ""delete_week_min"": null, ""delta"": 0.22591196824465873}, ""status"": ""descriptive_not_confidence_interval"", ""weekly_support"": [{""negative"": 3, ""positive"": 0, ""rows"": 3, ""week_start_epoch"": 1680480000}], ""weeks"": 1}",,,,,,,,,,,,
2023Q2,refit,temporal,paired_sensitivity,sequential_0_minus_uniform_0,,,descriptive_not_confidence_interval,,,,,,,,,,,,,,,,,,,,,,,,,,,"{""brier"": {""delete_week_max"": null, ""delete_week_min"": null, ""delta"": 0.09904340878913372}, ""log_loss"": {""delete_week_max"": null, ""delete_week_min"": null, ""delta"": 0.22372119624680153}, ""status"": ""descriptive_not_confidence_interval"", ""weekly_support"": [{""negative"": 3, ""positive"": 0, ""rows"": 3, ""week_start_epoch"": 1680480000}], ""weeks"": 1}",,,,,,,,,,,,
2023Q2,refit,temporal,paired_sensitivity,sequential_0_minus_weighted_constant,,,descriptive_not_confidence_interval,,,,,,,,,,,,,,,,,,,,,,,,,,,"{""brier"": {""delete_week_max"": null, ""delete_week_min"": null, ""delta"": 0.09777098035931953}, ""log_loss"": {""delete_week_max"": null, ""delete_week_min"": null, ""delta"": 0.2190966525585587}, ""status"": ""descriptive_not_confidence_interval"", ""weekly_support"": [{""negative"": 3, ""positive"": 0, ""rows"": 3, ""week_start_epoch"": 1680480000}], ""weeks"": 1}",,,,,,,,,,,,
2023Q2,refit,temporal,paired_sensitivity,sequential_0_minus_weighted_logistic,,,descriptive_not_confidence_interval,,,,,,,,,,,,,,,,,,,,,,,,,,,"{""brier"": {""delete_week_max"": null, ""delete_week_min"": null, ""delta"": 0.12549876248383515}, ""log_loss"": {""delete_week_max"": null, ""delete_week_min"": null, ""delta"": 0.29598837767528013}, ""status"": ""descriptive_not_confidence_interval"", ""weekly_support"": [{""negative"": 3, ""positive"": 0, ""rows"": 3, ""week_start_epoch"": 1680480000}], ""weeks"": 1}",,,,,,,,,,,,
2023Q2,refit,temporal,paired_sensitivity,sequential_1_minus_full,,,descriptive_not_confidence_interval,,,,,,,,,,,,,,,,,,,,,,,,,,,"{""brier"": {""delete_week_max"": null, ""delete_week_min"": null, ""delta"": 0.039438130419641455}, ""log_loss"": {""delete_week_max"": null, ""delete_week_min"": null, ""delta"": 0.0948249831994125}, ""status"": ""descriptive_not_confidence_interval"", ""weekly_support"": [{""negative"": 3, ""positive"": 0, ""rows"": 3, ""week_start_epoch"": 1680480000}], ""weeks"": 1}",,,,,,,,,,,,
2023Q2,refit,temporal,paired_sensitivity,sequential_1_minus_uniform_1,,,descriptive_not_confidence_interval,,,,,,,,,,,,,,,,,,,,,,,,,,,"{""brier"": {""delete_week_max"": null, ""delete_week_min"": null, ""delta"": 0.01910278117683538}, ""log_loss"": {""delete_week_max"": null, ""delete_week_min"": null, ""delta"": 0.046479203020701375}, ""status"": ""descriptive_not_confidence_interval"", ""weekly_support"": [{""negative"": 3, ""positive"": 0, ""rows"": 3, ""week_start_epoch"": 1680480000}], ""weeks"": 1}",,,,,,,,,,,,
2023Q2,refit,temporal,paired_sensitivity,sequential_1_minus_weighted_constant,,,descriptive_not_confidence_interval,,,,,,,,,,,,,,,,,,,,,,,,,,,"{""brier"": {""delete_week_max"": null, ""delete_week_min"": null, ""delta"": 0.03679944566088942}, ""log_loss"": {""delete_week_max"": null, ""delete_week_min"": null, ""delta"": 0.08800966751331248}, ""status"": ""descriptive_not_confidence_interval"", ""weekly_support"": [{""negative"": 3, ""positive"": 0, ""rows"": 3, ""week_start_epoch"": 1680480000}], ""weeks"": 1}",,,,,,,,,,,,
2023Q2,refit,temporal,paired_sensitivity,sequential_1_minus_weighted_logistic,,,descriptive_not_confidence_interval,,,,,,,,,,,,,,,,,,,,,,,,,,,"{""brier"": {""delete_week_max"": null, ""delete_week_min"": null, ""delta"": 0.06452722778540504}, ""log_loss"": {""delete_week_max"": null, ""delete_week_min"": null, ""delta"": 0.16490139263003398}, ""status"": ""descriptive_not_confidence_interval"", ""weekly_support"": [{""negative"": 3, ""positive"": 0, ""rows"": 3, ""week_start_epoch"": 1680480000}], ""weeks"": 1}",,,,,,,,,,,,
2023Q2,refit,temporal,paired_sensitivity,uniform_0_minus_full,,,descriptive_not_confidence_interval,,,,,,,,,,,,,,,,,,,,,,,,,,,"{""brier"": {""delete_week_max"": null, ""delete_week_min"": null, ""delta"": 0.0013662563289378316}, ""log_loss"": {""delete_week_max"": null, ""delete_week_min"": null, ""delta"": 0.0021907719978571474}, ""status"": ""descriptive_not_confidence_interval"", ""weekly_support"": [{""negative"": 3, ""positive"": 0, ""rows"": 3, ""week_start_epoch"": 1680480000}], ""weeks"": 1}",,,,,,,,,,,,
2023Q2,refit,temporal,paired_sensitivity,uniform_0_minus_weighted_constant,,,descriptive_not_confidence_interval,,,,,,,,,,,,,,,,,,,,,,,,,,,"{""brier"": {""delete_week_max"": null, ""delete_week_min"": null, ""delta"": -0.0012724284298141996}, ""log_loss"": {""delete_week_max"": null, ""delete_week_min"": null, ""delta"": -0.00462454368824287}, ""status"": ""descriptive_not_confidence_interval"", ""weekly_support"": [{""negative"": 3, ""positive"": 0, ""rows"": 3, ""week_start_epoch"": 1680480000}], ""weeks"": 1}",,,,,,,,,,,,
2023Q2,refit,temporal,paired_sensitivity,uniform_0_minus_weighted_logistic,,,descriptive_not_confidence_interval,,,,,,,,,,,,,,,,,,,,,,,,,,,"{""brier"": {""delete_week_max"": null, ""delete_week_min"": null, ""delta"": 0.026455353694701412}, ""log_loss"": {""delete_week_max"": null, ""delete_week_min"": null, ""delta"": 0.07226718142847861}, ""status"": ""descriptive_not_confidence_interval"", ""weekly_support"": [{""negative"": 3, ""positive"": 0, ""rows"": 3, ""week_start_epoch"": 1680480000}], ""weeks"": 1}",,,,,,,,,,,,
2023Q2,refit,temporal,paired_sensitivity,uniform_1_minus_full,,,descriptive_not_confidence_interval,,,,,,,,,,,,,,,,,,,,,,,,,,,"{""brier"": {""delete_week_max"": null, ""delete_week_min"": null, ""delta"": 0.020335349242806073}, ""log_loss"": {""delete_week_max"": null, ""delete_week_min"": null, ""delta"": 0.04834578017871113}, ""status"": ""descriptive_not_confidence_interval"", ""weekly_support"": [{""negative"": 3, ""positive"": 0, ""rows"": 3, ""week_start_epoch"": 1680480000}], ""weeks"": 1}",,,,,,,,,,,,
2023Q2,refit,temporal,paired_sensitivity,uniform_1_minus_weighted_constant,,,descriptive_not_confidence_interval,,,,,,,,,,,,,,,,,,,,,,,,,,,"{""brier"": {""delete_week_max"": null, ""delete_week_min"": null, ""delta"": 0.017696664484054044}, ""log_loss"": {""delete_week_max"": null, ""delete_week_min"": null, ""delta"": 0.04153046449261111}, ""status"": ""descriptive_not_confidence_interval"", ""weekly_support"": [{""negative"": 3, ""positive"": 0, ""rows"": 3, ""week_start_epoch"": 1680480000}], ""weeks"": 1}",,,,,,,,,,,,
2023Q2,refit,temporal,paired_sensitivity,uniform_1_minus_weighted_logistic,,,descriptive_not_confidence_interval,,,,,,,,,,,,,,,,,,,,,,,,,,,"{""brier"": {""delete_week_max"": null, ""delete_week_min"": null, ""delta"": 0.04542444660856965}, ""log_loss"": {""delete_week_max"": null, ""delete_week_min"": null, ""delta"": 0.1184221896093326}, ""status"": ""descriptive_not_confidence_interval"", ""weekly_support"": [{""negative"": 3, ""positive"": 0, ""rows"": 3, ""week_start_epoch"": 1680480000}], ""weeks"": 1}",,,,,,,,,,,,
2023Q2,refit,temporal,member_diversity,sequential_0,0,0-1,,,,,,,,,,,,,,,,,,,,,,,,,,,,,-0.022423981201767754,0.11187006051324037,,,,,,,,,,
2023Q2,refit,temporal,member_diversity,sequential_0,0,0-2,,,,,,,,,,,,,,,,,,,,,,,,,,,,,-0.18389414918069436,0.07892265774975535,,,,,,,,,,
2023Q2,refit,temporal,member_diversity,sequential_0,0,1-2,,,,,,,,,,,,,,,,,,,,,,,,,,,,,0.4359877372312454,0.061478104679275586,,,,,,,,,,
2023Q2,refit,temporal,member_diversity,sequential_1,1,0-1,,,,,,,,,,,,,,,,,,,,,,,,,,,,,-0.27104681627391114,0.10069629119062337,,,,,,,,,,
2023Q2,refit,temporal,member_diversity,sequential_1,1,0-2,,,,,,,,,,,,,,,,,,,,,,,,,,,,,-0.4411612989997248,0.21853162784120472,,,,,,,,,,
2023Q2,refit,temporal,member_diversity,sequential_1,1,1-2,,,,,,,,,,,,,,,,,,,,,,,,,,,,,0.3839840025613952,0.312386946298539,,,,,,,,,,
2023Q2,refit,temporal,member_diversity,uniform_0,0,0-1,,,,,,,,,,,,,,,,,,,,,,,,,,,,,-0.1568578537999185,0.07665322031996095,,,,,,,,,,
2023Q2,refit,temporal,member_diversity,uniform_0,0,0-2,,,,,,,,,,,,,,,,,,,,,,,,,,,,,0.01393861934039176,0.07262741074616796,,,,,,,,,,
2023Q2,refit,temporal,member_diversity,uniform_0,0,1-2,,,,,,,,,,,,,,,,,,,,,,,,,,,,,0.3232472471474299,0.08086323594189632,,,,,,,,,,
2023Q2,refit,temporal,member_diversity,uniform_1,1,0-1,,,,,,,,,,,,,,,,,,,,,,,,,,,,,0.19434116898927264,0.17045037471967533,,,,,,,,,,
2023Q2,refit,temporal,member_diversity,uniform_1,1,0-2,,,,,,,,,,,,,,,,,,,,,,,,,,,,,-0.3218988340094536,0.12158187262194918,,,,,,,,,,
2023Q2,refit,temporal,member_diversity,uniform_1,1,1-2,,,,,,,,,,,,,,,,,,,,,,,,,,,,,0.5639744132334227,0.0895639129726002,,,,,,,,,,
2023Q2,refit,temporal,fit_slot,full,,,succeeded,,,,,,,,,,,,,,,,,,,,,,,,,,,,,,,2023Q2:refit:temporal:full,,False,"{""negative"": 259648, ""positive"": 96348, ""rows"": 355996}",07c2508613837a0732c2abdc98a216f0add67708e44b615d914f957ba94b90d7,16d8d1308b2262482c5096b426576eb51b83b8304898ca51ddc6d8e6feb52b86,0.363349,[19],Individual member scores not recorded in frozen JSON; no new calculation from prediction payloads
2023Q2,refit,temporal,fit_slot,sequential_0,0,0,succeeded,,,,,,,,,,,,,,,,,,,,,,,,,,,,,,,2023Q2:refit:temporal:sequential_0:0,,False,"{""negative"": 347, ""positive"": 165, ""rows"": 512}",16ecac842ef01533938b16d7adbf2964bd51c1fb16c9193da42bd48acdd6331a,cd379e1fba8a75280ed7d0301d0e9e6790dc92cc3c94699b6dbc8de119c2e1c0,0.02273,[33],Individual member scores not recorded in frozen JSON; no new calculation from prediction payloads
2023Q2,refit,temporal,fit_slot,sequential_0,0,1,succeeded,,,,,,,,,,,,,,,,,,,,,,,,,,,,,,,2023Q2:refit:temporal:sequential_0:1,,False,"{""negative"": 370, ""positive"": 142, ""rows"": 512}",35ccf76c232cd4e61d93f63db9b9f3ab57b79fc70e06991a13b8adb36260bb44,0a3f436cff6ee6f7eb399abce9421efc3719ac1a3eecbe95e2eed4f1614fd76e,0.024281,[34],Individual member scores not recorded in frozen JSON; no new calculation from prediction payloads
2023Q2,refit,temporal,fit_slot,sequential_0,0,2,succeeded,,,,,,,,,,,,,,,,,,,,,,,,,,,,,,,2023Q2:refit:temporal:sequential_0:2,,False,"{""negative"": 383, ""positive"": 129, ""rows"": 512}",6bfc59eeae2e9c91a6d7aa7fa08e2914ccffc30d4dae5a65d65de7d3a29b1062,7a536b9a58f35bf53d4cde74c445fe9f1395b870329345291724bd858b301cf7,0.024368,[28],Individual member scores not recorded in frozen JSON; no new calculation from prediction payloads
2023Q2,refit,temporal,fit_slot,sequential_1,1,0,succeeded,,,,,,,,,,,,,,,,,,,,,,,,,,,,,,,2023Q2:refit:temporal:sequential_1:0,,False,"{""negative"": 381, ""positive"": 131, ""rows"": 512}",b6baca649e300425f4984dd76cb0c31bd217ddbc32c9e8b66fd68114a38b98a7,a0ad0d80db35161b045ddab81be95ab46d04e10d205a7f409c4d9a4c8466026f,0.025278,[25],Individual member scores not recorded in frozen JSON; no new calculation from prediction payloads
2023Q2,refit,temporal,fit_slot,sequential_1,1,1,succeeded,,,,,,,,,,,,,,,,,,,,,,,,,,,,,,,2023Q2:refit:temporal:sequential_1:1,,False,"{""negative"": 391, ""positive"": 121, ""rows"": 512}",8e39daef9700af259027d44bc366b612dcc2e144be24932cf6314861259e74e2,7ba0dbd46a96ab43d07250480e32bd603c089453d39a879ed1558fbccfc90447,0.023678,[31],Individual member scores not recorded in frozen JSON; no new calculation from prediction payloads
2023Q2,refit,temporal,fit_slot,sequential_1,1,2,succeeded,,,,,,,,,,,,,,,,,,,,,,,,,,,,,,,2023Q2:refit:temporal:sequential_1:2,,False,"{""negative"": 362, ""positive"": 150, ""rows"": 512}",d75502cb9d42d875021d9c2682343fed3612b10254114649bbb5095f61ff412a,0ab0e7fa22e4e02d39de28afdb2f6a83738eceb4e9fad33d325a403fe388418e,0.024759,[30],Individual member scores not recorded in frozen JSON; no new calculation from prediction payloads
2023Q2,refit,temporal,fit_slot,uniform_0,0,0,succeeded,,,,,,,,,,,,,,,,,,,,,,,,,,,,,,,2023Q2:refit:temporal:uniform_0:0,,False,"{""negative"": 383, ""positive"": 129, ""rows"": 512}",20977ec4906c286dd74bb3a86b7c7d06faaefd1074b1cfd16a12e73841bf38a4,52243d64ac5cde604771d9591b54a0c5b75092e6104862f9a5b9cb8f8ac031e8,0.021829,[25],Individual member scores not recorded in frozen JSON; no new calculation from prediction payloads
2023Q2,refit,temporal,fit_slot,uniform_0,0,1,succeeded,,,,,,,,,,,,,,,,,,,,,,,,,,,,,,,2023Q2:refit:temporal:uniform_0:1,,False,"{""negative"": 368, ""positive"": 144, ""rows"": 512}",dcfdf453009187ad075c7706b4c8267e2670437bbd67acfe8487b6617b4fef5d,7272f8fe7081c19779b08db47e6407bec15bea9f567f69ef01ac323eb30b2537,0.022246,[32],Individual member scores not recorded in frozen JSON; no new calculation from prediction payloads
2023Q2,refit,temporal,fit_slot,uniform_0,0,2,succeeded,,,,,,,,,,,,,,,,,,,,,,,,,,,,,,,2023Q2:refit:temporal:uniform_0:2,,False,"{""negative"": 371, ""positive"": 141, ""rows"": 512}",1f3870a20c4338fd699747c5dabf5d018c2dfba4d1dabc2d11a14db07577990d,f84526c4fa59cdd86fd84d3950915f8bb1cdb4d2637dce4b77045d8ac5e6e0f7,0.021931,[29],Individual member scores not recorded in frozen JSON; no new calculation from prediction payloads
2023Q2,refit,temporal,fit_slot,uniform_1,1,0,succeeded,,,,,,,,,,,,,,,,,,,,,,,,,,,,,,,2023Q2:refit:temporal:uniform_1:0,,False,"{""negative"": 347, ""positive"": 165, ""rows"": 512}",b4e503d46c46614f98d03280389f50e6f21216d4e7209dd3548609173b67755c,ced1daa1c6685ead1b5f6a7745a607661929828e5df4eb099fde7c1b6991803c,0.025969,[28],Individual member scores not recorded in frozen JSON; no new calculation from prediction payloads
2023Q2,refit,temporal,fit_slot,uniform_1,1,1,succeeded,,,,,,,,,,,,,,,,,,,,,,,,,,,,,,,2023Q2:refit:temporal:uniform_1:1,,False,"{""negative"": 383, ""positive"": 129, ""rows"": 512}",c9f44f4a1383eafac43e2606b6eb4a6181ca7a5ed5ab66bc71357ba793356bdd,e1a7128ed3b9471d47550491f17c66d628d97c1e825def8ff729a1ac13121cf4,0.023929,[37],Individual member scores not recorded in frozen JSON; no new calculation from prediction payloads
2023Q2,refit,temporal,fit_slot,uniform_1,1,2,succeeded,,,,,,,,,,,,,,,,,,,,,,,,,,,,,,,2023Q2:refit:temporal:uniform_1:2,,False,"{""negative"": 377, ""positive"": 135, ""rows"": 512}",aba8c060784f507e40dc2db0c43259ef8ff296ffd937f4d15ecfe8041a183135,70134ab326fb47fc79b8d2abf0ea11c5522ea49a2fd9996d7b2c1a9b020d7109,0.026589,[21],Individual member scores not recorded in frozen JSON; no new calculation from prediction payloads
2023Q3,inner,0.0005,primary,primary_unfiltered,,,available,0,,0,0,0,0,,,0,0,0,0,"{""all_outcomes"": {""causally_ineligible"": 41764, ""censored"": 13, ""no_primary_signal"": 23161, ""stop_loss"": 3}, ""causal_eligible"": 0, ""causal_reasons"": {"""": 16, ""insufficient_history"": 64925}, ""eligible_outcomes"": {}, ""metric_rows"": 0, ""openings"": 64941, ""primary_accepted"": 0, ""primary_event"": 1978, ""primary_reasons"": {""no_momentum"": 327, ""primary_history"": 22834, ""signal"": 41780}, ""primary_signals"": 41780}",,,,,,,,,,,,,,,,,,,,,,,,,,
2023Q3,inner,0.0005,model,full,,,available,,,,,,,,,,,,,"{""all_outcomes"": {""causally_ineligible"": 41764, ""censored"": 13, ""no_primary_signal"": 23161, ""stop_loss"": 3}, ""causal_eligible"": 0, ""causal_reasons"": {"""": 16, ""insufficient_history"": 64925}, ""eligible_outcomes"": {}, ""metric_rows"": 0, ""openings"": 64941, ""primary_accepted"": 0, ""primary_event"": 1978, ""primary_reasons"": {""no_momentum"": 327, ""primary_history"": 22834, ""signal"": 41780}, ""primary_signals"": 41780}",conclusive_metric_rows,"{""negative"": 0, ""positive"": 0, ""rows"": 0}",,,,,"{""average_precision"": ""empty_evaluation"", ""brier"": ""empty_evaluation"", ""log_loss"": ""empty_evaluation"", ""roc_auc"": ""empty_evaluation"", ""thresholds.0.3.precision"": ""no_signals"", ""thresholds.0.3.recall"": ""no_positives"", ""thresholds.0.4.precision"": ""no_signals"", ""thresholds.0.4.recall"": ""no_positives"", ""thresholds.0.5.precision"": ""no_signals"", ""thresholds.0.5.recall"": ""no_positives""}",,False,empty_validation,0,0,,,,,,,,,,,,,,
2023Q3,inner,0.0005,model,sequential_0,0,,available,,,,,,,,,,,,,"{""all_outcomes"": {""causally_ineligible"": 41764, ""censored"": 13, ""no_primary_signal"": 23161, ""stop_loss"": 3}, ""causal_eligible"": 0, ""causal_reasons"": {"""": 16, ""insufficient_history"": 64925}, ""eligible_outcomes"": {}, ""metric_rows"": 0, ""openings"": 64941, ""primary_accepted"": 0, ""primary_event"": 1978, ""primary_reasons"": {""no_momentum"": 327, ""primary_history"": 22834, ""signal"": 41780}, ""primary_signals"": 41780}",conclusive_metric_rows,"{""negative"": 0, ""positive"": 0, ""rows"": 0}",,,,,"{""average_precision"": ""empty_evaluation"", ""brier"": ""empty_evaluation"", ""log_loss"": ""empty_evaluation"", ""roc_auc"": ""empty_evaluation"", ""thresholds.0.3.precision"": ""no_signals"", ""thresholds.0.3.recall"": ""no_positives"", ""thresholds.0.4.precision"": ""no_signals"", ""thresholds.0.4.recall"": ""no_positives"", ""thresholds.0.5.precision"": ""no_signals"", ""thresholds.0.5.recall"": ""no_positives""}",,False,empty_validation,0,0,,,,,,,,,,,,,,
2023Q3,inner,0.0005,model,sequential_1,1,,available,,,,,,,,,,,,,"{""all_outcomes"": {""causally_ineligible"": 41764, ""censored"": 13, ""no_primary_signal"": 23161, ""stop_loss"": 3}, ""causal_eligible"": 0, ""causal_reasons"": {"""": 16, ""insufficient_history"": 64925}, ""eligible_outcomes"": {}, ""metric_rows"": 0, ""openings"": 64941, ""primary_accepted"": 0, ""primary_event"": 1978, ""primary_reasons"": {""no_momentum"": 327, ""primary_history"": 22834, ""signal"": 41780}, ""primary_signals"": 41780}",conclusive_metric_rows,"{""negative"": 0, ""positive"": 0, ""rows"": 0}",,,,,"{""average_precision"": ""empty_evaluation"", ""brier"": ""empty_evaluation"", ""log_loss"": ""empty_evaluation"", ""roc_auc"": ""empty_evaluation"", ""thresholds.0.3.precision"": ""no_signals"", ""thresholds.0.3.recall"": ""no_positives"", ""thresholds.0.4.precision"": ""no_signals"", ""thresholds.0.4.recall"": ""no_positives"", ""thresholds.0.5.precision"": ""no_signals"", ""thresholds.0.5.recall"": ""no_positives""}",,False,empty_validation,0,0,,,,,,,,,,,,,,
2023Q3,inner,0.0005,model,uniform_0,0,,available,,,,,,,,,,,,,"{""all_outcomes"": {""causally_ineligible"": 41764, ""censored"": 13, ""no_primary_signal"": 23161, ""stop_loss"": 3}, ""causal_eligible"": 0, ""causal_reasons"": {"""": 16, ""insufficient_history"": 64925}, ""eligible_outcomes"": {}, ""metric_rows"": 0, ""openings"": 64941, ""primary_accepted"": 0, ""primary_event"": 1978, ""primary_reasons"": {""no_momentum"": 327, ""primary_history"": 22834, ""signal"": 41780}, ""primary_signals"": 41780}",conclusive_metric_rows,"{""negative"": 0, ""positive"": 0, ""rows"": 0}",,,,,"{""average_precision"": ""empty_evaluation"", ""brier"": ""empty_evaluation"", ""log_loss"": ""empty_evaluation"", ""roc_auc"": ""empty_evaluation"", ""thresholds.0.3.precision"": ""no_signals"", ""thresholds.0.3.recall"": ""no_positives"", ""thresholds.0.4.precision"": ""no_signals"", ""thresholds.0.4.recall"": ""no_positives"", ""thresholds.0.5.precision"": ""no_signals"", ""thresholds.0.5.recall"": ""no_positives""}",,False,empty_validation,0,0,,,,,,,,,,,,,,
2023Q3,inner,0.0005,model,uniform_1,1,,available,,,,,,,,,,,,,"{""all_outcomes"": {""causally_ineligible"": 41764, ""censored"": 13, ""no_primary_signal"": 23161, ""stop_loss"": 3}, ""causal_eligible"": 0, ""causal_reasons"": {"""": 16, ""insufficient_history"": 64925}, ""eligible_outcomes"": {}, ""metric_rows"": 0, ""openings"": 64941, ""primary_accepted"": 0, ""primary_event"": 1978, ""primary_reasons"": {""no_momentum"": 327, ""primary_history"": 22834, ""signal"": 41780}, ""primary_signals"": 41780}",conclusive_metric_rows,"{""negative"": 0, ""positive"": 0, ""rows"": 0}",,,,,"{""average_precision"": ""empty_evaluation"", ""brier"": ""empty_evaluation"", ""log_loss"": ""empty_evaluation"", ""roc_auc"": ""empty_evaluation"", ""thresholds.0.3.precision"": ""no_signals"", ""thresholds.0.3.recall"": ""no_positives"", ""thresholds.0.4.precision"": ""no_signals"", ""thresholds.0.4.recall"": ""no_positives"", ""thresholds.0.5.precision"": ""no_signals"", ""thresholds.0.5.recall"": ""no_positives""}",,False,empty_validation,0,0,,,,,,,,,,,,,,
2023Q3,inner,0.0005,model,weighted_constant,,,available,,,,,,,,,,,,,"{""all_outcomes"": {""causally_ineligible"": 41764, ""censored"": 13, ""no_primary_signal"": 23161, ""stop_loss"": 3}, ""causal_eligible"": 0, ""causal_reasons"": {"""": 16, ""insufficient_history"": 64925}, ""eligible_outcomes"": {}, ""metric_rows"": 0, ""openings"": 64941, ""primary_accepted"": 0, ""primary_event"": 1978, ""primary_reasons"": {""no_momentum"": 327, ""primary_history"": 22834, ""signal"": 41780}, ""primary_signals"": 41780}",conclusive_metric_rows,"{""negative"": 0, ""positive"": 0, ""rows"": 0}",,,,,"{""average_precision"": ""empty_evaluation"", ""brier"": ""empty_evaluation"", ""log_loss"": ""empty_evaluation"", ""roc_auc"": ""empty_evaluation"", ""thresholds.0.3.precision"": ""no_signals"", ""thresholds.0.3.recall"": ""no_positives"", ""thresholds.0.4.precision"": ""no_signals"", ""thresholds.0.4.recall"": ""no_positives"", ""thresholds.0.5.precision"": ""no_signals"", ""thresholds.0.5.recall"": ""no_positives""}",,False,empty_validation,0,0,,,,,,,,,,,,,,
2023Q3,inner,0.0005,model,weighted_logistic,,,available,,,,,,,,,,,,,"{""all_outcomes"": {""causally_ineligible"": 41764, ""censored"": 13, ""no_primary_signal"": 23161, ""stop_loss"": 3}, ""causal_eligible"": 0, ""causal_reasons"": {"""": 16, ""insufficient_history"": 64925}, ""eligible_outcomes"": {}, ""metric_rows"": 0, ""openings"": 64941, ""primary_accepted"": 0, ""primary_event"": 1978, ""primary_reasons"": {""no_momentum"": 327, ""primary_history"": 22834, ""signal"": 41780}, ""primary_signals"": 41780}",conclusive_metric_rows,"{""negative"": 0, ""positive"": 0, ""rows"": 0}",,,,,"{""average_precision"": ""empty_evaluation"", ""brier"": ""empty_evaluation"", ""log_loss"": ""empty_evaluation"", ""roc_auc"": ""empty_evaluation"", ""thresholds.0.3.precision"": ""no_signals"", ""thresholds.0.3.recall"": ""no_positives"", ""thresholds.0.4.precision"": ""no_signals"", ""thresholds.0.4.recall"": ""no_positives"", ""thresholds.0.5.precision"": ""no_signals"", ""thresholds.0.5.recall"": ""no_positives""}",,False,empty_validation,0,0,,,,,,,,,,,,,,
2023Q3,inner,0.0005,paired_sensitivity,sequential_0_minus_full,,,empty_evaluation,,,,,,,,,,,,,,,,,,,,,,,,,,,"{""brier"": null, ""log_loss"": null, ""status"": ""empty_evaluation"", ""weeks"": 0}",,,,,,,,,,,,
2023Q3,inner,0.0005,paired_sensitivity,sequential_0_minus_uniform_0,,,empty_evaluation,,,,,,,,,,,,,,,,,,,,,,,,,,,"{""brier"": null, ""log_loss"": null, ""status"": ""empty_evaluation"", ""weeks"": 0}",,,,,,,,,,,,
2023Q3,inner,0.0005,paired_sensitivity,sequential_0_minus_weighted_constant,,,empty_evaluation,,,,,,,,,,,,,,,,,,,,,,,,,,,"{""brier"": null, ""log_loss"": null, ""status"": ""empty_evaluation"", ""weeks"": 0}",,,,,,,,,,,,
2023Q3,inner,0.0005,paired_sensitivity,sequential_0_minus_weighted_logistic,,,empty_evaluation,,,,,,,,,,,,,,,,,,,,,,,,,,,"{""brier"": null, ""log_loss"": null, ""status"": ""empty_evaluation"", ""weeks"": 0}",,,,,,,,,,,,
2023Q3,inner,0.0005,paired_sensitivity,sequential_1_minus_full,,,empty_evaluation,,,,,,,,,,,,,,,,,,,,,,,,,,,"{""brier"": null, ""log_loss"": null, ""status"": ""empty_evaluation"", ""weeks"": 0}",,,,,,,,,,,,
2023Q3,inner,0.0005,paired_sensitivity,sequential_1_minus_uniform_1,,,empty_evaluation,,,,,,,,,,,,,,,,,,,,,,,,,,,"{""brier"": null, ""log_loss"": null, ""status"": ""empty_evaluation"", ""weeks"": 0}",,,,,,,,,,,,
2023Q3,inner,0.0005,paired_sensitivity,sequential_1_minus_weighted_constant,,,empty_evaluation,,,,,,,,,,,,,,,,,,,,,,,,,,,"{""brier"": null, ""log_loss"": null, ""status"": ""empty_evaluation"", ""weeks"": 0}",,,,,,,,,,,,
2023Q3,inner,0.0005,paired_sensitivity,sequential_1_minus_weighted_logistic,,,empty_evaluation,,,,,,,,,,,,,,,,,,,,,,,,,,,"{""brier"": null, ""log_loss"": null, ""status"": ""empty_evaluation"", ""weeks"": 0}",,,,,,,,,,,,
2023Q3,inner,0.0005,paired_sensitivity,uniform_0_minus_full,,,empty_evaluation,,,,,,,,,,,,,,,,,,,,,,,,,,,"{""brier"": null, ""log_loss"": null, ""status"": ""empty_evaluation"", ""weeks"": 0}",,,,,,,,,,,,
2023Q3,inner,0.0005,paired_sensitivity,uniform_0_minus_weighted_constant,,,empty_evaluation,,,,,,,,,,,,,,,,,,,,,,,,,,,"{""brier"": null, ""log_loss"": null, ""status"": ""empty_evaluation"", ""weeks"": 0}",,,,,,,,,,,,
2023Q3,inner,0.0005,paired_sensitivity,uniform_0_minus_weighted_logistic,,,empty_evaluation,,,,,,,,,,,,,,,,,,,,,,,,,,,"{""brier"": null, ""log_loss"": null, ""status"": ""empty_evaluation"", ""weeks"": 0}",,,,,,,,,,,,
2023Q3,inner,0.0005,paired_sensitivity,uniform_1_minus_full,,,empty_evaluation,,,,,,,,,,,,,,,,,,,,,,,,,,,"{""brier"": null, ""log_loss"": null, ""status"": ""empty_evaluation"", ""weeks"": 0}",,,,,,,,,,,,
2023Q3,inner,0.0005,paired_sensitivity,uniform_1_minus_weighted_constant,,,empty_evaluation,,,,,,,,,,,,,,,,,,,,,,,,,,,"{""brier"": null, ""log_loss"": null, ""status"": ""empty_evaluation"", ""weeks"": 0}",,,,,,,,,,,,
2023Q3,inner,0.0005,paired_sensitivity,uniform_1_minus_weighted_logistic,,,empty_evaluation,,,,,,,,,,,,,,,,,,,,,,,,,,,"{""brier"": null, ""log_loss"": null, ""status"": ""empty_evaluation"", ""weeks"": 0}",,,,,,,,,,,,
2023Q3,inner,0.0005,member_diversity,sequential_0,0,0-1,,,,,,,,,,,,,,,,,,,,,,,,,,,,,,,empty_evaluation,,,,,,,,,
2023Q3,inner,0.0005,member_diversity,sequential_0,0,0-2,,,,,,,,,,,,,,,,,,,,,,,,,,,,,,,empty_evaluation,,,,,,,,,
2023Q3,inner,0.0005,member_diversity,sequential_0,0,1-2,,,,,,,,,,,,,,,,,,,,,,,,,,,,,,,empty_evaluation,,,,,,,,,
2023Q3,inner,0.0005,member_diversity,sequential_1,1,0-1,,,,,,,,,,,,,,,,,,,,,,,,,,,,,,,empty_evaluation,,,,,,,,,
2023Q3,inner,0.0005,member_diversity,sequential_1,1,0-2,,,,,,,,,,,,,,,,,,,,,,,,,,,,,,,empty_evaluation,,,,,,,,,
2023Q3,inner,0.0005,member_diversity,sequential_1,1,1-2,,,,,,,,,,,,,,,,,,,,,,,,,,,,,,,empty_evaluation,,,,,,,,,
2023Q3,inner,0.0005,member_diversity,uniform_0,0,0-1,,,,,,,,,,,,,,,,,,,,,,,,,,,,,,,empty_evaluation,,,,,,,,,
2023Q3,inner,0.0005,member_diversity,uniform_0,0,0-2,,,,,,,,,,,,,,,,,,,,,,,,,,,,,,,empty_evaluation,,,,,,,,,
2023Q3,inner,0.0005,member_diversity,uniform_0,0,1-2,,,,,,,,,,,,,,,,,,,,,,,,,,,,,,,empty_evaluation,,,,,,,,,
2023Q3,inner,0.0005,member_diversity,uniform_1,1,0-1,,,,,,,,,,,,,,,,,,,,,,,,,,,,,,,empty_evaluation,,,,,,,,,
2023Q3,inner,0.0005,member_diversity,uniform_1,1,0-2,,,,,,,,,,,,,,,,,,,,,,,,,,,,,,,empty_evaluation,,,,,,,,,
2023Q3,inner,0.0005,member_diversity,uniform_1,1,1-2,,,,,,,,,,,,,,,,,,,,,,,,,,,,,,,empty_evaluation,,,,,,,,,
2023Q3,inner,0.0005,fit_slot,full,,,succeeded,,,,,,,,,,,,,,,,,,,,,,,,,,,,,,,2023Q2:refit:0.0005:full,2023Q3:inner:0.0005:full,True,"{""negative"": 23942, ""positive"": 9070, ""rows"": 33012}",6304ab283a7096baa9570a11f3c2eb2792b7b1bde313678746c11e3fc0725d8e,12e93b3fc815169f54d5fa7eb5590d6fe967237dfc6a1e6861c113069ef175e4,0.057326,[21],Individual member scores not recorded in frozen JSON; no new calculation from prediction payloads
2023Q3,inner,0.0005,fit_slot,sequential_0,0,0,succeeded,,,,,,,,,,,,,,,,,,,,,,,,,,,,,,,2023Q2:refit:0.0005:sequential_0:0,2023Q3:inner:0.0005:sequential_0:0,True,"{""negative"": 374, ""positive"": 138, ""rows"": 512}",fbc8c81396816d42e964f9802153261a2b6e34e890d1116df7e7b17f1367c54b,c18194f34c9c71602ec7d9889f90dc3d1fdb8ffd1816ce5d090669a07a048c86,0.026488,[33],Individual member scores not recorded in frozen JSON; no new calculation from prediction payloads
2023Q3,inner,0.0005,fit_slot,sequential_0,0,1,succeeded,,,,,,,,,,,,,,,,,,,,,,,,,,,,,,,2023Q2:refit:0.0005:sequential_0:1,2023Q3:inner:0.0005:sequential_0:1,True,"{""negative"": 357, ""positive"": 155, ""rows"": 512}",45c164299b7453c88f15e0da048411c222ea7aa33f4f4e61f32466ba34f21bae,86104e4c38fc6be8ad69875e0dc513bec2cf7addadf58328b6cee628e33ae147,0.026403,[33],Individual member scores not recorded in frozen JSON; no new calculation from prediction payloads
2023Q3,inner,0.0005,fit_slot,sequential_0,0,2,succeeded,,,,,,,,,,,,,,,,,,,,,,,,,,,,,,,2023Q2:refit:0.0005:sequential_0:2,2023Q3:inner:0.0005:sequential_0:2,True,"{""negative"": 392, ""positive"": 120, ""rows"": 512}",544298f6f4e9afb03afbd1c97e9a3ccc206077311c43443ea7d732f4f2ca149b,c5ae9fda85aea080c34c4bf9ad8613ed14a1697f207e4e5f081679085b8dd1d6,0.026218,[29],Individual member scores not recorded in frozen JSON; no new calculation from prediction payloads
2023Q3,inner,0.0005,fit_slot,sequential_1,1,0,succeeded,,,,,,,,,,,,,,,,,,,,,,,,,,,,,,,2023Q2:refit:0.0005:sequential_1:0,2023Q3:inner:0.0005:sequential_1:0,True,"{""negative"": 354, ""positive"": 158, ""rows"": 512}",d3766baa389d56bd2b9488cbbb278c5bce44e13077c1a2238e2cbbf6a0772ab9,6521cf12845dccd5f9665970ae0f4fc860ea2862d14bfe865e99ea911f57a65b,0.02583,[35],Individual member scores not recorded in frozen JSON; no new calculation from prediction payloads
2023Q3,inner,0.0005,fit_slot,sequential_1,1,1,succeeded,,,,,,,,,,,,,,,,,,,,,,,,,,,,,,,2023Q2:refit:0.0005:sequential_1:1,2023Q3:inner:0.0005:sequential_1:1,True,"{""negative"": 374, ""positive"": 138, ""rows"": 512}",a9ce7859ee78d16703fb905c1590430dfd36e1eac65bbf23983b14078e162862,17da0862b58910ed10870547794c16a25ab7313c8ed54fac19eafa5d5e0d3059,0.025752,[32],Individual member scores not recorded in frozen JSON; no new calculation from prediction payloads
2023Q3,inner,0.0005,fit_slot,sequential_1,1,2,succeeded,,,,,,,,,,,,,,,,,,,,,,,,,,,,,,,2023Q2:refit:0.0005:sequential_1:2,2023Q3:inner:0.0005:sequential_1:2,True,"{""negative"": 360, ""positive"": 152, ""rows"": 512}",e94ccfa7899fbd96622934077e71b74abe7162ad7521a790003ddfd5363ea753,ed050984931967ce07e85d6693aeef4ea9f811119e5a3ab2a97f64d7dc8b4756,0.026113,[32],Individual member scores not recorded in frozen JSON; no new calculation from prediction payloads
2023Q3,inner,0.0005,fit_slot,uniform_0,0,0,succeeded,,,,,,,,,,,,,,,,,,,,,,,,,,,,,,,2023Q2:refit:0.0005:uniform_0:0,2023Q3:inner:0.0005:uniform_0:0,True,"{""negative"": 369, ""positive"": 143, ""rows"": 512}",6f9fd622214be648b3babc1ac328a75e44a81f1d240c785d1213267c2bd8da59,7de96b64a61dceb7a9d7e3a0c36aba74c0a4f69d9573092dc47d1ef18ea184bd,0.025605,[32],Individual member scores not recorded in frozen JSON; no new calculation from prediction payloads
2023Q3,inner,0.0005,fit_slot,uniform_0,0,1,succeeded,,,,,,,,,,,,,,,,,,,,,,,,,,,,,,,2023Q2:refit:0.0005:uniform_0:1,2023Q3:inner:0.0005:uniform_0:1,True,"{""negative"": 362, ""positive"": 150, ""rows"": 512}",f312232136dd285eab2ad0fcafd859accb6721f89beed3064403aec506a824f1,dad726d41a759c73ad1cdba36106457400940c87e4e292b6883664da9bec9eeb,0.025558,[34],Individual member scores not recorded in frozen JSON; no new calculation from prediction payloads
2023Q3,inner,0.0005,fit_slot,uniform_0,0,2,succeeded,,,,,,,,,,,,,,,,,,,,,,,,,,,,,,,2023Q2:refit:0.0005:uniform_0:2,2023Q3:inner:0.0005:uniform_0:2,True,"{""negative"": 372, ""positive"": 140, ""rows"": 512}",291690c9b35783ba4a0ec258cca04a4e20ad64be579a21a1e25d03050b2b1225,5552e1b0ca1ccd50ba235087aab64ca55251852d6beb7a6ccb15954d957b1ffb,0.026442,[34],Individual member scores not recorded in frozen JSON; no new calculation from prediction payloads
2023Q3,inner,0.0005,fit_slot,uniform_1,1,0,succeeded,,,,,,,,,,,,,,,,,,,,,,,,,,,,,,,2023Q2:refit:0.0005:uniform_1:0,2023Q3:inner:0.0005:uniform_1:0,True,"{""negative"": 370, ""positive"": 142, ""rows"": 512}",af390373e488491c0d36ebe22059e8807151859d6b29147ab75588cff47c7b52,eaef9c8927bd1810091f7ad6b87092c3adad27e82be36dab15dc631a707616dd,0.025134,[31],Individual member scores not recorded in frozen JSON; no new calculation from prediction payloads
2023Q3,inner,0.0005,fit_slot,uniform_1,1,1,succeeded,,,,,,,,,,,,,,,,,,,,,,,,,,,,,,,2023Q2:refit:0.0005:uniform_1:1,2023Q3:inner:0.0005:uniform_1:1,True,"{""negative"": 377, ""positive"": 135, ""rows"": 512}",fea99465016398f4bb2ecc08158e4b0be148aed59230b7a4da9aa2cadc7cfa88,e180c42c7af41a40f156b67d9e285b77dc19a93f1c489e085d2325366b793557,0.046678,[32],Individual member scores not recorded in frozen JSON; no new calculation from prediction payloads
2023Q3,inner,0.0005,fit_slot,uniform_1,1,2,succeeded,,,,,,,,,,,,,,,,,,,,,,,,,,,,,,,2023Q2:refit:0.0005:uniform_1:2,2023Q3:inner:0.0005:uniform_1:2,True,"{""negative"": 369, ""positive"": 143, ""rows"": 512}",7f93ffd4a0c574acccf08855a1e13a7fe6ee32c2151b2a3584bd0a00b9b8408e,ee15cc4b3717059ff6bf11226427bdde3f742b0ed58b100d69c1f671b17690d3,0.024912,[27],Individual member scores not recorded in frozen JSON; no new calculation from prediction payloads
2023Q3,inner,0.001,primary,primary_unfiltered,,,available,0,,0,0,0,0,,,0,0,0,0,"{""all_outcomes"": {""causally_ineligible"": 41764, ""censored"": 13, ""no_primary_signal"": 23161, ""stop_loss"": 3}, ""causal_eligible"": 0, ""causal_reasons"": {"""": 16, ""insufficient_history"": 64925}, ""eligible_outcomes"": {}, ""metric_rows"": 0, ""openings"": 64941, ""primary_accepted"": 0, ""primary_event"": 600, ""primary_reasons"": {""no_momentum"": 327, ""primary_history"": 22834, ""signal"": 41780}, ""primary_signals"": 41780}",,,,,,,,,,,,,,,,,,,,,,,,,,
2023Q3,inner,0.001,model,full,,,available,,,,,,,,,,,,,"{""all_outcomes"": {""causally_ineligible"": 41764, ""censored"": 13, ""no_primary_signal"": 23161, ""stop_loss"": 3}, ""causal_eligible"": 0, ""causal_reasons"": {"""": 16, ""insufficient_history"": 64925}, ""eligible_outcomes"": {}, ""metric_rows"": 0, ""openings"": 64941, ""primary_accepted"": 0, ""primary_event"": 600, ""primary_reasons"": {""no_momentum"": 327, ""primary_history"": 22834, ""signal"": 41780}, ""primary_signals"": 41780}",conclusive_metric_rows,"{""negative"": 0, ""positive"": 0, ""rows"": 0}",,,,,"{""average_precision"": ""empty_evaluation"", ""brier"": ""empty_evaluation"", ""log_loss"": ""empty_evaluation"", ""roc_auc"": ""empty_evaluation"", ""thresholds.0.3.precision"": ""no_signals"", ""thresholds.0.3.recall"": ""no_positives"", ""thresholds.0.4.precision"": ""no_signals"", ""thresholds.0.4.recall"": ""no_positives"", ""thresholds.0.5.precision"": ""no_signals"", ""thresholds.0.5.recall"": ""no_positives""}",,False,empty_validation,0,0,,,,,,,,,,,,,,
2023Q3,inner,0.001,model,sequential_0,0,,available,,,,,,,,,,,,,"{""all_outcomes"": {""causally_ineligible"": 41764, ""censored"": 13, ""no_primary_signal"": 23161, ""stop_loss"": 3}, ""causal_eligible"": 0, ""causal_reasons"": {"""": 16, ""insufficient_history"": 64925}, ""eligible_outcomes"": {}, ""metric_rows"": 0, ""openings"": 64941, ""primary_accepted"": 0, ""primary_event"": 600, ""primary_reasons"": {""no_momentum"": 327, ""primary_history"": 22834, ""signal"": 41780}, ""primary_signals"": 41780}",conclusive_metric_rows,"{""negative"": 0, ""positive"": 0, ""rows"": 0}",,,,,"{""average_precision"": ""empty_evaluation"", ""brier"": ""empty_evaluation"", ""log_loss"": ""empty_evaluation"", ""roc_auc"": ""empty_evaluation"", ""thresholds.0.3.precision"": ""no_signals"", ""thresholds.0.3.recall"": ""no_positives"", ""thresholds.0.4.precision"": ""no_signals"", ""thresholds.0.4.recall"": ""no_positives"", ""thresholds.0.5.precision"": ""no_signals"", ""thresholds.0.5.recall"": ""no_positives""}",,False,empty_validation,0,0,,,,,,,,,,,,,,
2023Q3,inner,0.001,model,sequential_1,1,,available,,,,,,,,,,,,,"{""all_outcomes"": {""causally_ineligible"": 41764, ""censored"": 13, ""no_primary_signal"": 23161, ""stop_loss"": 3}, ""causal_eligible"": 0, ""causal_reasons"": {"""": 16, ""insufficient_history"": 64925}, ""eligible_outcomes"": {}, ""metric_rows"": 0, ""openings"": 64941, ""primary_accepted"": 0, ""primary_event"": 600, ""primary_reasons"": {""no_momentum"": 327, ""primary_history"": 22834, ""signal"": 41780}, ""primary_signals"": 41780}",conclusive_metric_rows,"{""negative"": 0, ""positive"": 0, ""rows"": 0}",,,,,"{""average_precision"": ""empty_evaluation"", ""brier"": ""empty_evaluation"", ""log_loss"": ""empty_evaluation"", ""roc_auc"": ""empty_evaluation"", ""thresholds.0.3.precision"": ""no_signals"", ""thresholds.0.3.recall"": ""no_positives"", ""thresholds.0.4.precision"": ""no_signals"", ""thresholds.0.4.recall"": ""no_positives"", ""thresholds.0.5.precision"": ""no_signals"", ""thresholds.0.5.recall"": ""no_positives""}",,False,empty_validation,0,0,,,,,,,,,,,,,,
2023Q3,inner,0.001,model,uniform_0,0,,available,,,,,,,,,,,,,"{""all_outcomes"": {""causally_ineligible"": 41764, ""censored"": 13, ""no_primary_signal"": 23161, ""stop_loss"": 3}, ""causal_eligible"": 0, ""causal_reasons"": {"""": 16, ""insufficient_history"": 64925}, ""eligible_outcomes"": {}, ""metric_rows"": 0, ""openings"": 64941, ""primary_accepted"": 0, ""primary_event"": 600, ""primary_reasons"": {""no_momentum"": 327, ""primary_history"": 22834, ""signal"": 41780}, ""primary_signals"": 41780}",conclusive_metric_rows,"{""negative"": 0, ""positive"": 0, ""rows"": 0}",,,,,"{""average_precision"": ""empty_evaluation"", ""brier"": ""empty_evaluation"", ""log_loss"": ""empty_evaluation"", ""roc_auc"": ""empty_evaluation"", ""thresholds.0.3.precision"": ""no_signals"", ""thresholds.0.3.recall"": ""no_positives"", ""thresholds.0.4.precision"": ""no_signals"", ""thresholds.0.4.recall"": ""no_positives"", ""thresholds.0.5.precision"": ""no_signals"", ""thresholds.0.5.recall"": ""no_positives""}",,False,empty_validation,0,0,,,,,,,,,,,,,,
2023Q3,inner,0.001,model,uniform_1,1,,available,,,,,,,,,,,,,"{""all_outcomes"": {""causally_ineligible"": 41764, ""censored"": 13, ""no_primary_signal"": 23161, ""stop_loss"": 3}, ""causal_eligible"": 0, ""causal_reasons"": {"""": 16, ""insufficient_history"": 64925}, ""eligible_outcomes"": {}, ""metric_rows"": 0, ""openings"": 64941, ""primary_accepted"": 0, ""primary_event"": 600, ""primary_reasons"": {""no_momentum"": 327, ""primary_history"": 22834, ""signal"": 41780}, ""primary_signals"": 41780}",conclusive_metric_rows,"{""negative"": 0, ""positive"": 0, ""rows"": 0}",,,,,"{""average_precision"": ""empty_evaluation"", ""brier"": ""empty_evaluation"", ""log_loss"": ""empty_evaluation"", ""roc_auc"": ""empty_evaluation"", ""thresholds.0.3.precision"": ""no_signals"", ""thresholds.0.3.recall"": ""no_positives"", ""thresholds.0.4.precision"": ""no_signals"", ""thresholds.0.4.recall"": ""no_positives"", ""thresholds.0.5.precision"": ""no_signals"", ""thresholds.0.5.recall"": ""no_positives""}",,False,empty_validation,0,0,,,,,,,,,,,,,,
2023Q3,inner,0.001,model,weighted_constant,,,available,,,,,,,,,,,,,"{""all_outcomes"": {""causally_ineligible"": 41764, ""censored"": 13, ""no_primary_signal"": 23161, ""stop_loss"": 3}, ""causal_eligible"": 0, ""causal_reasons"": {"""": 16, ""insufficient_history"": 64925}, ""eligible_outcomes"": {}, ""metric_rows"": 0, ""openings"": 64941, ""primary_accepted"": 0, ""primary_event"": 600, ""primary_reasons"": {""no_momentum"": 327, ""primary_history"": 22834, ""signal"": 41780}, ""primary_signals"": 41780}",conclusive_metric_rows,"{""negative"": 0, ""positive"": 0, ""rows"": 0}",,,,,"{""average_precision"": ""empty_evaluation"", ""brier"": ""empty_evaluation"", ""log_loss"": ""empty_evaluation"", ""roc_auc"": ""empty_evaluation"", ""thresholds.0.3.precision"": ""no_signals"", ""thresholds.0.3.recall"": ""no_positives"", ""thresholds.0.4.precision"": ""no_signals"", ""thresholds.0.4.recall"": ""no_positives"", ""thresholds.0.5.precision"": ""no_signals"", ""thresholds.0.5.recall"": ""no_positives""}",,False,empty_validation,0,0,,,,,,,,,,,,,,
2023Q3,inner,0.001,model,weighted_logistic,,,available,,,,,,,,,,,,,"{""all_outcomes"": {""causally_ineligible"": 41764, ""censored"": 13, ""no_primary_signal"": 23161, ""stop_loss"": 3}, ""causal_eligible"": 0, ""causal_reasons"": {"""": 16, ""insufficient_history"": 64925}, ""eligible_outcomes"": {}, ""metric_rows"": 0, ""openings"": 64941, ""primary_accepted"": 0, ""primary_event"": 600, ""primary_reasons"": {""no_momentum"": 327, ""primary_history"": 22834, ""signal"": 41780}, ""primary_signals"": 41780}",conclusive_metric_rows,"{""negative"": 0, ""positive"": 0, ""rows"": 0}",,,,,"{""average_precision"": ""empty_evaluation"", ""brier"": ""empty_evaluation"", ""log_loss"": ""empty_evaluation"", ""roc_auc"": ""empty_evaluation"", ""thresholds.0.3.precision"": ""no_signals"", ""thresholds.0.3.recall"": ""no_positives"", ""thresholds.0.4.precision"": ""no_signals"", ""thresholds.0.4.recall"": ""no_positives"", ""thresholds.0.5.precision"": ""no_signals"", ""thresholds.0.5.recall"": ""no_positives""}",,False,empty_validation,0,0,,,,,,,,,,,,,,
2023Q3,inner,0.001,paired_sensitivity,sequential_0_minus_full,,,empty_evaluation,,,,,,,,,,,,,,,,,,,,,,,,,,,"{""brier"": null, ""log_loss"": null, ""status"": ""empty_evaluation"", ""weeks"": 0}",,,,,,,,,,,,
2023Q3,inner,0.001,paired_sensitivity,sequential_0_minus_uniform_0,,,empty_evaluation,,,,,,,,,,,,,,,,,,,,,,,,,,,"{""brier"": null, ""log_loss"": null, ""status"": ""empty_evaluation"", ""weeks"": 0}",,,,,,,,,,,,
2023Q3,inner,0.001,paired_sensitivity,sequential_0_minus_weighted_constant,,,empty_evaluation,,,,,,,,,,,,,,,,,,,,,,,,,,,"{""brier"": null, ""log_loss"": null, ""status"": ""empty_evaluation"", ""weeks"": 0}",,,,,,,,,,,,
2023Q3,inner,0.001,paired_sensitivity,sequential_0_minus_weighted_logistic,,,empty_evaluation,,,,,,,,,,,,,,,,,,,,,,,,,,,"{""brier"": null, ""log_loss"": null, ""status"": ""empty_evaluation"", ""weeks"": 0}",,,,,,,,,,,,
2023Q3,inner,0.001,paired_sensitivity,sequential_1_minus_full,,,empty_evaluation,,,,,,,,,,,,,,,,,,,,,,,,,,,"{""brier"": null, ""log_loss"": null, ""status"": ""empty_evaluation"", ""weeks"": 0}",,,,,,,,,,,,
2023Q3,inner,0.001,paired_sensitivity,sequential_1_minus_uniform_1,,,empty_evaluation,,,,,,,,,,,,,,,,,,,,,,,,,,,"{""brier"": null, ""log_loss"": null, ""status"": ""empty_evaluation"", ""weeks"": 0}",,,,,,,,,,,,
2023Q3,inner,0.001,paired_sensitivity,sequential_1_minus_weighted_constant,,,empty_evaluation,,,,,,,,,,,,,,,,,,,,,,,,,,,"{""brier"": null, ""log_loss"": null, ""status"": ""empty_evaluation"", ""weeks"": 0}",,,,,,,,,,,,
2023Q3,inner,0.001,paired_sensitivity,sequential_1_minus_weighted_logistic,,,empty_evaluation,,,,,,,,,,,,,,,,,,,,,,,,,,,"{""brier"": null, ""log_loss"": null, ""status"": ""empty_evaluation"", ""weeks"": 0}",,,,,,,,,,,,
2023Q3,inner,0.001,paired_sensitivity,uniform_0_minus_full,,,empty_evaluation,,,,,,,,,,,,,,,,,,,,,,,,,,,"{""brier"": null, ""log_loss"": null, ""status"": ""empty_evaluation"", ""weeks"": 0}",,,,,,,,,,,,
2023Q3,inner,0.001,paired_sensitivity,uniform_0_minus_weighted_constant,,,empty_evaluation,,,,,,,,,,,,,,,,,,,,,,,,,,,"{""brier"": null, ""log_loss"": null, ""status"": ""empty_evaluation"", ""weeks"": 0}",,,,,,,,,,,,
2023Q3,inner,0.001,paired_sensitivity,uniform_0_minus_weighted_logistic,,,empty_evaluation,,,,,,,,,,,,,,,,,,,,,,,,,,,"{""brier"": null, ""log_loss"": null, ""status"": ""empty_evaluation"", ""weeks"": 0}",,,,,,,,,,,,
2023Q3,inner,0.001,paired_sensitivity,uniform_1_minus_full,,,empty_evaluation,,,,,,,,,,,,,,,,,,,,,,,,,,,"{""brier"": null, ""log_loss"": null, ""status"": ""empty_evaluation"", ""weeks"": 0}",,,,,,,,,,,,
2023Q3,inner,0.001,paired_sensitivity,uniform_1_minus_weighted_constant,,,empty_evaluation,,,,,,,,,,,,,,,,,,,,,,,,,,,"{""brier"": null, ""log_loss"": null, ""status"": ""empty_evaluation"", ""weeks"": 0}",,,,,,,,,,,,
2023Q3,inner,0.001,paired_sensitivity,uniform_1_minus_weighted_logistic,,,empty_evaluation,,,,,,,,,,,,,,,,,,,,,,,,,,,"{""brier"": null, ""log_loss"": null, ""status"": ""empty_evaluation"", ""weeks"": 0}",,,,,,,,,,,,
2023Q3,inner,0.001,member_diversity,sequential_0,0,0-1,,,,,,,,,,,,,,,,,,,,,,,,,,,,,,,empty_evaluation,,,,,,,,,
2023Q3,inner,0.001,member_diversity,sequential_0,0,0-2,,,,,,,,,,,,,,,,,,,,,,,,,,,,,,,empty_evaluation,,,,,,,,,
2023Q3,inner,0.001,member_diversity,sequential_0,0,1-2,,,,,,,,,,,,,,,,,,,,,,,,,,,,,,,empty_evaluation,,,,,,,,,
2023Q3,inner,0.001,member_diversity,sequential_1,1,0-1,,,,,,,,,,,,,,,,,,,,,,,,,,,,,,,empty_evaluation,,,,,,,,,
2023Q3,inner,0.001,member_diversity,sequential_1,1,0-2,,,,,,,,,,,,,,,,,,,,,,,,,,,,,,,empty_evaluation,,,,,,,,,
2023Q3,inner,0.001,member_diversity,sequential_1,1,1-2,,,,,,,,,,,,,,,,,,,,,,,,,,,,,,,empty_evaluation,,,,,,,,,
2023Q3,inner,0.001,member_diversity,uniform_0,0,0-1,,,,,,,,,,,,,,,,,,,,,,,,,,,,,,,empty_evaluation,,,,,,,,,
2023Q3,inner,0.001,member_diversity,uniform_0,0,0-2,,,,,,,,,,,,,,,,,,,,,,,,,,,,,,,empty_evaluation,,,,,,,,,
2023Q3,inner,0.001,member_diversity,uniform_0,0,1-2,,,,,,,,,,,,,,,,,,,,,,,,,,,,,,,empty_evaluation,,,,,,,,,
2023Q3,inner,0.001,member_diversity,uniform_1,1,0-1,,,,,,,,,,,,,,,,,,,,,,,,,,,,,,,empty_evaluation,,,,,,,,,
2023Q3,inner,0.001,member_diversity,uniform_1,1,0-2,,,,,,,,,,,,,,,,,,,,,,,,,,,,,,,empty_evaluation,,,,,,,,,
2023Q3,inner,0.001,member_diversity,uniform_1,1,1-2,,,,,,,,,,,,,,,,,,,,,,,,,,,,,,,empty_evaluation,,,,,,,,,
2023Q3,inner,0.001,fit_slot,full,,,succeeded,,,,,,,,,,,,,,,,,,,,,,,,,,,,,,,2023Q2:refit:0.001:full,2023Q3:inner:0.001:full,True,"{""negative"": 8554, ""positive"": 3162, ""rows"": 11716}",e94a6d001cff9ac7c78b8b3e68cb1d5f5c0819e03afd65686b5a27c25abac2dc,ba03abda83417da690c3282ede1c4d009b989831051d750b9b01add1e5f025d7,0.038078,[22],Individual member scores not recorded in frozen JSON; no new calculation from prediction payloads
2023Q3,inner,0.001,fit_slot,sequential_0,0,0,succeeded,,,,,,,,,,,,,,,,,,,,,,,,,,,,,,,2023Q2:refit:0.001:sequential_0:0,2023Q3:inner:0.001:sequential_0:0,True,"{""negative"": 390, ""positive"": 122, ""rows"": 512}",100a543eef4997c7b67289b3322a02149df8b4145dddec20e76754f2846f0bab,05c7c74126eda02a1b2665e93536c3d25d13daf49ef5347d62ae0b7e4fbd8e80,0.026555,[29],Individual member scores not recorded in frozen JSON; no new calculation from prediction payloads
2023Q3,inner,0.001,fit_slot,sequential_0,0,1,succeeded,,,,,,,,,,,,,,,,,,,,,,,,,,,,,,,2023Q2:refit:0.001:sequential_0:1,2023Q3:inner:0.001:sequential_0:1,True,"{""negative"": 381, ""positive"": 131, ""rows"": 512}",2df0bd069783c568be12d6bd561da4a9f68da084900df825ccb336040de9a63a,c3fb4a9624635324a69efbe66cac087b6e21ef18f94f9166041e7aee4a97a9a4,0.027037,[34],Individual member scores not recorded in frozen JSON; no new calculation from prediction payloads
2023Q3,inner,0.001,fit_slot,sequential_0,0,2,succeeded,,,,,,,,,,,,,,,,,,,,,,,,,,,,,,,2023Q2:refit:0.001:sequential_0:2,2023Q3:inner:0.001:sequential_0:2,True,"{""negative"": 389, ""positive"": 123, ""rows"": 512}",ec0a486c422128928185cb9305b26153bde1e43c7fbe497ce8d849d42b3a3ac7,424cb33881054b5fb95681b32704aadb9656e52d9f295d0aee8d975d60feb02e,0.027201,[29],Individual member scores not recorded in frozen JSON; no new calculation from prediction payloads
2023Q3,inner,0.001,fit_slot,sequential_1,1,0,succeeded,,,,,,,,,,,,,,,,,,,,,,,,,,,,,,,2023Q2:refit:0.001:sequential_1:0,2023Q3:inner:0.001:sequential_1:0,True,"{""negative"": 376, ""positive"": 136, ""rows"": 512}",48464acfc9ae3e75818c98f34be255e85bd8d5253780fa6fbe2ac64ed61a1670,f109056143c781b2ed92a5f3cd976ca6992fb1df90e8c8f3cfc8048982cffbe0,0.027711,[31],Individual member scores not recorded in frozen JSON; no new calculation from prediction payloads
2023Q3,inner,0.001,fit_slot,sequential_1,1,1,succeeded,,,,,,,,,,,,,,,,,,,,,,,,,,,,,,,2023Q2:refit:0.001:sequential_1:1,2023Q3:inner:0.001:sequential_1:1,True,"{""negative"": 384, ""positive"": 128, ""rows"": 512}",f47aadaddb4dcb11f2faca8f0eb3f5160b81274186ebddf16627044d010a48df,39486e2be1c880fab7e0ae2370fa3fbc2767d795720b7d0bfd5d5b585b4558fb,0.028171,[29],Individual member scores not recorded in frozen JSON; no new calculation from prediction payloads
2023Q3,inner,0.001,fit_slot,sequential_1,1,2,succeeded,,,,,,,,,,,,,,,,,,,,,,,,,,,,,,,2023Q2:refit:0.001:sequential_1:2,2023Q3:inner:0.001:sequential_1:2,True,"{""negative"": 382, ""positive"": 130, ""rows"": 512}",cc2871e93efe040d4263040e241f470479ba7006fde1ae3fc1007214f3b393ae,337cfd5ebcfff77d0124a229ea6a83ee3a6c4838f8e7aa9b27e57dabdf04876c,0.027705,[30],Individual member scores not recorded in frozen JSON; no new calculation from prediction payloads
2023Q3,inner,0.001,fit_slot,uniform_0,0,0,succeeded,,,,,,,,,,,,,,,,,,,,,,,,,,,,,,,2023Q2:refit:0.001:uniform_0:0,2023Q3:inner:0.001:uniform_0:0,True,"{""negative"": 381, ""positive"": 131, ""rows"": 512}",f62a75fe5d8d3f0890c3e8a42313e03a585d0bc2da6184713ddab252c53e507c,49777372fc29af85dcfde332ba2479078a93516f5909232ba0670b9b3508bf7b,0.026515,[31],Individual member scores not recorded in frozen JSON; no new calculation from prediction payloads
2023Q3,inner,0.001,fit_slot,uniform_0,0,1,succeeded,,,,,,,,,,,,,,,,,,,,,,,,,,,,,,,2023Q2:refit:0.001:uniform_0:1,2023Q3:inner:0.001:uniform_0:1,True,"{""negative"": 372, ""positive"": 140, ""rows"": 512}",d7641881204b641573d6bdd2b56945ae1b037237dbf8fbe7e5cc7fa656eb56b8,cb40ec7c9fd769b6dd7b097bb3076c82f79cd0abaf5e4669706c5a21e71f99eb,0.027511,[36],Individual member scores not recorded in frozen JSON; no new calculation from prediction payloads
2023Q3,inner,0.001,fit_slot,uniform_0,0,2,succeeded,,,,,,,,,,,,,,,,,,,,,,,,,,,,,,,2023Q2:refit:0.001:uniform_0:2,2023Q3:inner:0.001:uniform_0:2,True,"{""negative"": 380, ""positive"": 132, ""rows"": 512}",25bdfccfd58c14a1e2b52a4bea3d3eadefc9004b2c123fc4d4c91446fac5b2c6,20ae3b3802359857c113ef664fa07ee118c5a952f84bb59bdf8eef2be2f413e0,0.026355,[31],Individual member scores not recorded in frozen JSON; no new calculation from prediction payloads
2023Q3,inner,0.001,fit_slot,uniform_1,1,0,succeeded,,,,,,,,,,,,,,,,,,,,,,,,,,,,,,,2023Q2:refit:0.001:uniform_1:0,2023Q3:inner:0.001:uniform_1:0,True,"{""negative"": 360, ""positive"": 152, ""rows"": 512}",aa011aeed55f5146490b0bee531ab9390d05c9ea21222ae3b6a2642093fa1334,035d527142bff83f7789368a06b4be56aab106cc24e8cbb1b4a316045761957d,0.026581,[30],Individual member scores not recorded in frozen JSON; no new calculation from prediction payloads
2023Q3,inner,0.001,fit_slot,uniform_1,1,1,succeeded,,,,,,,,,,,,,,,,,,,,,,,,,,,,,,,2023Q2:refit:0.001:uniform_1:1,2023Q3:inner:0.001:uniform_1:1,True,"{""negative"": 382, ""positive"": 130, ""rows"": 512}",8c80f3b7742caaabb65c9e46502b9adafe693dbcedc62ea11157ac0266215b93,9fda065186a69b05d7cc34bc52bce484a06c2608163c9ec50caee7b71a08d915,0.026931,[33],Individual member scores not recorded in frozen JSON; no new calculation from prediction payloads
2023Q3,inner,0.001,fit_slot,uniform_1,1,2,succeeded,,,,,,,,,,,,,,,,,,,,,,,,,,,,,,,2023Q2:refit:0.001:uniform_1:2,2023Q3:inner:0.001:uniform_1:2,True,"{""negative"": 374, ""positive"": 138, ""rows"": 512}",bd7fa4286b299d4d8b73ec29c4565e61cc3de8b98bffbd067552a80ff728ba73,0e01c0f9980bb1c8cf15eccd23a4e3f679ccce3fd065ab3c24f3db0a0975a48f,0.025832,[27],Individual member scores not recorded in frozen JSON; no new calculation from prediction payloads
2023Q3,inner,temporal,primary,primary_unfiltered,,,available,3,0.0,0,3,3,0,0.0,,0,3,0,0,"{""all_outcomes"": {""causally_ineligible"": 41764, ""censored"": 13, ""no_primary_signal"": 23161, ""stop_loss"": 3}, ""causal_eligible"": 16, ""causal_reasons"": {"""": 16, ""insufficient_history"": 64925}, ""eligible_outcomes"": {""censored"": 13, ""stop_loss"": 3}, ""metric_rows"": 3, ""openings"": 64941, ""primary_accepted"": 16, ""primary_event"": 41780, ""primary_reasons"": {""no_momentum"": 327, ""primary_history"": 22834, ""signal"": 41780}, ""primary_signals"": 41780}",,,,,,,,,,,,,,,,,,,,,,,,,,
2023Q3,inner,temporal,model,full,,,available,,,,,,,,,,,,,"{""all_outcomes"": {""causally_ineligible"": 41764, ""censored"": 13, ""no_primary_signal"": 23161, ""stop_loss"": 3}, ""causal_eligible"": 16, ""causal_reasons"": {"""": 16, ""insufficient_history"": 64925}, ""eligible_outcomes"": {""censored"": 13, ""stop_loss"": 3}, ""metric_rows"": 3, ""openings"": 64941, ""primary_accepted"": 16, ""primary_event"": 41780, ""primary_reasons"": {""no_momentum"": 327, ""primary_history"": 22834, ""signal"": 41780}, ""primary_signals"": 41780}",conclusive_metric_rows,"{""negative"": 3, ""positive"": 0, ""rows"": 3}",0.3019797492048603,0.06794120269852115,,,"{""average_precision"": ""no_positives"", ""roc_auc"": ""requires_two_classes"", ""thresholds.0.3.precision"": ""no_signals"", ""thresholds.0.3.recall"": ""no_positives"", ""thresholds.0.4.precision"": ""no_signals"", ""thresholds.0.4.recall"": ""no_positives"", ""thresholds.0.5.precision"": ""no_signals"", ""thresholds.0.5.recall"": ""no_positives""}",,False,no_validation_positives,16,0,,,,,,,,,,,,,,
2023Q3,inner,temporal,model,sequential_0,0,,available,,,,,,,,,,,,,"{""all_outcomes"": {""causally_ineligible"": 41764, ""censored"": 13, ""no_primary_signal"": 23161, ""stop_loss"": 3}, ""causal_eligible"": 16, ""causal_reasons"": {"""": 16, ""insufficient_history"": 64925}, ""eligible_outcomes"": {""censored"": 13, ""stop_loss"": 3}, ""metric_rows"": 3, ""openings"": 64941, ""primary_accepted"": 16, ""primary_event"": 41780, ""primary_reasons"": {""no_momentum"": 327, ""primary_history"": 22834, ""signal"": 41780}, ""primary_signals"": 41780}",conclusive_metric_rows,"{""negative"": 3, ""positive"": 0, ""rows"": 3}",0.5278917174495189,0.1683508678165927,,,"{""average_precision"": ""no_positives"", ""roc_auc"": ""requires_two_classes"", ""thresholds.0.3.recall"": ""no_positives"", ""thresholds.0.4.recall"": ""no_positives"", ""thresholds.0.5.precision"": ""no_signals"", ""thresholds.0.5.recall"": ""no_positives""}",,False,no_validation_positives,16,0,,,,,,,,,,,,,,
2023Q3,inner,temporal,model,sequential_1,1,,available,,,,,,,,,,,,,"{""all_outcomes"": {""causally_ineligible"": 41764, ""censored"": 13, ""no_primary_signal"": 23161, ""stop_loss"": 3}, ""causal_eligible"": 16, ""causal_reasons"": {"""": 16, ""insufficient_history"": 64925}, ""eligible_outcomes"": {""censored"": 13, ""stop_loss"": 3}, ""metric_rows"": 3, ""openings"": 64941, ""primary_accepted"": 16, ""primary_event"": 41780, ""primary_reasons"": {""no_momentum"": 327, ""primary_history"": 22834, ""signal"": 41780}, ""primary_signals"": 41780}",conclusive_metric_rows,"{""negative"": 3, ""positive"": 0, ""rows"": 3}",0.3968047324042728,0.10737933311816261,,,"{""average_precision"": ""no_positives"", ""roc_auc"": ""requires_two_classes"", ""thresholds.0.3.recall"": ""no_positives"", ""thresholds.0.4.precision"": ""no_signals"", ""thresholds.0.4.recall"": ""no_positives"", ""thresholds.0.5.precision"": ""no_signals"", ""thresholds.0.5.recall"": ""no_positives""}",,False,no_validation_positives,16,0,,,,,,,,,,,,,,
2023Q3,inner,temporal,model,uniform_0,0,,available,,,,,,,,,,,,,"{""all_outcomes"": {""causally_ineligible"": 41764, ""censored"": 13, ""no_primary_signal"": 23161, ""stop_loss"": 3}, ""causal_eligible"": 16, ""causal_reasons"": {"""": 16, ""insufficient_history"": 64925}, ""eligible_outcomes"": {""censored"": 13, ""stop_loss"": 3}, ""metric_rows"": 3, ""openings"": 64941, ""primary_accepted"": 16, ""primary_event"": 41780, ""primary_reasons"": {""no_momentum"": 327, ""primary_history"": 22834, ""signal"": 41780}, ""primary_signals"": 41780}",conclusive_metric_rows,"{""negative"": 3, ""positive"": 0, ""rows"": 3}",0.3041705212027174,0.06930745902745898,,,"{""average_precision"": ""no_positives"", ""roc_auc"": ""requires_two_classes"", ""thresholds.0.3.precision"": ""no_signals"", ""thresholds.0.3.recall"": ""no_positives"", ""thresholds.0.4.precision"": ""no_signals"", ""thresholds.0.4.recall"": ""no_positives"", ""thresholds.0.5.precision"": ""no_signals"", ""thresholds.0.5.recall"": ""no_positives""}",,False,no_validation_positives,16,0,,,,,,,,,,,,,,
2023Q3,inner,temporal,model,uniform_1,1,,available,,,,,,,,,,,,,"{""all_outcomes"": {""causally_ineligible"": 41764, ""censored"": 13, ""no_primary_signal"": 23161, ""stop_loss"": 3}, ""causal_eligible"": 16, ""causal_reasons"": {"""": 16, ""insufficient_history"": 64925}, ""eligible_outcomes"": {""censored"": 13, ""stop_loss"": 3}, ""metric_rows"": 3, ""openings"": 64941, ""primary_accepted"": 16, ""primary_event"": 41780, ""primary_reasons"": {""no_momentum"": 327, ""primary_history"": 22834, ""signal"": 41780}, ""primary_signals"": 41780}",conclusive_metric_rows,"{""negative"": 3, ""positive"": 0, ""rows"": 3}",0.35032552938357137,0.08827655194132723,,,"{""average_precision"": ""no_positives"", ""roc_auc"": ""requires_two_classes"", ""thresholds.0.3.recall"": ""no_positives"", ""thresholds.0.4.precision"": ""no_signals"", ""thresholds.0.4.recall"": ""no_positives"", ""thresholds.0.5.precision"": ""no_signals"", ""thresholds.0.5.recall"": ""no_positives""}",,False,no_validation_positives,16,0,,,,,,,,,,,,,,
2023Q3,inner,temporal,model,weighted_constant,,,available,,,,,,,,,,,,,"{""all_outcomes"": {""causally_ineligible"": 41764, ""censored"": 13, ""no_primary_signal"": 23161, ""stop_loss"": 3}, ""causal_eligible"": 16, ""causal_reasons"": {"""": 16, ""insufficient_history"": 64925}, ""eligible_outcomes"": {""censored"": 13, ""stop_loss"": 3}, ""metric_rows"": 3, ""openings"": 64941, ""primary_accepted"": 16, ""primary_event"": 41780, ""primary_reasons"": {""no_momentum"": 327, ""primary_history"": 22834, ""signal"": 41780}, ""primary_signals"": 41780}",conclusive_metric_rows,"{""negative"": 3, ""positive"": 0, ""rows"": 3}",0.3087950648909603,0.07057988745727319,,,"{""average_precision"": ""no_positives"", ""roc_auc"": ""requires_two_classes"", ""thresholds.0.3.precision"": ""no_signals"", ""thresholds.0.3.recall"": ""no_positives"", ""thresholds.0.4.precision"": ""no_signals"", ""thresholds.0.4.recall"": ""no_positives"", ""thresholds.0.5.precision"": ""no_signals"", ""thresholds.0.5.recall"": ""no_positives""}",,False,no_validation_positives,16,0,,,,,,,,,,,,,,
2023Q3,inner,temporal,model,weighted_logistic,,,available,,,,,,,,,,,,,"{""all_outcomes"": {""causally_ineligible"": 41764, ""censored"": 13, ""no_primary_signal"": 23161, ""stop_loss"": 3}, ""causal_eligible"": 16, ""causal_reasons"": {"""": 16, ""insufficient_history"": 64925}, ""eligible_outcomes"": {""censored"": 13, ""stop_loss"": 3}, ""metric_rows"": 3, ""openings"": 64941, ""primary_accepted"": 16, ""primary_event"": 41780, ""primary_reasons"": {""no_momentum"": 327, ""primary_history"": 22834, ""signal"": 41780}, ""primary_signals"": 41780}",conclusive_metric_rows,"{""negative"": 3, ""positive"": 0, ""rows"": 3}",0.23190333977423883,0.04285210533275757,,,"{""average_precision"": ""no_positives"", ""roc_auc"": ""requires_two_classes"", ""thresholds.0.3.precision"": ""no_signals"", ""thresholds.0.3.recall"": ""no_positives"", ""thresholds.0.4.precision"": ""no_signals"", ""thresholds.0.4.recall"": ""no_positives"", ""thresholds.0.5.precision"": ""no_signals"", ""thresholds.0.5.recall"": ""no_positives""}",,False,no_validation_positives,16,0,,,,,,,,,,,,,,
2023Q3,inner,temporal,paired_sensitivity,sequential_0_minus_full,,,descriptive_not_confidence_interval,,,,,,,,,,,,,,,,,,,,,,,,,,,"{""brier"": {""delete_week_max"": null, ""delete_week_min"": null, ""delta"": 0.10040966511807155}, ""log_loss"": {""delete_week_max"": null, ""delete_week_min"": null, ""delta"": 0.22591196824465873}, ""status"": ""descriptive_not_confidence_interval"", ""weekly_support"": [{""negative"": 3, ""positive"": 0, ""rows"": 3, ""week_start_epoch"": 1680480000}], ""weeks"": 1}",,,,,,,,,,,,
2023Q3,inner,temporal,paired_sensitivity,sequential_0_minus_uniform_0,,,descriptive_not_confidence_interval,,,,,,,,,,,,,,,,,,,,,,,,,,,"{""brier"": {""delete_week_max"": null, ""delete_week_min"": null, ""delta"": 0.09904340878913372}, ""log_loss"": {""delete_week_max"": null, ""delete_week_min"": null, ""delta"": 0.22372119624680153}, ""status"": ""descriptive_not_confidence_interval"", ""weekly_support"": [{""negative"": 3, ""positive"": 0, ""rows"": 3, ""week_start_epoch"": 1680480000}], ""weeks"": 1}",,,,,,,,,,,,
2023Q3,inner,temporal,paired_sensitivity,sequential_0_minus_weighted_constant,,,descriptive_not_confidence_interval,,,,,,,,,,,,,,,,,,,,,,,,,,,"{""brier"": {""delete_week_max"": null, ""delete_week_min"": null, ""delta"": 0.09777098035931953}, ""log_loss"": {""delete_week_max"": null, ""delete_week_min"": null, ""delta"": 0.2190966525585587}, ""status"": ""descriptive_not_confidence_interval"", ""weekly_support"": [{""negative"": 3, ""positive"": 0, ""rows"": 3, ""week_start_epoch"": 1680480000}], ""weeks"": 1}",,,,,,,,,,,,
2023Q3,inner,temporal,paired_sensitivity,sequential_0_minus_weighted_logistic,,,descriptive_not_confidence_interval,,,,,,,,,,,,,,,,,,,,,,,,,,,"{""brier"": {""delete_week_max"": null, ""delete_week_min"": null, ""delta"": 0.12549876248383515}, ""log_loss"": {""delete_week_max"": null, ""delete_week_min"": null, ""delta"": 0.29598837767528013}, ""status"": ""descriptive_not_confidence_interval"", ""weekly_support"": [{""negative"": 3, ""positive"": 0, ""rows"": 3, ""week_start_epoch"": 1680480000}], ""weeks"": 1}",,,,,,,,,,,,
2023Q3,inner,temporal,paired_sensitivity,sequential_1_minus_full,,,descriptive_not_confidence_interval,,,,,,,,,,,,,,,,,,,,,,,,,,,"{""brier"": {""delete_week_max"": null, ""delete_week_min"": null, ""delta"": 0.039438130419641455}, ""log_loss"": {""delete_week_max"": null, ""delete_week_min"": null, ""delta"": 0.0948249831994125}, ""status"": ""descriptive_not_confidence_interval"", ""weekly_support"": [{""negative"": 3, ""positive"": 0, ""rows"": 3, ""week_start_epoch"": 1680480000}], ""weeks"": 1}",,,,,,,,,,,,
2023Q3,inner,temporal,paired_sensitivity,sequential_1_minus_uniform_1,,,descriptive_not_confidence_interval,,,,,,,,,,,,,,,,,,,,,,,,,,,"{""brier"": {""delete_week_max"": null, ""delete_week_min"": null, ""delta"": 0.01910278117683538}, ""log_loss"": {""delete_week_max"": null, ""delete_week_min"": null, ""delta"": 0.046479203020701375}, ""status"": ""descriptive_not_confidence_interval"", ""weekly_support"": [{""negative"": 3, ""positive"": 0, ""rows"": 3, ""week_start_epoch"": 1680480000}], ""weeks"": 1}",,,,,,,,,,,,
2023Q3,inner,temporal,paired_sensitivity,sequential_1_minus_weighted_constant,,,descriptive_not_confidence_interval,,,,,,,,,,,,,,,,,,,,,,,,,,,"{""brier"": {""delete_week_max"": null, ""delete_week_min"": null, ""delta"": 0.03679944566088942}, ""log_loss"": {""delete_week_max"": null, ""delete_week_min"": null, ""delta"": 0.08800966751331248}, ""status"": ""descriptive_not_confidence_interval"", ""weekly_support"": [{""negative"": 3, ""positive"": 0, ""rows"": 3, ""week_start_epoch"": 1680480000}], ""weeks"": 1}",,,,,,,,,,,,
2023Q3,inner,temporal,paired_sensitivity,sequential_1_minus_weighted_logistic,,,descriptive_not_confidence_interval,,,,,,,,,,,,,,,,,,,,,,,,,,,"{""brier"": {""delete_week_max"": null, ""delete_week_min"": null, ""delta"": 0.06452722778540504}, ""log_loss"": {""delete_week_max"": null, ""delete_week_min"": null, ""delta"": 0.16490139263003398}, ""status"": ""descriptive_not_confidence_interval"", ""weekly_support"": [{""negative"": 3, ""positive"": 0, ""rows"": 3, ""week_start_epoch"": 1680480000}], ""weeks"": 1}",,,,,,,,,,,,
2023Q3,inner,temporal,paired_sensitivity,uniform_0_minus_full,,,descriptive_not_confidence_interval,,,,,,,,,,,,,,,,,,,,,,,,,,,"{""brier"": {""delete_week_max"": null, ""delete_week_min"": null, ""delta"": 0.0013662563289378316}, ""log_loss"": {""delete_week_max"": null, ""delete_week_min"": null, ""delta"": 0.0021907719978571474}, ""status"": ""descriptive_not_confidence_interval"", ""weekly_support"": [{""negative"": 3, ""positive"": 0, ""rows"": 3, ""week_start_epoch"": 1680480000}], ""weeks"": 1}",,,,,,,,,,,,
2023Q3,inner,temporal,paired_sensitivity,uniform_0_minus_weighted_constant,,,descriptive_not_confidence_interval,,,,,,,,,,,,,,,,,,,,,,,,,,,"{""brier"": {""delete_week_max"": null, ""delete_week_min"": null, ""delta"": -0.0012724284298141996}, ""log_loss"": {""delete_week_max"": null, ""delete_week_min"": null, ""delta"": -0.00462454368824287}, ""status"": ""descriptive_not_confidence_interval"", ""weekly_support"": [{""negative"": 3, ""positive"": 0, ""rows"": 3, ""week_start_epoch"": 1680480000}], ""weeks"": 1}",,,,,,,,,,,,
2023Q3,inner,temporal,paired_sensitivity,uniform_0_minus_weighted_logistic,,,descriptive_not_confidence_interval,,,,,,,,,,,,,,,,,,,,,,,,,,,"{""brier"": {""delete_week_max"": null, ""delete_week_min"": null, ""delta"": 0.026455353694701412}, ""log_loss"": {""delete_week_max"": null, ""delete_week_min"": null, ""delta"": 0.07226718142847861}, ""status"": ""descriptive_not_confidence_interval"", ""weekly_support"": [{""negative"": 3, ""positive"": 0, ""rows"": 3, ""week_start_epoch"": 1680480000}], ""weeks"": 1}",,,,,,,,,,,,
2023Q3,inner,temporal,paired_sensitivity,uniform_1_minus_full,,,descriptive_not_confidence_interval,,,,,,,,,,,,,,,,,,,,,,,,,,,"{""brier"": {""delete_week_max"": null, ""delete_week_min"": null, ""delta"": 0.020335349242806073}, ""log_loss"": {""delete_week_max"": null, ""delete_week_min"": null, ""delta"": 0.04834578017871113}, ""status"": ""descriptive_not_confidence_interval"", ""weekly_support"": [{""negative"": 3, ""positive"": 0, ""rows"": 3, ""week_start_epoch"": 1680480000}], ""weeks"": 1}",,,,,,,,,,,,
2023Q3,inner,temporal,paired_sensitivity,uniform_1_minus_weighted_constant,,,descriptive_not_confidence_interval,,,,,,,,,,,,,,,,,,,,,,,,,,,"{""brier"": {""delete_week_max"": null, ""delete_week_min"": null, ""delta"": 0.017696664484054044}, ""log_loss"": {""delete_week_max"": null, ""delete_week_min"": null, ""delta"": 0.04153046449261111}, ""status"": ""descriptive_not_confidence_interval"", ""weekly_support"": [{""negative"": 3, ""positive"": 0, ""rows"": 3, ""week_start_epoch"": 1680480000}], ""weeks"": 1}",,,,,,,,,,,,
2023Q3,inner,temporal,paired_sensitivity,uniform_1_minus_weighted_logistic,,,descriptive_not_confidence_interval,,,,,,,,,,,,,,,,,,,,,,,,,,,"{""brier"": {""delete_week_max"": null, ""delete_week_min"": null, ""delta"": 0.04542444660856965}, ""log_loss"": {""delete_week_max"": null, ""delete_week_min"": null, ""delta"": 0.1184221896093326}, ""status"": ""descriptive_not_confidence_interval"", ""weekly_support"": [{""negative"": 3, ""positive"": 0, ""rows"": 3, ""week_start_epoch"": 1680480000}], ""weeks"": 1}",,,,,,,,,,,,
2023Q3,inner,temporal,member_diversity,sequential_0,0,0-1,,,,,,,,,,,,,,,,,,,,,,,,,,,,,-0.022423981201767754,0.11187006051324037,,,,,,,,,,
2023Q3,inner,temporal,member_diversity,sequential_0,0,0-2,,,,,,,,,,,,,,,,,,,,,,,,,,,,,-0.18389414918069436,0.07892265774975535,,,,,,,,,,
2023Q3,inner,temporal,member_diversity,sequential_0,0,1-2,,,,,,,,,,,,,,,,,,,,,,,,,,,,,0.4359877372312454,0.061478104679275586,,,,,,,,,,
2023Q3,inner,temporal,member_diversity,sequential_1,1,0-1,,,,,,,,,,,,,,,,,,,,,,,,,,,,,-0.27104681627391114,0.10069629119062337,,,,,,,,,,
2023Q3,inner,temporal,member_diversity,sequential_1,1,0-2,,,,,,,,,,,,,,,,,,,,,,,,,,,,,-0.4411612989997248,0.21853162784120472,,,,,,,,,,
2023Q3,inner,temporal,member_diversity,sequential_1,1,1-2,,,,,,,,,,,,,,,,,,,,,,,,,,,,,0.3839840025613952,0.312386946298539,,,,,,,,,,
2023Q3,inner,temporal,member_diversity,uniform_0,0,0-1,,,,,,,,,,,,,,,,,,,,,,,,,,,,,-0.1568578537999185,0.07665322031996095,,,,,,,,,,
2023Q3,inner,temporal,member_diversity,uniform_0,0,0-2,,,,,,,,,,,,,,,,,,,,,,,,,,,,,0.01393861934039176,0.07262741074616796,,,,,,,,,,
2023Q3,inner,temporal,member_diversity,uniform_0,0,1-2,,,,,,,,,,,,,,,,,,,,,,,,,,,,,0.3232472471474299,0.08086323594189632,,,,,,,,,,
2023Q3,inner,temporal,member_diversity,uniform_1,1,0-1,,,,,,,,,,,,,,,,,,,,,,,,,,,,,0.19434116898927264,0.17045037471967533,,,,,,,,,,
2023Q3,inner,temporal,member_diversity,uniform_1,1,0-2,,,,,,,,,,,,,,,,,,,,,,,,,,,,,-0.3218988340094536,0.12158187262194918,,,,,,,,,,
2023Q3,inner,temporal,member_diversity,uniform_1,1,1-2,,,,,,,,,,,,,,,,,,,,,,,,,,,,,0.5639744132334227,0.0895639129726002,,,,,,,,,,
2023Q3,inner,temporal,fit_slot,full,,,succeeded,,,,,,,,,,,,,,,,,,,,,,,,,,,,,,,2023Q2:refit:temporal:full,2023Q3:inner:temporal:full,True,"{""negative"": 259648, ""positive"": 96348, ""rows"": 355996}",07c2508613837a0732c2abdc98a216f0add67708e44b615d914f957ba94b90d7,16d8d1308b2262482c5096b426576eb51b83b8304898ca51ddc6d8e6feb52b86,0.363349,[19],Individual member scores not recorded in frozen JSON; no new calculation from prediction payloads
2023Q3,inner,temporal,fit_slot,sequential_0,0,0,succeeded,,,,,,,,,,,,,,,,,,,,,,,,,,,,,,,2023Q2:refit:temporal:sequential_0:0,2023Q3:inner:temporal:sequential_0:0,True,"{""negative"": 347, ""positive"": 165, ""rows"": 512}",16ecac842ef01533938b16d7adbf2964bd51c1fb16c9193da42bd48acdd6331a,cd379e1fba8a75280ed7d0301d0e9e6790dc92cc3c94699b6dbc8de119c2e1c0,0.02273,[33],Individual member scores not recorded in frozen JSON; no new calculation from prediction payloads
2023Q3,inner,temporal,fit_slot,sequential_0,0,1,succeeded,,,,,,,,,,,,,,,,,,,,,,,,,,,,,,,2023Q2:refit:temporal:sequential_0:1,2023Q3:inner:temporal:sequential_0:1,True,"{""negative"": 370, ""positive"": 142, ""rows"": 512}",35ccf76c232cd4e61d93f63db9b9f3ab57b79fc70e06991a13b8adb36260bb44,0a3f436cff6ee6f7eb399abce9421efc3719ac1a3eecbe95e2eed4f1614fd76e,0.024281,[34],Individual member scores not recorded in frozen JSON; no new calculation from prediction payloads
2023Q3,inner,temporal,fit_slot,sequential_0,0,2,succeeded,,,,,,,,,,,,,,,,,,,,,,,,,,,,,,,2023Q2:refit:temporal:sequential_0:2,2023Q3:inner:temporal:sequential_0:2,True,"{""negative"": 383, ""positive"": 129, ""rows"": 512}",6bfc59eeae2e9c91a6d7aa7fa08e2914ccffc30d4dae5a65d65de7d3a29b1062,7a536b9a58f35bf53d4cde74c445fe9f1395b870329345291724bd858b301cf7,0.024368,[28],Individual member scores not recorded in frozen JSON; no new calculation from prediction payloads
2023Q3,inner,temporal,fit_slot,sequential_1,1,0,succeeded,,,,,,,,,,,,,,,,,,,,,,,,,,,,,,,2023Q2:refit:temporal:sequential_1:0,2023Q3:inner:temporal:sequential_1:0,True,"{""negative"": 381, ""positive"": 131, ""rows"": 512}",b6baca649e300425f4984dd76cb0c31bd217ddbc32c9e8b66fd68114a38b98a7,a0ad0d80db35161b045ddab81be95ab46d04e10d205a7f409c4d9a4c8466026f,0.025278,[25],Individual member scores not recorded in frozen JSON; no new calculation from prediction payloads
2023Q3,inner,temporal,fit_slot,sequential_1,1,1,succeeded,,,,,,,,,,,,,,,,,,,,,,,,,,,,,,,2023Q2:refit:temporal:sequential_1:1,2023Q3:inner:temporal:sequential_1:1,True,"{""negative"": 391, ""positive"": 121, ""rows"": 512}",8e39daef9700af259027d44bc366b612dcc2e144be24932cf6314861259e74e2,7ba0dbd46a96ab43d07250480e32bd603c089453d39a879ed1558fbccfc90447,0.023678,[31],Individual member scores not recorded in frozen JSON; no new calculation from prediction payloads
2023Q3,inner,temporal,fit_slot,sequential_1,1,2,succeeded,,,,,,,,,,,,,,,,,,,,,,,,,,,,,,,2023Q2:refit:temporal:sequential_1:2,2023Q3:inner:temporal:sequential_1:2,True,"{""negative"": 362, ""positive"": 150, ""rows"": 512}",d75502cb9d42d875021d9c2682343fed3612b10254114649bbb5095f61ff412a,0ab0e7fa22e4e02d39de28afdb2f6a83738eceb4e9fad33d325a403fe388418e,0.024759,[30],Individual member scores not recorded in frozen JSON; no new calculation from prediction payloads
2023Q3,inner,temporal,fit_slot,uniform_0,0,0,succeeded,,,,,,,,,,,,,,,,,,,,,,,,,,,,,,,2023Q2:refit:temporal:uniform_0:0,2023Q3:inner:temporal:uniform_0:0,True,"{""negative"": 383, ""positive"": 129, ""rows"": 512}",20977ec4906c286dd74bb3a86b7c7d06faaefd1074b1cfd16a12e73841bf38a4,52243d64ac5cde604771d9591b54a0c5b75092e6104862f9a5b9cb8f8ac031e8,0.021829,[25],Individual member scores not recorded in frozen JSON; no new calculation from prediction payloads
2023Q3,inner,temporal,fit_slot,uniform_0,0,1,succeeded,,,,,,,,,,,,,,,,,,,,,,,,,,,,,,,2023Q2:refit:temporal:uniform_0:1,2023Q3:inner:temporal:uniform_0:1,True,"{""negative"": 368, ""positive"": 144, ""rows"": 512}",dcfdf453009187ad075c7706b4c8267e2670437bbd67acfe8487b6617b4fef5d,7272f8fe7081c19779b08db47e6407bec15bea9f567f69ef01ac323eb30b2537,0.022246,[32],Individual member scores not recorded in frozen JSON; no new calculation from prediction payloads
2023Q3,inner,temporal,fit_slot,uniform_0,0,2,succeeded,,,,,,,,,,,,,,,,,,,,,,,,,,,,,,,2023Q2:refit:temporal:uniform_0:2,2023Q3:inner:temporal:uniform_0:2,True,"{""negative"": 371, ""positive"": 141, ""rows"": 512}",1f3870a20c4338fd699747c5dabf5d018c2dfba4d1dabc2d11a14db07577990d,f84526c4fa59cdd86fd84d3950915f8bb1cdb4d2637dce4b77045d8ac5e6e0f7,0.021931,[29],Individual member scores not recorded in frozen JSON; no new calculation from prediction payloads
2023Q3,inner,temporal,fit_slot,uniform_1,1,0,succeeded,,,,,,,,,,,,,,,,,,,,,,,,,,,,,,,2023Q2:refit:temporal:uniform_1:0,2023Q3:inner:temporal:uniform_1:0,True,"{""negative"": 347, ""positive"": 165, ""rows"": 512}",b4e503d46c46614f98d03280389f50e6f21216d4e7209dd3548609173b67755c,ced1daa1c6685ead1b5f6a7745a607661929828e5df4eb099fde7c1b6991803c,0.025969,[28],Individual member scores not recorded in frozen JSON; no new calculation from prediction payloads
2023Q3,inner,temporal,fit_slot,uniform_1,1,1,succeeded,,,,,,,,,,,,,,,,,,,,,,,,,,,,,,,2023Q2:refit:temporal:uniform_1:1,2023Q3:inner:temporal:uniform_1:1,True,"{""negative"": 383, ""positive"": 129, ""rows"": 512}",c9f44f4a1383eafac43e2606b6eb4a6181ca7a5ed5ab66bc71357ba793356bdd,e1a7128ed3b9471d47550491f17c66d628d97c1e825def8ff729a1ac13121cf4,0.023929,[37],Individual member scores not recorded in frozen JSON; no new calculation from prediction payloads
2023Q3,inner,temporal,fit_slot,uniform_1,1,2,succeeded,,,,,,,,,,,,,,,,,,,,,,,,,,,,,,,2023Q2:refit:temporal:uniform_1:2,2023Q3:inner:temporal:uniform_1:2,True,"{""negative"": 377, ""positive"": 135, ""rows"": 512}",aba8c060784f507e40dc2db0c43259ef8ff296ffd937f4d15ecfe8041a183135,70134ab326fb47fc79b8d2abf0ea11c5522ea49a2fd9996d7b2c1a9b020d7109,0.026589,[21],Individual member scores not recorded in frozen JSON; no new calculation from prediction payloads
2023Q3,refit,0.0005,primary,primary_unfiltered,,,available,2174,0.4177583697234352,0,1600,1600,574,0.2640294388224471,1.0,0,2174,0,574,"{""all_outcomes"": {""ambiguous"": 131, ""causally_ineligible"": 26647, ""censored"": 2499, ""no_primary_signal"": 8465, ""stop_loss"": 33805, ""take_profit"": 12478}, ""causal_eligible"": 2609, ""causal_reasons"": {"""": 49279, ""insufficient_history"": 34746}, ""eligible_outcomes"": {""ambiguous"": 10, ""censored"": 168, ""stop_loss"": 1791, ""take_profit"": 640}, ""metric_rows"": 2174, ""openings"": 84025, ""primary_accepted"": 2609, ""primary_event"": 3780, ""primary_reasons"": {""no_momentum"": 560, ""primary_history"": 7905, ""signal"": 75560}, ""primary_signals"": 75560}",,,,,,,,,,,,,,,,,,,,,,,,,,
2023Q3,refit,0.0005,model,full,,,available,,,,,,,,,,,,,"{""all_outcomes"": {""ambiguous"": 131, ""causally_ineligible"": 26647, ""censored"": 2499, ""no_primary_signal"": 8465, ""stop_loss"": 33805, ""take_profit"": 12478}, ""causal_eligible"": 2609, ""causal_reasons"": {"""": 49279, ""insufficient_history"": 34746}, ""eligible_outcomes"": {""ambiguous"": 10, ""censored"": 168, ""stop_loss"": 1791, ""take_profit"": 640}, ""metric_rows"": 2174, ""openings"": 84025, ""primary_accepted"": 2609, ""primary_event"": 3780, ""primary_reasons"": {""no_momentum"": 560, ""primary_history"": 7905, ""signal"": 75560}, ""primary_signals"": 75560}",conclusive_metric_rows,"{""negative"": 1600, ""positive"": 574, ""rows"": 2174}",0.577075788142382,0.1942915995759211,0.5213991724738676,0.27412550734584346,"{""thresholds.0.4.precision"": ""no_signals"", ""thresholds.0.5.precision"": ""no_signals""}",,False,empty_validation,2609,0,,,,,,,,,,,,,,
2023Q3,refit,0.0005,model,sequential_0,0,,available,,,,,,,,,,,,,"{""all_outcomes"": {""ambiguous"": 131, ""causally_ineligible"": 26647, ""censored"": 2499, ""no_primary_signal"": 8465, ""stop_loss"": 33805, ""take_profit"": 12478}, ""causal_eligible"": 2609, ""causal_reasons"": {"""": 49279, ""insufficient_history"": 34746}, ""eligible_outcomes"": {""ambiguous"": 10, ""censored"": 168, ""stop_loss"": 1791, ""take_profit"": 640}, ""metric_rows"": 2174, ""openings"": 84025, ""primary_accepted"": 2609, ""primary_event"": 3780, ""primary_reasons"": {""no_momentum"": 560, ""primary_history"": 7905, ""signal"": 75560}, ""primary_signals"": 75560}",conclusive_metric_rows,"{""negative"": 1600, ""positive"": 574, ""rows"": 2174}",0.5815230804618919,0.1961922772820005,0.5201306620209059,0.26814214874680775,"{""thresholds.0.5.precision"": ""no_signals""}",,False,empty_validation,2609,0,,,,,,,,,,,,,,
2023Q3,refit,0.0005,model,sequential_1,1,,available,,,,,,,,,,,,,"{""all_outcomes"": {""ambiguous"": 131, ""causally_ineligible"": 26647, ""censored"": 2499, ""no_primary_signal"": 8465, ""stop_loss"": 33805, ""take_profit"": 12478}, ""causal_eligible"": 2609, ""causal_reasons"": {"""": 49279, ""insufficient_history"": 34746}, ""eligible_outcomes"": {""ambiguous"": 10, ""censored"": 168, ""stop_loss"": 1791, ""take_profit"": 640}, ""metric_rows"": 2174, ""openings"": 84025, ""primary_accepted"": 2609, ""primary_event"": 3780, ""primary_reasons"": {""no_momentum"": 560, ""primary_history"": 7905, ""signal"": 75560}, ""primary_signals"": 75560}",conclusive_metric_rows,"{""negative"": 1600, ""positive"": 574, ""rows"": 2174}",0.5798429725000454,0.1954341005316905,0.5355400696864112,0.2917788385847935,{},,False,empty_validation,2609,0,,,,,,,,,,,,,,
2023Q3,refit,0.0005,model,uniform_0,0,,available,,,,,,,,,,,,,"{""all_outcomes"": {""ambiguous"": 131, ""causally_ineligible"": 26647, ""censored"": 2499, ""no_primary_signal"": 8465, ""stop_loss"": 33805, ""take_profit"": 12478}, ""causal_eligible"": 2609, ""causal_reasons"": {"""": 49279, ""insufficient_history"": 34746}, ""eligible_outcomes"": {""ambiguous"": 10, ""censored"": 168, ""stop_loss"": 1791, ""take_profit"": 640}, ""metric_rows"": 2174, ""openings"": 84025, ""primary_accepted"": 2609, ""primary_event"": 3780, ""primary_reasons"": {""no_momentum"": 560, ""primary_history"": 7905, ""signal"": 75560}, ""primary_signals"": 75560}",conclusive_metric_rows,"{""negative"": 1600, ""positive"": 574, ""rows"": 2174}",0.5807183079387745,0.19590103602955036,0.5303103222996516,0.2771533112656097,"{""thresholds.0.5.precision"": ""no_signals""}",,False,empty_validation,2609,0,,,,,,,,,,,,,,
2023Q3,refit,0.0005,model,uniform_1,1,,available,,,,,,,,,,,,,"{""all_outcomes"": {""ambiguous"": 131, ""causally_ineligible"": 26647, ""censored"": 2499, ""no_primary_signal"": 8465, ""stop_loss"": 33805, ""take_profit"": 12478}, ""causal_eligible"": 2609, ""causal_reasons"": {"""": 49279, ""insufficient_history"": 34746}, ""eligible_outcomes"": {""ambiguous"": 10, ""censored"": 168, ""stop_loss"": 1791, ""take_profit"": 640}, ""metric_rows"": 2174, ""openings"": 84025, ""primary_accepted"": 2609, ""primary_event"": 3780, ""primary_reasons"": {""no_momentum"": 560, ""primary_history"": 7905, ""signal"": 75560}, ""primary_signals"": 75560}",conclusive_metric_rows,"{""negative"": 1600, ""positive"": 574, ""rows"": 2174}",0.5861156101460189,0.19821311179475795,0.49653963414634145,0.2588269428267232,{},,False,empty_validation,2609,0,,,,,,,,,,,,,,
2023Q3,refit,0.0005,model,weighted_constant,,,available,,,,,,,,,,,,,"{""all_outcomes"": {""ambiguous"": 131, ""causally_ineligible"": 26647, ""censored"": 2499, ""no_primary_signal"": 8465, ""stop_loss"": 33805, ""take_profit"": 12478}, ""causal_eligible"": 2609, ""causal_reasons"": {"""": 49279, ""insufficient_history"": 34746}, ""eligible_outcomes"": {""ambiguous"": 10, ""censored"": 168, ""stop_loss"": 1791, ""take_profit"": 640}, ""metric_rows"": 2174, ""openings"": 84025, ""primary_accepted"": 2609, ""primary_event"": 3780, ""primary_reasons"": {""no_momentum"": 560, ""primary_history"": 7905, ""signal"": 75560}, ""primary_signals"": 75560}",conclusive_metric_rows,"{""negative"": 1600, ""positive"": 574, ""rows"": 2174}",0.5772563146898553,0.1943283582636157,0.5,0.2640294388224471,"{""thresholds.0.3.precision"": ""no_signals"", ""thresholds.0.4.precision"": ""no_signals"", ""thresholds.0.5.precision"": ""no_signals""}",,False,empty_validation,2609,0,,,,,,,,,,,,,,
2023Q3,refit,0.0005,model,weighted_logistic,,,available,,,,,,,,,,,,,"{""all_outcomes"": {""ambiguous"": 131, ""causally_ineligible"": 26647, ""censored"": 2499, ""no_primary_signal"": 8465, ""stop_loss"": 33805, ""take_profit"": 12478}, ""causal_eligible"": 2609, ""causal_reasons"": {"""": 49279, ""insufficient_history"": 34746}, ""eligible_outcomes"": {""ambiguous"": 10, ""censored"": 168, ""stop_loss"": 1791, ""take_profit"": 640}, ""metric_rows"": 2174, ""openings"": 84025, ""primary_accepted"": 2609, ""primary_event"": 3780, ""primary_reasons"": {""no_momentum"": 560, ""primary_history"": 7905, ""signal"": 75560}, ""primary_signals"": 75560}",conclusive_metric_rows,"{""negative"": 1600, ""positive"": 574, ""rows"": 2174}",0.5731938980463053,0.19274563006563253,0.5703712979094077,0.304948420379744,"{""thresholds.0.4.precision"": ""no_signals"", ""thresholds.0.5.precision"": ""no_signals""}",,False,empty_validation,2609,0,,,,,,,,,,,,,,
2023Q3,refit,0.0005,paired_sensitivity,sequential_0_minus_full,,,descriptive_not_confidence_interval,,,,,,,,,,,,,,,,,,,,,,,,,,,"{""brier"": {""delete_week_max"": 0.0025137166116055306, ""delete_week_min"": 0.0011639078480745716, ""delta"": 0.0019006777060794477}, ""log_loss"": {""delete_week_max"": 0.005970257783842059, ""delete_week_min"": 0.002508295613665392, ""delta"": 0.004447292319509927}, ""status"": ""descriptive_not_confidence_interval"", ""weekly_support"": [{""negative"": 244, ""positive"": 82, ""rows"": 326, ""week_start_epoch"": 1690761600}, {""negative"": 201, ""positive"": 67, ""rows"": 268, ""week_start_epoch"": 1691366400}, {""negative"": 186, ""positive"": 75, ""rows"": 261, ""week_start_epoch"": 1691971200}, {""negative"": 193, ""positive"": 73, ""rows"": 266, ""week_start_epoch"": 1692576000}, {""negative"": 209, ""positive"": 89, ""rows"": 298, ""week_start_epoch"": 1693180800}, {""negative"": 164, ""positive"": 68, ""rows"": 232, ""week_start_epoch"": 1693785600}, {""negative"": 192, ""positive"": 38, ""rows"": 230, ""week_start_epoch"": 1694390400}, {""negative"": 200, ""positive"": 64, ""rows"": 264, ""week_start_epoch"": 1694995200}, {""negative"": 11, ""positive"": 18, ""rows"": 29, ""week_start_epoch"": 1695600000}], ""weeks"": 9}",,,,,,,,,,,,
2023Q3,refit,0.0005,paired_sensitivity,sequential_0_minus_uniform_0,,,descriptive_not_confidence_interval,,,,,,,,,,,,,,,,,,,,,,,,,,,"{""brier"": {""delete_week_max"": 0.0013857926388343629, ""delete_week_min"": -0.0006432494313136364, ""delta"": 0.0002912412524501498}, ""log_loss"": {""delete_week_max"": 0.0034643242061739078, ""delete_week_min"": -0.0016926622074606215, ""delta"": 0.0008047725231173015}, ""status"": ""descriptive_not_confidence_interval"", ""weekly_support"": [{""negative"": 244, ""positive"": 82, ""rows"": 326, ""week_start_epoch"": 1690761600}, {""negative"": 201, ""positive"": 67, ""rows"": 268, ""week_start_epoch"": 1691366400}, {""negative"": 186, ""positive"": 75, ""rows"": 261, ""week_start_epoch"": 1691971200}, {""negative"": 193, ""positive"": 73, ""rows"": 266, ""week_start_epoch"": 1692576000}, {""negative"": 209, ""positive"": 89, ""rows"": 298, ""week_start_epoch"": 1693180800}, {""negative"": 164, ""positive"": 68, ""rows"": 232, ""week_start_epoch"": 1693785600}, {""negative"": 192, ""positive"": 38, ""rows"": 230, ""week_start_epoch"": 1694390400}, {""negative"": 200, ""positive"": 64, ""rows"": 264, ""week_start_epoch"": 1694995200}, {""negative"": 11, ""positive"": 18, ""rows"": 29, ""week_start_epoch"": 1695600000}], ""weeks"": 9}",,,,,,,,,,,,
2023Q3,refit,0.0005,paired_sensitivity,sequential_0_minus_weighted_constant,,,descriptive_not_confidence_interval,,,,,,,,,,,,,,,,,,,,,,,,,,,"{""brier"": {""delete_week_max"": 0.002704577034402359, ""delete_week_min"": 0.0012926264426518113, ""delta"": 0.0018639190183848378}, ""log_loss"": {""delete_week_max"": 0.006315980241376559, ""delete_week_min"": 0.0027959660894418385, ""delta"": 0.004266765772036697}, ""status"": ""descriptive_not_confidence_interval"", ""weekly_support"": [{""negative"": 244, ""positive"": 82, ""rows"": 326, ""week_start_epoch"": 1690761600}, {""negative"": 201, ""positive"": 67, ""rows"": 268, ""week_start_epoch"": 1691366400}, {""negative"": 186, ""positive"": 75, ""rows"": 261, ""week_start_epoch"": 1691971200}, {""negative"": 193, ""positive"": 73, ""rows"": 266, ""week_start_epoch"": 1692576000}, {""negative"": 209, ""positive"": 89, ""rows"": 298, ""week_start_epoch"": 1693180800}, {""negative"": 164, ""positive"": 68, ""rows"": 232, ""week_start_epoch"": 1693785600}, {""negative"": 192, ""positive"": 38, ""rows"": 230, ""week_start_epoch"": 1694390400}, {""negative"": 200, ""positive"": 64, ""rows"": 264, ""week_start_epoch"": 1694995200}, {""negative"": 11, ""positive"": 18, ""rows"": 29, ""week_start_epoch"": 1695600000}], ""weeks"": 9}",,,,,,,,,,,,
2023Q3,refit,0.0005,paired_sensitivity,sequential_0_minus_weighted_logistic,,,descriptive_not_confidence_interval,,,,,,,,,,,,,,,,,,,,,,,,,,,"{""brier"": {""delete_week_max"": 0.004074526604788626, ""delete_week_min"": 0.0025520467454142742, ""delta"": 0.003446647216368023}, ""log_loss"": {""delete_week_max"": 0.01021174266668739, ""delete_week_min"": 0.006024270890913243, ""delta"": 0.008329182415586613}, ""status"": ""descriptive_not_confidence_interval"", ""weekly_support"": [{""negative"": 244, ""positive"": 82, ""rows"": 326, ""week_start_epoch"": 1690761600}, {""negative"": 201, ""positive"": 67, ""rows"": 268, ""week_start_epoch"": 1691366400}, {""negative"": 186, ""positive"": 75, ""rows"": 261, ""week_start_epoch"": 1691971200}, {""negative"": 193, ""positive"": 73, ""rows"": 266, ""week_start_epoch"": 1692576000}, {""negative"": 209, ""positive"": 89, ""rows"": 298, ""week_start_epoch"": 1693180800}, {""negative"": 164, ""positive"": 68, ""rows"": 232, ""week_start_epoch"": 1693785600}, {""negative"": 192, ""positive"": 38, ""rows"": 230, ""week_start_epoch"": 1694390400}, {""negative"": 200, ""positive"": 64, ""rows"": 264, ""week_start_epoch"": 1694995200}, {""negative"": 11, ""positive"": 18, ""rows"": 29, ""week_start_epoch"": 1695600000}], ""weeks"": 9}",,,,,,,,,,,,
2023Q3,refit,0.0005,paired_sensitivity,sequential_1_minus_full,,,descriptive_not_confidence_interval,,,,,,,,,,,,,,,,,,,,,,,,,,,"{""brier"": {""delete_week_max"": 0.0015409175532898815, ""delete_week_min"": 0.0005808527954389603, ""delta"": 0.0011425009557694094}, ""log_loss"": {""delete_week_max"": 0.0036812993193278834, ""delete_week_min"": 0.0013203633303414525, ""delta"": 0.0027671843576634056}, ""status"": ""descriptive_not_confidence_interval"", ""weekly_support"": [{""negative"": 244, ""positive"": 82, ""rows"": 326, ""week_start_epoch"": 1690761600}, {""negative"": 201, ""positive"": 67, ""rows"": 268, ""week_start_epoch"": 1691366400}, {""negative"": 186, ""positive"": 75, ""rows"": 261, ""week_start_epoch"": 1691971200}, {""negative"": 193, ""positive"": 73, ""rows"": 266, ""week_start_epoch"": 1692576000}, {""negative"": 209, ""positive"": 89, ""rows"": 298, ""week_start_epoch"": 1693180800}, {""negative"": 164, ""positive"": 68, ""rows"": 232, ""week_start_epoch"": 1693785600}, {""negative"": 192, ""positive"": 38, ""rows"": 230, ""week_start_epoch"": 1694390400}, {""negative"": 200, ""positive"": 64, ""rows"": 264, ""week_start_epoch"": 1694995200}, {""negative"": 11, ""positive"": 18, ""rows"": 29, ""week_start_epoch"": 1695600000}], ""weeks"": 9}",,,,,,,,,,,,
2023Q3,refit,0.0005,paired_sensitivity,sequential_1_minus_uniform_1,,,descriptive_not_confidence_interval,,,,,,,,,,,,,,,,,,,,,,,,,,,"{""brier"": {""delete_week_max"": -0.0019163558409108765, ""delete_week_min"": -0.0037502915143708473, ""delta"": -0.0027790112630674507}, ""log_loss"": {""delete_week_max"": -0.004141321684728899, ""delete_week_min"": -0.008879283515667238, ""delta"": -0.006272637645973525}, ""status"": ""descriptive_not_confidence_interval"", ""weekly_support"": [{""negative"": 244, ""positive"": 82, ""rows"": 326, ""week_start_epoch"": 1690761600}, {""negative"": 201, ""positive"": 67, ""rows"": 268, ""week_start_epoch"": 1691366400}, {""negative"": 186, ""positive"": 75, ""rows"": 261, ""week_start_epoch"": 1691971200}, {""negative"": 193, ""positive"": 73, ""rows"": 266, ""week_start_epoch"": 1692576000}, {""negative"": 209, ""positive"": 89, ""rows"": 298, ""week_start_epoch"": 1693180800}, {""negative"": 164, ""positive"": 68, ""rows"": 232, ""week_start_epoch"": 1693785600}, {""negative"": 192, ""positive"": 38, ""rows"": 230, ""week_start_epoch"": 1694390400}, {""negative"": 200, ""positive"": 64, ""rows"": 264, ""week_start_epoch"": 1694995200}, {""negative"": 11, ""positive"": 18, ""rows"": 29, ""week_start_epoch"": 1695600000}], ""weeks"": 9}",,,,,,,,,,,,
2023Q3,refit,0.0005,paired_sensitivity,sequential_1_minus_weighted_constant,,,descriptive_not_confidence_interval,,,,,,,,,,,,,,,,,,,,,,,,,,,"{""brier"": {""delete_week_max"": 0.001845876052974704, ""delete_week_min"": 0.0005007332978653425, ""delta"": 0.0011057422680748003}, ""log_loss"": {""delete_week_max"": 0.004268520537450147, ""delete_week_min"": 0.001064831160412758, ""delta"": 0.0025866578101901776}, ""status"": ""descriptive_not_confidence_interval"", ""weekly_support"": [{""negative"": 244, ""positive"": 82, ""rows"": 326, ""week_start_epoch"": 1690761600}, {""negative"": 201, ""positive"": 67, ""rows"": 268, ""week_start_epoch"": 1691366400}, {""negative"": 186, ""positive"": 75, ""rows"": 261, ""week_start_epoch"": 1691971200}, {""negative"": 193, ""positive"": 73, ""rows"": 266, ""week_start_epoch"": 1692576000}, {""negative"": 209, ""positive"": 89, ""rows"": 298, ""week_start_epoch"": 1693180800}, {""negative"": 164, ""positive"": 68, ""rows"": 232, ""week_start_epoch"": 1693785600}, {""negative"": 192, ""positive"": 38, ""rows"": 230, ""week_start_epoch"": 1694390400}, {""negative"": 200, ""positive"": 64, ""rows"": 264, ""week_start_epoch"": 1694995200}, {""negative"": 11, ""positive"": 18, ""rows"": 29, ""week_start_epoch"": 1695600000}], ""weeks"": 9}",,,,,,,,,,,,
2023Q3,refit,0.0005,paired_sensitivity,sequential_1_minus_weighted_logistic,,,descriptive_not_confidence_interval,,,,,,,,,,,,,,,,,,,,,,,,,,,"{""brier"": {""delete_week_max"": 0.0031557512117104817, ""delete_week_min"": 0.00184211336996631, ""delta"": 0.0026884704660579853}, ""log_loss"": {""delete_week_max"": 0.007886364537643183, ""delete_week_min"": 0.004440880827208533, ""delta"": 0.006649074453740093}, ""status"": ""descriptive_not_confidence_interval"", ""weekly_support"": [{""negative"": 244, ""positive"": 82, ""rows"": 326, ""week_start_epoch"": 1690761600}, {""negative"": 201, ""positive"": 67, ""rows"": 268, ""week_start_epoch"": 1691366400}, {""negative"": 186, ""positive"": 75, ""rows"": 261, ""week_start_epoch"": 1691971200}, {""negative"": 193, ""positive"": 73, ""rows"": 266, ""week_start_epoch"": 1692576000}, {""negative"": 209, ""positive"": 89, ""rows"": 298, ""week_start_epoch"": 1693180800}, {""negative"": 164, ""positive"": 68, ""rows"": 232, ""week_start_epoch"": 1693785600}, {""negative"": 192, ""positive"": 38, ""rows"": 230, ""week_start_epoch"": 1694390400}, {""negative"": 200, ""positive"": 64, ""rows"": 264, ""week_start_epoch"": 1694995200}, {""negative"": 11, ""positive"": 18, ""rows"": 29, ""week_start_epoch"": 1695600000}], ""weeks"": 9}",,,,,,,,,,,,
2023Q3,refit,0.0005,paired_sensitivity,uniform_0_minus_full,,,descriptive_not_confidence_interval,,,,,,,,,,,,,,,,,,,,,,,,,,,"{""brier"": {""delete_week_max"": 0.0023716796778113377, ""delete_week_min"": 0.00044504541587102716, ""delta"": 0.0016094364536292974}, ""log_loss"": {""delete_week_max"": 0.005478796580846761, ""delete_week_min"": 0.0006849063828874158, ""delta"": 0.003642519796392625}, ""status"": ""descriptive_not_confidence_interval"", ""weekly_support"": [{""negative"": 244, ""positive"": 82, ""rows"": 326, ""week_start_epoch"": 1690761600}, {""negative"": 201, ""positive"": 67, ""rows"": 268, ""week_start_epoch"": 1691366400}, {""negative"": 186, ""positive"": 75, ""rows"": 261, ""week_start_epoch"": 1691971200}, {""negative"": 193, ""positive"": 73, ""rows"": 266, ""week_start_epoch"": 1692576000}, {""negative"": 209, ""positive"": 89, ""rows"": 298, ""week_start_epoch"": 1693180800}, {""negative"": 164, ""positive"": 68, ""rows"": 232, ""week_start_epoch"": 1693785600}, {""negative"": 192, ""positive"": 38, ""rows"": 230, ""week_start_epoch"": 1694390400}, {""negative"": 200, ""positive"": 64, ""rows"": 264, ""week_start_epoch"": 1694995200}, {""negative"": 11, ""positive"": 18, ""rows"": 29, ""week_start_epoch"": 1695600000}], ""weeks"": 9}",,,,,,,,,,,,
2023Q3,refit,0.0005,paired_sensitivity,uniform_0_minus_weighted_constant,,,descriptive_not_confidence_interval,,,,,,,,,,,,,,,,,,,,,,,,,,,"{""brier"": {""delete_week_max"": 0.002562540100608166, ""delete_week_min"": 9.56059602345846e-05, ""delta"": 0.001572677765934688}, ""log_loss"": {""delete_week_max"": 0.005863847326754672, ""delete_week_min"": -0.0003010063130008427, ""delta"": 0.0034619932489193955}, ""status"": ""descriptive_not_confidence_interval"", ""weekly_support"": [{""negative"": 244, ""positive"": 82, ""rows"": 326, ""week_start_epoch"": 1690761600}, {""negative"": 201, ""positive"": 67, ""rows"": 268, ""week_start_epoch"": 1691366400}, {""negative"": 186, ""positive"": 75, ""rows"": 261, ""week_start_epoch"": 1691971200}, {""negative"": 193, ""positive"": 73, ""rows"": 266, ""week_start_epoch"": 1692576000}, {""negative"": 209, ""positive"": 89, ""rows"": 298, ""week_start_epoch"": 1693180800}, {""negative"": 164, ""positive"": 68, ""rows"": 232, ""week_start_epoch"": 1693785600}, {""negative"": 192, ""positive"": 38, ""rows"": 230, ""week_start_epoch"": 1694390400}, {""negative"": 200, ""positive"": 64, ""rows"": 264, ""week_start_epoch"": 1694995200}, {""negative"": 11, ""positive"": 18, ""rows"": 29, ""week_start_epoch"": 1695600000}], ""weeks"": 9}",,,,,,,,,,,,
2023Q3,refit,0.0005,paired_sensitivity,uniform_0_minus_weighted_logistic,,,descriptive_not_confidence_interval,,,,,,,,,,,,,,,,,,,,,,,,,,,"{""brier"": {""delete_week_max"": 0.003932489670994433, ""delete_week_min"": 0.002509276590747476, ""delta"": 0.003155405963917873}, ""log_loss"": {""delete_week_max"": 0.009428552266190842, ""delete_week_min"": 0.005914383376000919, ""delta"": 0.007524409892469311}, ""status"": ""descriptive_not_confidence_interval"", ""weekly_support"": [{""negative"": 244, ""positive"": 82, ""rows"": 326, ""week_start_epoch"": 1690761600}, {""negative"": 201, ""positive"": 67, ""rows"": 268, ""week_start_epoch"": 1691366400}, {""negative"": 186, ""positive"": 75, ""rows"": 261, ""week_start_epoch"": 1691971200}, {""negative"": 193, ""positive"": 73, ""rows"": 266, ""week_start_epoch"": 1692576000}, {""negative"": 209, ""positive"": 89, ""rows"": 298, ""week_start_epoch"": 1693180800}, {""negative"": 164, ""positive"": 68, ""rows"": 232, ""week_start_epoch"": 1693785600}, {""negative"": 192, ""positive"": 38, ""rows"": 230, ""week_start_epoch"": 1694390400}, {""negative"": 200, ""positive"": 64, ""rows"": 264, ""week_start_epoch"": 1694995200}, {""negative"": 11, ""positive"": 18, ""rows"": 29, ""week_start_epoch"": 1695600000}], ""weeks"": 9}",,,,,,,,,,,,
2023Q3,refit,0.0005,paired_sensitivity,uniform_1_minus_full,,,descriptive_not_confidence_interval,,,,,,,,,,,,,,,,,,,,,,,,,,,"{""brier"": {""delete_week_max"": 0.004708626957273856, ""delete_week_min"": 0.0032758504079717955, ""delta"": 0.0039215122188368595}, ""log_loss"": {""delete_week_max"": 0.011001679523524436, ""delete_week_min"": 0.007690835719066764, ""delta"": 0.009039822003636932}, ""status"": ""descriptive_not_confidence_interval"", ""weekly_support"": [{""negative"": 244, ""positive"": 82, ""rows"": 326, ""week_start_epoch"": 1690761600}, {""negative"": 201, ""positive"": 67, ""rows"": 268, ""week_start_epoch"": 1691366400}, {""negative"": 186, ""positive"": 75, ""rows"": 261, ""week_start_epoch"": 1691971200}, {""negative"": 193, ""positive"": 73, ""rows"": 266, ""week_start_epoch"": 1692576000}, {""negative"": 209, ""positive"": 89, ""rows"": 298, ""week_start_epoch"": 1693180800}, {""negative"": 164, ""positive"": 68, ""rows"": 232, ""week_start_epoch"": 1693785600}, {""negative"": 192, ""positive"": 38, ""rows"": 230, ""week_start_epoch"": 1694390400}, {""negative"": 200, ""positive"": 64, ""rows"": 264, ""week_start_epoch"": 1694995200}, {""negative"": 11, ""positive"": 18, ""rows"": 29, ""week_start_epoch"": 1695600000}], ""weeks"": 9}",,,,,,,,,,,,
2023Q3,refit,0.0005,paired_sensitivity,uniform_1_minus_weighted_constant,,,descriptive_not_confidence_interval,,,,,,,,,,,,,,,,,,,,,,,,,,,"{""brier"": {""delete_week_max"": 0.0046939462798811955, ""delete_week_min"": 0.003093461495868924, ""delta"": 0.0038847535311422507}, ""log_loss"": {""delete_week_max"": 0.011048045809506794, ""delete_week_min"": 0.007133243339972161, ""delta"": 0.008859295456163702}, ""status"": ""descriptive_not_confidence_interval"", ""weekly_support"": [{""negative"": 244, ""positive"": 82, ""rows"": 326, ""week_start_epoch"": 1690761600}, {""negative"": 201, ""positive"": 67, ""rows"": 268, ""week_start_epoch"": 1691366400}, {""negative"": 186, ""positive"": 75, ""rows"": 261, ""week_start_epoch"": 1691971200}, {""negative"": 193, ""positive"": 73, ""rows"": 266, ""week_start_epoch"": 1692576000}, {""negative"": 209, ""positive"": 89, ""rows"": 298, ""week_start_epoch"": 1693180800}, {""negative"": 164, ""positive"": 68, ""rows"": 232, ""week_start_epoch"": 1693785600}, {""negative"": 192, ""positive"": 38, ""rows"": 230, ""week_start_epoch"": 1694390400}, {""negative"": 200, ""positive"": 64, ""rows"": 264, ""week_start_epoch"": 1694995200}, {""negative"": 11, ""positive"": 18, ""rows"": 29, ""week_start_epoch"": 1695600000}], ""weeks"": 9}",,,,,,,,,,,,
2023Q3,refit,0.0005,paired_sensitivity,uniform_1_minus_weighted_logistic,,,descriptive_not_confidence_interval,,,,,,,,,,,,,,,,,,,,,,,,,,,"{""brier"": {""delete_week_max"": 0.006197651383800568, ""delete_week_min"": 0.00461111842128424, ""delta"": 0.005467481729125435}, ""log_loss"": {""delete_week_max"": 0.01474123405735975, ""delete_week_min"": 0.011003583560036915, ""delta"": 0.012921712099713618}, ""status"": ""descriptive_not_confidence_interval"", ""weekly_support"": [{""negative"": 244, ""positive"": 82, ""rows"": 326, ""week_start_epoch"": 1690761600}, {""negative"": 201, ""positive"": 67, ""rows"": 268, ""week_start_epoch"": 1691366400}, {""negative"": 186, ""positive"": 75, ""rows"": 261, ""week_start_epoch"": 1691971200}, {""negative"": 193, ""positive"": 73, ""rows"": 266, ""week_start_epoch"": 1692576000}, {""negative"": 209, ""positive"": 89, ""rows"": 298, ""week_start_epoch"": 1693180800}, {""negative"": 164, ""positive"": 68, ""rows"": 232, ""week_start_epoch"": 1693785600}, {""negative"": 192, ""positive"": 38, ""rows"": 230, ""week_start_epoch"": 1694390400}, {""negative"": 200, ""positive"": 64, ""rows"": 264, ""week_start_epoch"": 1694995200}, {""negative"": 11, ""positive"": 18, ""rows"": 29, ""week_start_epoch"": 1695600000}], ""weeks"": 9}",,,,,,,,,,,,
2023Q3,refit,0.0005,member_diversity,sequential_0,0,0-1,,,,,,,,,,,,,,,,,,,,,,,,,,,,,0.06043057683657667,0.10290718376891934,,,,,,,,,,
2023Q3,refit,0.0005,member_diversity,sequential_0,0,0-2,,,,,,,,,,,,,,,,,,,,,,,,,,,,,-0.12775811792846997,0.11637833647634292,,,,,,,,,,
2023Q3,refit,0.0005,member_diversity,sequential_0,0,1-2,,,,,,,,,,,,,,,,,,,,,,,,,,,,,-0.0010196648405944024,0.11638429057425372,,,,,,,,,,
2023Q3,refit,0.0005,member_diversity,sequential_1,1,0-1,,,,,,,,,,,,,,,,,,,,,,,,,,,,,0.0949177159934636,0.09865709894658597,,,,,,,,,,
2023Q3,refit,0.0005,member_diversity,sequential_1,1,0-2,,,,,,,,,,,,,,,,,,,,,,,,,,,,,0.09745277990691337,0.11684446754564236,,,,,,,,,,
2023Q3,refit,0.0005,member_diversity,sequential_1,1,1-2,,,,,,,,,,,,,,,,,,,,,,,,,,,,,0.045291067487890406,0.11185328123652767,,,,,,,,,,
2023Q3,refit,0.0005,member_diversity,uniform_0,0,0-1,,,,,,,,,,,,,,,,,,,,,,,,,,,,,0.06742485505222819,0.1164295420216103,,,,,,,,,,
2023Q3,refit,0.0005,member_diversity,uniform_0,0,0-2,,,,,,,,,,,,,,,,,,,,,,,,,,,,,0.16390110791364648,0.10378702186009425,,,,,,,,,,
2023Q3,refit,0.0005,member_diversity,uniform_0,0,1-2,,,,,,,,,,,,,,,,,,,,,,,,,,,,,-0.19286786898727465,0.12614323145573977,,,,,,,,,,
2023Q3,refit,0.0005,member_diversity,uniform_1,1,0-1,,,,,,,,,,,,,,,,,,,,,,,,,,,,,0.26785971289717886,0.09229626599017463,,,,,,,,,,
2023Q3,refit,0.0005,member_diversity,uniform_1,1,0-2,,,,,,,,,,,,,,,,,,,,,,,,,,,,,0.09349001204646826,0.09265090416032723,,,,,,,,,,
2023Q3,refit,0.0005,member_diversity,uniform_1,1,1-2,,,,,,,,,,,,,,,,,,,,,,,,,,,,,-0.04671333388677225,0.116011007459602,,,,,,,,,,
2023Q3,refit,0.0005,fit_slot,full,,,succeeded,,,,,,,,,,,,,,,,,,,,,,,,,,,,,,,2023Q2:refit:0.0005:full,2023Q3:refit:0.0005:full,True,"{""negative"": 23942, ""positive"": 9070, ""rows"": 33012}",6304ab283a7096baa9570a11f3c2eb2792b7b1bde313678746c11e3fc0725d8e,12e93b3fc815169f54d5fa7eb5590d6fe967237dfc6a1e6861c113069ef175e4,0.057326,[21],Individual member scores not recorded in frozen JSON; no new calculation from prediction payloads
2023Q3,refit,0.0005,fit_slot,sequential_0,0,0,succeeded,,,,,,,,,,,,,,,,,,,,,,,,,,,,,,,2023Q2:refit:0.0005:sequential_0:0,2023Q3:refit:0.0005:sequential_0:0,True,"{""negative"": 374, ""positive"": 138, ""rows"": 512}",fbc8c81396816d42e964f9802153261a2b6e34e890d1116df7e7b17f1367c54b,c18194f34c9c71602ec7d9889f90dc3d1fdb8ffd1816ce5d090669a07a048c86,0.026488,[33],Individual member scores not recorded in frozen JSON; no new calculation from prediction payloads
2023Q3,refit,0.0005,fit_slot,sequential_0,0,1,succeeded,,,,,,,,,,,,,,,,,,,,,,,,,,,,,,,2023Q2:refit:0.0005:sequential_0:1,2023Q3:refit:0.0005:sequential_0:1,True,"{""negative"": 357, ""positive"": 155, ""rows"": 512}",45c164299b7453c88f15e0da048411c222ea7aa33f4f4e61f32466ba34f21bae,86104e4c38fc6be8ad69875e0dc513bec2cf7addadf58328b6cee628e33ae147,0.026403,[33],Individual member scores not recorded in frozen JSON; no new calculation from prediction payloads
2023Q3,refit,0.0005,fit_slot,sequential_0,0,2,succeeded,,,,,,,,,,,,,,,,,,,,,,,,,,,,,,,2023Q2:refit:0.0005:sequential_0:2,2023Q3:refit:0.0005:sequential_0:2,True,"{""negative"": 392, ""positive"": 120, ""rows"": 512}",544298f6f4e9afb03afbd1c97e9a3ccc206077311c43443ea7d732f4f2ca149b,c5ae9fda85aea080c34c4bf9ad8613ed14a1697f207e4e5f081679085b8dd1d6,0.026218,[29],Individual member scores not recorded in frozen JSON; no new calculation from prediction payloads
2023Q3,refit,0.0005,fit_slot,sequential_1,1,0,succeeded,,,,,,,,,,,,,,,,,,,,,,,,,,,,,,,2023Q2:refit:0.0005:sequential_1:0,2023Q3:refit:0.0005:sequential_1:0,True,"{""negative"": 354, ""positive"": 158, ""rows"": 512}",d3766baa389d56bd2b9488cbbb278c5bce44e13077c1a2238e2cbbf6a0772ab9,6521cf12845dccd5f9665970ae0f4fc860ea2862d14bfe865e99ea911f57a65b,0.02583,[35],Individual member scores not recorded in frozen JSON; no new calculation from prediction payloads
2023Q3,refit,0.0005,fit_slot,sequential_1,1,1,succeeded,,,,,,,,,,,,,,,,,,,,,,,,,,,,,,,2023Q2:refit:0.0005:sequential_1:1,2023Q3:refit:0.0005:sequential_1:1,True,"{""negative"": 374, ""positive"": 138, ""rows"": 512}",a9ce7859ee78d16703fb905c1590430dfd36e1eac65bbf23983b14078e162862,17da0862b58910ed10870547794c16a25ab7313c8ed54fac19eafa5d5e0d3059,0.025752,[32],Individual member scores not recorded in frozen JSON; no new calculation from prediction payloads
2023Q3,refit,0.0005,fit_slot,sequential_1,1,2,succeeded,,,,,,,,,,,,,,,,,,,,,,,,,,,,,,,2023Q2:refit:0.0005:sequential_1:2,2023Q3:refit:0.0005:sequential_1:2,True,"{""negative"": 360, ""positive"": 152, ""rows"": 512}",e94ccfa7899fbd96622934077e71b74abe7162ad7521a790003ddfd5363ea753,ed050984931967ce07e85d6693aeef4ea9f811119e5a3ab2a97f64d7dc8b4756,0.026113,[32],Individual member scores not recorded in frozen JSON; no new calculation from prediction payloads
2023Q3,refit,0.0005,fit_slot,uniform_0,0,0,succeeded,,,,,,,,,,,,,,,,,,,,,,,,,,,,,,,2023Q2:refit:0.0005:uniform_0:0,2023Q3:refit:0.0005:uniform_0:0,True,"{""negative"": 369, ""positive"": 143, ""rows"": 512}",6f9fd622214be648b3babc1ac328a75e44a81f1d240c785d1213267c2bd8da59,7de96b64a61dceb7a9d7e3a0c36aba74c0a4f69d9573092dc47d1ef18ea184bd,0.025605,[32],Individual member scores not recorded in frozen JSON; no new calculation from prediction payloads
2023Q3,refit,0.0005,fit_slot,uniform_0,0,1,succeeded,,,,,,,,,,,,,,,,,,,,,,,,,,,,,,,2023Q2:refit:0.0005:uniform_0:1,2023Q3:refit:0.0005:uniform_0:1,True,"{""negative"": 362, ""positive"": 150, ""rows"": 512}",f312232136dd285eab2ad0fcafd859accb6721f89beed3064403aec506a824f1,dad726d41a759c73ad1cdba36106457400940c87e4e292b6883664da9bec9eeb,0.025558,[34],Individual member scores not recorded in frozen JSON; no new calculation from prediction payloads
2023Q3,refit,0.0005,fit_slot,uniform_0,0,2,succeeded,,,,,,,,,,,,,,,,,,,,,,,,,,,,,,,2023Q2:refit:0.0005:uniform_0:2,2023Q3:refit:0.0005:uniform_0:2,True,"{""negative"": 372, ""positive"": 140, ""rows"": 512}",291690c9b35783ba4a0ec258cca04a4e20ad64be579a21a1e25d03050b2b1225,5552e1b0ca1ccd50ba235087aab64ca55251852d6beb7a6ccb15954d957b1ffb,0.026442,[34],Individual member scores not recorded in frozen JSON; no new calculation from prediction payloads
2023Q3,refit,0.0005,fit_slot,uniform_1,1,0,succeeded,,,,,,,,,,,,,,,,,,,,,,,,,,,,,,,2023Q2:refit:0.0005:uniform_1:0,2023Q3:refit:0.0005:uniform_1:0,True,"{""negative"": 370, ""positive"": 142, ""rows"": 512}",af390373e488491c0d36ebe22059e8807151859d6b29147ab75588cff47c7b52,eaef9c8927bd1810091f7ad6b87092c3adad27e82be36dab15dc631a707616dd,0.025134,[31],Individual member scores not recorded in frozen JSON; no new calculation from prediction payloads
2023Q3,refit,0.0005,fit_slot,uniform_1,1,1,succeeded,,,,,,,,,,,,,,,,,,,,,,,,,,,,,,,2023Q2:refit:0.0005:uniform_1:1,2023Q3:refit:0.0005:uniform_1:1,True,"{""negative"": 377, ""positive"": 135, ""rows"": 512}",fea99465016398f4bb2ecc08158e4b0be148aed59230b7a4da9aa2cadc7cfa88,e180c42c7af41a40f156b67d9e285b77dc19a93f1c489e085d2325366b793557,0.046678,[32],Individual member scores not recorded in frozen JSON; no new calculation from prediction payloads
2023Q3,refit,0.0005,fit_slot,uniform_1,1,2,succeeded,,,,,,,,,,,,,,,,,,,,,,,,,,,,,,,2023Q2:refit:0.0005:uniform_1:2,2023Q3:refit:0.0005:uniform_1:2,True,"{""negative"": 369, ""positive"": 143, ""rows"": 512}",7f93ffd4a0c574acccf08855a1e13a7fe6ee32c2151b2a3584bd0a00b9b8408e,ee15cc4b3717059ff6bf11226427bdde3f742b0ed58b100d69c1f671b17690d3,0.024912,[27],Individual member scores not recorded in frozen JSON; no new calculation from prediction payloads
2023Q3,refit,0.001,primary,primary_unfiltered,,,available,714,0.423841059602649,0,522,522,192,0.2689075630252101,1.0,0,714,0,192,"{""all_outcomes"": {""ambiguous"": 131, ""causally_ineligible"": 26647, ""censored"": 2499, ""no_primary_signal"": 8465, ""stop_loss"": 33805, ""take_profit"": 12478}, ""causal_eligible"": 857, ""causal_reasons"": {"""": 49279, ""insufficient_history"": 34746}, ""eligible_outcomes"": {""ambiguous"": 3, ""censored"": 61, ""stop_loss"": 579, ""take_profit"": 214}, ""metric_rows"": 714, ""openings"": 84025, ""primary_accepted"": 857, ""primary_event"": 1234, ""primary_reasons"": {""no_momentum"": 560, ""primary_history"": 7905, ""signal"": 75560}, ""primary_signals"": 75560}",,,,,,,,,,,,,,,,,,,,,,,,,,
2023Q3,refit,0.001,model,full,,,available,,,,,,,,,,,,,"{""all_outcomes"": {""ambiguous"": 131, ""causally_ineligible"": 26647, ""censored"": 2499, ""no_primary_signal"": 8465, ""stop_loss"": 33805, ""take_profit"": 12478}, ""causal_eligible"": 857, ""causal_reasons"": {"""": 49279, ""insufficient_history"": 34746}, ""eligible_outcomes"": {""ambiguous"": 3, ""censored"": 61, ""stop_loss"": 579, ""take_profit"": 214}, ""metric_rows"": 714, ""openings"": 84025, ""primary_accepted"": 857, ""primary_event"": 1234, ""primary_reasons"": {""no_momentum"": 560, ""primary_history"": 7905, ""signal"": 75560}, ""primary_signals"": 75560}",conclusive_metric_rows,"{""negative"": 522, ""positive"": 192, ""rows"": 714}",0.5846414970185819,0.19758832434777282,0.5053081098339719,0.26531562043597856,"{""thresholds.0.5.precision"": ""no_signals""}",,False,empty_validation,857,0,,,,,,,,,,,,,,
2023Q3,refit,0.001,model,sequential_0,0,,available,,,,,,,,,,,,,"{""all_outcomes"": {""ambiguous"": 131, ""causally_ineligible"": 26647, ""censored"": 2499, ""no_primary_signal"": 8465, ""stop_loss"": 33805, ""take_profit"": 12478}, ""causal_eligible"": 857, ""causal_reasons"": {"""": 49279, ""insufficient_history"": 34746}, ""eligible_outcomes"": {""ambiguous"": 3, ""censored"": 61, ""stop_loss"": 579, ""take_profit"": 214}, ""metric_rows"": 714, ""openings"": 84025, ""primary_accepted"": 857, ""primary_event"": 1234, ""primary_reasons"": {""no_momentum"": 560, ""primary_history"": 7905, ""signal"": 75560}, ""primary_signals"": 75560}",conclusive_metric_rows,"{""negative"": 522, ""positive"": 192, ""rows"": 714}",0.581490700813871,0.19611137605128853,0.5600055874840357,0.3151357069903016,"{""thresholds.0.5.precision"": ""no_signals""}",,False,empty_validation,857,0,,,,,,,,,,,,,,
2023Q3,refit,0.001,model,sequential_1,1,,available,,,,,,,,,,,,,"{""all_outcomes"": {""ambiguous"": 131, ""causally_ineligible"": 26647, ""censored"": 2499, ""no_primary_signal"": 8465, ""stop_loss"": 33805, ""take_profit"": 12478}, ""causal_eligible"": 857, ""causal_reasons"": {"""": 49279, ""insufficient_history"": 34746}, ""eligible_outcomes"": {""ambiguous"": 3, ""censored"": 61, ""stop_loss"": 579, ""take_profit"": 214}, ""metric_rows"": 714, ""openings"": 84025, ""primary_accepted"": 857, ""primary_event"": 1234, ""primary_reasons"": {""no_momentum"": 560, ""primary_history"": 7905, ""signal"": 75560}, ""primary_signals"": 75560}",conclusive_metric_rows,"{""negative"": 522, ""positive"": 192, ""rows"": 714}",0.594907009760514,0.2011208461756827,0.5156449553001277,0.27135714692027857,{},,False,empty_validation,857,0,,,,,,,,,,,,,,
2023Q3,refit,0.001,model,uniform_0,0,,available,,,,,,,,,,,,,"{""all_outcomes"": {""ambiguous"": 131, ""causally_ineligible"": 26647, ""censored"": 2499, ""no_primary_signal"": 8465, ""stop_loss"": 33805, ""take_profit"": 12478}, ""causal_eligible"": 857, ""causal_reasons"": {"""": 49279, ""insufficient_history"": 34746}, ""eligible_outcomes"": {""ambiguous"": 3, ""censored"": 61, ""stop_loss"": 579, ""take_profit"": 214}, ""metric_rows"": 714, ""openings"": 84025, ""primary_accepted"": 857, ""primary_event"": 1234, ""primary_reasons"": {""no_momentum"": 560, ""primary_history"": 7905, ""signal"": 75560}, ""primary_signals"": 75560}",conclusive_metric_rows,"{""negative"": 522, ""positive"": 192, ""rows"": 714}",0.5838549968230942,0.19746940685883133,0.5465257822477649,0.29751384648215834,{},,False,empty_validation,857,0,,,,,,,,,,,,,,
2023Q3,refit,0.001,model,uniform_1,1,,available,,,,,,,,,,,,,"{""all_outcomes"": {""ambiguous"": 131, ""causally_ineligible"": 26647, ""censored"": 2499, ""no_primary_signal"": 8465, ""stop_loss"": 33805, ""take_profit"": 12478}, ""causal_eligible"": 857, ""causal_reasons"": {"""": 49279, ""insufficient_history"": 34746}, ""eligible_outcomes"": {""ambiguous"": 3, ""censored"": 61, ""stop_loss"": 579, ""take_profit"": 214}, ""metric_rows"": 714, ""openings"": 84025, ""primary_accepted"": 857, ""primary_event"": 1234, ""primary_reasons"": {""no_momentum"": 560, ""primary_history"": 7905, ""signal"": 75560}, ""primary_signals"": 75560}",conclusive_metric_rows,"{""negative"": 522, ""positive"": 192, ""rows"": 714}",0.587771274170073,0.19903059809681287,0.4967073754789272,0.2631866659099847,"{""thresholds.0.5.precision"": ""no_signals""}",,False,empty_validation,857,0,,,,,,,,,,,,,,
2023Q3,refit,0.001,model,weighted_constant,,,available,,,,,,,,,,,,,"{""all_outcomes"": {""ambiguous"": 131, ""causally_ineligible"": 26647, ""censored"": 2499, ""no_primary_signal"": 8465, ""stop_loss"": 33805, ""take_profit"": 12478}, ""causal_eligible"": 857, ""causal_reasons"": {"""": 49279, ""insufficient_history"": 34746}, ""eligible_outcomes"": {""ambiguous"": 3, ""censored"": 61, ""stop_loss"": 579, ""take_profit"": 214}, ""metric_rows"": 714, ""openings"": 84025, ""primary_accepted"": 857, ""primary_event"": 1234, ""primary_reasons"": {""no_momentum"": 560, ""primary_history"": 7905, ""signal"": 75560}, ""primary_signals"": 75560}",conclusive_metric_rows,"{""negative"": 522, ""positive"": 192, ""rows"": 714}",0.5823498544807839,0.19666635294229584,0.5,0.2689075630252101,"{""thresholds.0.3.precision"": ""no_signals"", ""thresholds.0.4.precision"": ""no_signals"", ""thresholds.0.5.precision"": ""no_signals""}",,False,empty_validation,857,0,,,,,,,,,,,,,,
2023Q3,refit,0.001,model,weighted_logistic,,,available,,,,,,,,,,,,,"{""all_outcomes"": {""ambiguous"": 131, ""causally_ineligible"": 26647, ""censored"": 2499, ""no_primary_signal"": 8465, ""stop_loss"": 33805, ""take_profit"": 12478}, ""causal_eligible"": 857, ""causal_reasons"": {"""": 49279, ""insufficient_history"": 34746}, ""eligible_outcomes"": {""ambiguous"": 3, ""censored"": 61, ""stop_loss"": 579, ""take_profit"": 214}, ""metric_rows"": 714, ""openings"": 84025, ""primary_accepted"": 857, ""primary_event"": 1234, ""primary_reasons"": {""no_momentum"": 560, ""primary_history"": 7905, ""signal"": 75560}, ""primary_signals"": 75560}",conclusive_metric_rows,"{""negative"": 522, ""positive"": 192, ""rows"": 714}",0.5789624945293183,0.19535574450518914,0.5653436302681992,0.30595116644757814,"{""thresholds.0.4.precision"": ""no_signals"", ""thresholds.0.5.precision"": ""no_signals""}",,False,empty_validation,857,0,,,,,,,,,,,,,,
2023Q3,refit,0.001,paired_sensitivity,sequential_0_minus_full,,,descriptive_not_confidence_interval,,,,,,,,,,,,,,,,,,,,,,,,,,,"{""brier"": {""delete_week_max"": 0.00039245401416040606, ""delete_week_min"": -0.0035454443390607847, ""delta"": -0.001476948296484301}, ""log_loss"": {""delete_week_max"": 0.0018700664613316598, ""delete_week_min"": -0.009007761327077477, ""delta"": -0.0031507962047109196}, ""status"": ""descriptive_not_confidence_interval"", ""weekly_support"": [{""negative"": 77, ""positive"": 31, ""rows"": 108, ""week_start_epoch"": 1690761600}, {""negative"": 70, ""positive"": 19, ""rows"": 89, ""week_start_epoch"": 1691366400}, {""negative"": 61, ""positive"": 23, ""rows"": 84, ""week_start_epoch"": 1691971200}, {""negative"": 65, ""positive"": 30, ""rows"": 95, ""week_start_epoch"": 1692576000}, {""negative"": 70, ""positive"": 36, ""rows"": 106, ""week_start_epoch"": 1693180800}, {""negative"": 46, ""positive"": 21, ""rows"": 67, ""week_start_epoch"": 1693785600}, {""negative"": 60, ""positive"": 12, ""rows"": 72, ""week_start_epoch"": 1694390400}, {""negative"": 71, ""positive"": 16, ""rows"": 87, ""week_start_epoch"": 1694995200}, {""negative"": 2, ""positive"": 4, ""rows"": 6, ""week_start_epoch"": 1695600000}], ""weeks"": 9}",,,,,,,,,,,,
2023Q3,refit,0.001,paired_sensitivity,sequential_0_minus_uniform_0,,,descriptive_not_confidence_interval,,,,,,,,,,,,,,,,,,,,,,,,,,,"{""brier"": {""delete_week_max"": 0.00024242842253779668, ""delete_week_min"": -0.002906848733630681, ""delta"": -0.001358030807542778}, ""log_loss"": {""delete_week_max"": 0.0017469605528663674, ""delete_week_min"": -0.006752955724498408, ""delta"": -0.0023642960092231232}, ""status"": ""descriptive_not_confidence_interval"", ""weekly_support"": [{""negative"": 77, ""positive"": 31, ""rows"": 108, ""week_start_epoch"": 1690761600}, {""negative"": 70, ""positive"": 19, ""rows"": 89, ""week_start_epoch"": 1691366400}, {""negative"": 61, ""positive"": 23, ""rows"": 84, ""week_start_epoch"": 1691971200}, {""negative"": 65, ""positive"": 30, ""rows"": 95, ""week_start_epoch"": 1692576000}, {""negative"": 70, ""positive"": 36, ""rows"": 106, ""week_start_epoch"": 1693180800}, {""negative"": 46, ""positive"": 21, ""rows"": 67, ""week_start_epoch"": 1693785600}, {""negative"": 60, ""positive"": 12, ""rows"": 72, ""week_start_epoch"": 1694390400}, {""negative"": 71, ""positive"": 16, ""rows"": 87, ""week_start_epoch"": 1694995200}, {""negative"": 2, ""positive"": 4, ""rows"": 6, ""week_start_epoch"": 1695600000}], ""weeks"": 9}",,,,,,,,,,,,
2023Q3,refit,0.001,paired_sensitivity,sequential_0_minus_weighted_constant,,,descriptive_not_confidence_interval,,,,,,,,,,,,,,,,,,,,,,,,,,,"{""brier"": {""delete_week_max"": 0.0010436481922248082, ""delete_week_min"": -0.0027071756582679727, ""delta"": -0.0005549768910073466}, ""log_loss"": {""delete_week_max"": 0.0035014992172557355, ""delete_week_min"": -0.007099143726206064, ""delta"": -0.0008591536669130252}, ""status"": ""descriptive_not_confidence_interval"", ""weekly_support"": [{""negative"": 77, ""positive"": 31, ""rows"": 108, ""week_start_epoch"": 1690761600}, {""negative"": 70, ""positive"": 19, ""rows"": 89, ""week_start_epoch"": 1691366400}, {""negative"": 61, ""positive"": 23, ""rows"": 84, ""week_start_epoch"": 1691971200}, {""negative"": 65, ""positive"": 30, ""rows"": 95, ""week_start_epoch"": 1692576000}, {""negative"": 70, ""positive"": 36, ""rows"": 106, ""week_start_epoch"": 1693180800}, {""negative"": 46, ""positive"": 21, ""rows"": 67, ""week_start_epoch"": 1693785600}, {""negative"": 60, ""positive"": 12, ""rows"": 72, ""week_start_epoch"": 1694390400}, {""negative"": 71, ""positive"": 16, ""rows"": 87, ""week_start_epoch"": 1694995200}, {""negative"": 2, ""positive"": 4, ""rows"": 6, ""week_start_epoch"": 1695600000}], ""weeks"": 9}",,,,,,,,,,,,
2023Q3,refit,0.001,paired_sensitivity,sequential_0_minus_weighted_logistic,,,descriptive_not_confidence_interval,,,,,,,,,,,,,,,,,,,,,,,,,,,"{""brier"": {""delete_week_max"": 0.0021530486569304136, ""delete_week_min"": -0.000768557680931408, ""delta"": 0.000755631546099362}, ""log_loss"": {""delete_week_max"": 0.0063042921497547125, ""delete_week_min"": -0.0019383217101943276, ""delta"": 0.002528206284552639}, ""status"": ""descriptive_not_confidence_interval"", ""weekly_support"": [{""negative"": 77, ""positive"": 31, ""rows"": 108, ""week_start_epoch"": 1690761600}, {""negative"": 70, ""positive"": 19, ""rows"": 89, ""week_start_epoch"": 1691366400}, {""negative"": 61, ""positive"": 23, ""rows"": 84, ""week_start_epoch"": 1691971200}, {""negative"": 65, ""positive"": 30, ""rows"": 95, ""week_start_epoch"": 1692576000}, {""negative"": 70, ""positive"": 36, ""rows"": 106, ""week_start_epoch"": 1693180800}, {""negative"": 46, ""positive"": 21, ""rows"": 67, ""week_start_epoch"": 1693785600}, {""negative"": 60, ""positive"": 12, ""rows"": 72, ""week_start_epoch"": 1694390400}, {""negative"": 71, ""positive"": 16, ""rows"": 87, ""week_start_epoch"": 1694995200}, {""negative"": 2, ""positive"": 4, ""rows"": 6, ""week_start_epoch"": 1695600000}], ""weeks"": 9}",,,,,,,,,,,,
2023Q3,refit,0.001,paired_sensitivity,sequential_1_minus_full,,,descriptive_not_confidence_interval,,,,,,,,,,,,,,,,,,,,,,,,,,,"{""brier"": {""delete_week_max"": 0.0044945373407727345, ""delete_week_min"": 0.0017311957214711138, ""delta"": 0.00353252182790988}, ""log_loss"": {""delete_week_max"": 0.013301780709562335, ""delete_week_min"": 0.005514907979465474, ""delta"": 0.01026551274193215}, ""status"": ""descriptive_not_confidence_interval"", ""weekly_support"": [{""negative"": 77, ""positive"": 31, ""rows"": 108, ""week_start_epoch"": 1690761600}, {""negative"": 70, ""positive"": 19, ""rows"": 89, ""week_start_epoch"": 1691366400}, {""negative"": 61, ""positive"": 23, ""rows"": 84, ""week_start_epoch"": 1691971200}, {""negative"": 65, ""positive"": 30, ""rows"": 95, ""week_start_epoch"": 1692576000}, {""negative"": 70, ""positive"": 36, ""rows"": 106, ""week_start_epoch"": 1693180800}, {""negative"": 46, ""positive"": 21, ""rows"": 67, ""week_start_epoch"": 1693785600}, {""negative"": 60, ""positive"": 12, ""rows"": 72, ""week_start_epoch"": 1694390400}, {""negative"": 71, ""positive"": 16, ""rows"": 87, ""week_start_epoch"": 1694995200}, {""negative"": 2, ""positive"": 4, ""rows"": 6, ""week_start_epoch"": 1695600000}], ""weeks"": 9}",,,,,,,,,,,,
2023Q3,refit,0.001,paired_sensitivity,sequential_1_minus_uniform_1,,,descriptive_not_confidence_interval,,,,,,,,,,,,,,,,,,,,,,,,,,,"{""brier"": {""delete_week_max"": 0.003543074989218052, ""delete_week_min"": -0.0008943584431299947, ""delta"": 0.002090248078869844}, ""log_loss"": {""delete_week_max"": 0.011219185838679964, ""delete_week_min"": -0.0006637399091250048, ""delta"": 0.007135735590441129}, ""status"": ""descriptive_not_confidence_interval"", ""weekly_support"": [{""negative"": 77, ""positive"": 31, ""rows"": 108, ""week_start_epoch"": 1690761600}, {""negative"": 70, ""positive"": 19, ""rows"": 89, ""week_start_epoch"": 1691366400}, {""negative"": 61, ""positive"": 23, ""rows"": 84, ""week_start_epoch"": 1691971200}, {""negative"": 65, ""positive"": 30, ""rows"": 95, ""week_start_epoch"": 1692576000}, {""negative"": 70, ""positive"": 36, ""rows"": 106, ""week_start_epoch"": 1693180800}, {""negative"": 46, ""positive"": 21, ""rows"": 67, ""week_start_epoch"": 1693785600}, {""negative"": 60, ""positive"": 12, ""rows"": 72, ""week_start_epoch"": 1694390400}, {""negative"": 71, ""positive"": 16, ""rows"": 87, ""week_start_epoch"": 1694995200}, {""negative"": 2, ""positive"": 4, ""rows"": 6, ""week_start_epoch"": 1695600000}], ""weeks"": 9}",,,,,,,,,,,,
2023Q3,refit,0.001,paired_sensitivity,sequential_1_minus_weighted_constant,,,descriptive_not_confidence_interval,,,,,,,,,,,,,,,,,,,,,,,,,,,"{""brier"": {""delete_week_max"": 0.005508863835424186, ""delete_week_min"": 0.002069550395106915, ""delta"": 0.004454493233386834}, ""log_loss"": {""delete_week_max"": 0.01553742086352149, ""delete_week_min"": 0.006375161891648269, ""delta"": 0.012557155279730043}, ""status"": ""descriptive_not_confidence_interval"", ""weekly_support"": [{""negative"": 77, ""positive"": 31, ""rows"": 108, ""week_start_epoch"": 1690761600}, {""negative"": 70, ""positive"": 19, ""rows"": 89, ""week_start_epoch"": 1691366400}, {""negative"": 61, ""positive"": 23, ""rows"": 84, ""week_start_epoch"": 1691971200}, {""negative"": 65, ""positive"": 30, ""rows"": 95, ""week_start_epoch"": 1692576000}, {""negative"": 70, ""positive"": 36, ""rows"": 106, ""week_start_epoch"": 1693180800}, {""negative"": 46, ""positive"": 21, ""rows"": 67, ""week_start_epoch"": 1693785600}, {""negative"": 60, ""positive"": 12, ""rows"": 72, ""week_start_epoch"": 1694390400}, {""negative"": 71, ""positive"": 16, ""rows"": 87, ""week_start_epoch"": 1694995200}, {""negative"": 2, ""positive"": 4, ""rows"": 6, ""week_start_epoch"": 1695600000}], ""weeks"": 9}",,,,,,,,,,,,
2023Q3,refit,0.001,paired_sensitivity,sequential_1_minus_weighted_logistic,,,descriptive_not_confidence_interval,,,,,,,,,,,,,,,,,,,,,,,,,,,"{""brier"": {""delete_week_max"": 0.0070109239382419196, ""delete_week_min"": 0.003935046210626233, ""delta"": 0.0057651016704935425}, ""log_loss"": {""delete_week_max"": 0.01911165570668363, ""delete_week_min"": 0.011233690851379336, ""delta"": 0.01594451523119571}, ""status"": ""descriptive_not_confidence_interval"", ""weekly_support"": [{""negative"": 77, ""positive"": 31, ""rows"": 108, ""week_start_epoch"": 1690761600}, {""negative"": 70, ""positive"": 19, ""rows"": 89, ""week_start_epoch"": 1691366400}, {""negative"": 61, ""positive"": 23, ""rows"": 84, ""week_start_epoch"": 1691971200}, {""negative"": 65, ""positive"": 30, ""rows"": 95, ""week_start_epoch"": 1692576000}, {""negative"": 70, ""positive"": 36, ""rows"": 106, ""week_start_epoch"": 1693180800}, {""negative"": 46, ""positive"": 21, ""rows"": 67, ""week_start_epoch"": 1693785600}, {""negative"": 60, ""positive"": 12, ""rows"": 72, ""week_start_epoch"": 1694390400}, {""negative"": 71, ""positive"": 16, ""rows"": 87, ""week_start_epoch"": 1694995200}, {""negative"": 2, ""positive"": 4, ""rows"": 6, ""week_start_epoch"": 1695600000}], ""weeks"": 9}",,,,,,,,,,,,
2023Q3,refit,0.001,paired_sensitivity,uniform_0_minus_full,,,descriptive_not_confidence_interval,,,,,,,,,,,,,,,,,,,,,,,,,,,"{""brier"": {""delete_week_max"": 0.0005996476167845114, ""delete_week_min"": -0.0007219527667908217, ""delta"": -0.00011891748894152244}, ""log_loss"": {""delete_week_max"": 0.0015165794300914272, ""delete_week_min"": -0.0029991513044082896, ""delta"": -0.0007865001954877987}, ""status"": ""descriptive_not_confidence_interval"", ""weekly_support"": [{""negative"": 77, ""positive"": 31, ""rows"": 108, ""week_start_epoch"": 1690761600}, {""negative"": 70, ""positive"": 19, ""rows"": 89, ""week_start_epoch"": 1691366400}, {""negative"": 61, ""positive"": 23, ""rows"": 84, ""week_start_epoch"": 1691971200}, {""negative"": 65, ""positive"": 30, ""rows"": 95, ""week_start_epoch"": 1692576000}, {""negative"": 70, ""positive"": 36, ""rows"": 106, ""week_start_epoch"": 1693180800}, {""negative"": 46, ""positive"": 21, ""rows"": 67, ""week_start_epoch"": 1693785600}, {""negative"": 60, ""positive"": 12, ""rows"": 72, ""week_start_epoch"": 1694390400}, {""negative"": 71, ""positive"": 16, ""rows"": 87, ""week_start_epoch"": 1694995200}, {""negative"": 2, ""positive"": 4, ""rows"": 6, ""week_start_epoch"": 1695600000}], ""weeks"": 9}",,,,,,,,,,,,
2023Q3,refit,0.001,paired_sensitivity,uniform_0_minus_weighted_constant,,,descriptive_not_confidence_interval,,,,,,,,,,,,,,,,,,,,,,,,,,,"{""brier"": {""delete_week_max"": 0.0017485938448550515, ""delete_week_min"": 0.00013718917390088853, ""delta"": 0.0008030539165354318}, ""log_loss"": {""delete_week_max"": 0.004372873430160694, ""delete_week_min"": -0.001090533703536881, ""delta"": 0.0015051423423100988}, ""status"": ""descriptive_not_confidence_interval"", ""weekly_support"": [{""negative"": 77, ""positive"": 31, ""rows"": 108, ""week_start_epoch"": 1690761600}, {""negative"": 70, ""positive"": 19, ""rows"": 89, ""week_start_epoch"": 1691366400}, {""negative"": 61, ""positive"": 23, ""rows"": 84, ""week_start_epoch"": 1691971200}, {""negative"": 65, ""positive"": 30, ""rows"": 95, ""week_start_epoch"": 1692576000}, {""negative"": 70, ""positive"": 36, ""rows"": 106, ""week_start_epoch"": 1693180800}, {""negative"": 46, ""positive"": 21, ""rows"": 67, ""week_start_epoch"": 1693785600}, {""negative"": 60, ""positive"": 12, ""rows"": 72, ""week_start_epoch"": 1694390400}, {""negative"": 71, ""positive"": 16, ""rows"": 87, ""week_start_epoch"": 1694995200}, {""negative"": 2, ""positive"": 4, ""rows"": 6, ""week_start_epoch"": 1695600000}], ""weeks"": 9}",,,,,,,,,,,,
2023Q3,refit,0.001,paired_sensitivity,uniform_0_minus_weighted_logistic,,,descriptive_not_confidence_interval,,,,,,,,,,,,,,,,,,,,,,,,,,,"{""brier"": {""delete_week_max"": 0.003056241645451357, ""delete_week_min"": 0.001201973520856558, ""delta"": 0.0021136623536421404}, ""log_loss"": {""delete_week_max"": 0.007235362302005288, ""delete_week_min"": 0.0026996724136994906, ""delta"": 0.004892502293775762}, ""status"": ""descriptive_not_confidence_interval"", ""weekly_support"": [{""negative"": 77, ""positive"": 31, ""rows"": 108, ""week_start_epoch"": 1690761600}, {""negative"": 70, ""positive"": 19, ""rows"": 89, ""week_start_epoch"": 1691366400}, {""negative"": 61, ""positive"": 23, ""rows"": 84, ""week_start_epoch"": 1691971200}, {""negative"": 65, ""positive"": 30, ""rows"": 95, ""week_start_epoch"": 1692576000}, {""negative"": 70, ""positive"": 36, ""rows"": 106, ""week_start_epoch"": 1693180800}, {""negative"": 46, ""positive"": 21, ""rows"": 67, ""week_start_epoch"": 1693785600}, {""negative"": 60, ""positive"": 12, ""rows"": 72, ""week_start_epoch"": 1694390400}, {""negative"": 71, ""positive"": 16, ""rows"": 87, ""week_start_epoch"": 1694995200}, {""negative"": 2, ""positive"": 4, ""rows"": 6, ""week_start_epoch"": 1695600000}], ""weeks"": 9}",,,,,,,,,,,,
2023Q3,refit,0.001,paired_sensitivity,uniform_1_minus_full,,,descriptive_not_confidence_interval,,,,,,,,,,,,,,,,,,,,,,,,,,,"{""brier"": {""delete_week_max"": 0.0026255541646011083, ""delete_week_min"": 0.0006444310458598717, ""delta"": 0.0014422737490400349}, ""log_loss"": {""delete_week_max"": 0.006178647888590478, ""delete_week_min"": 0.0012303874916714018, ""delta"": 0.003129777151491022}, ""status"": ""descriptive_not_confidence_interval"", ""weekly_support"": [{""negative"": 77, ""positive"": 31, ""rows"": 108, ""week_start_epoch"": 1690761600}, {""negative"": 70, ""positive"": 19, ""rows"": 89, ""week_start_epoch"": 1691366400}, {""negative"": 61, ""positive"": 23, ""rows"": 84, ""week_start_epoch"": 1691971200}, {""negative"": 65, ""positive"": 30, ""rows"": 95, ""week_start_epoch"": 1692576000}, {""negative"": 70, ""positive"": 36, ""rows"": 106, ""week_start_epoch"": 1693180800}, {""negative"": 46, ""positive"": 21, ""rows"": 67, ""week_start_epoch"": 1693785600}, {""negative"": 60, ""positive"": 12, ""rows"": 72, ""week_start_epoch"": 1694390400}, {""negative"": 71, ""positive"": 16, ""rows"": 87, ""week_start_epoch"": 1694995200}, {""negative"": 2, ""positive"": 4, ""rows"": 6, ""week_start_epoch"": 1695600000}], ""weeks"": 9}",,,,,,,,,,,,
2023Q3,refit,0.001,paired_sensitivity,uniform_1_minus_weighted_constant,,,descriptive_not_confidence_interval,,,,,,,,,,,,,,,,,,,,,,,,,,,"{""brier"": {""delete_week_max"": 0.002963908838236909, ""delete_week_min"": 0.0018250634304940137, ""delta"": 0.0023642451545169887}, ""log_loss"": {""delete_week_max"": 0.007038901800773276, ""delete_week_min"": 0.004318235024841532, ""delta"": 0.005421419689288919}, ""status"": ""descriptive_not_confidence_interval"", ""weekly_support"": [{""negative"": 77, ""positive"": 31, ""rows"": 108, ""week_start_epoch"": 1690761600}, {""negative"": 70, ""positive"": 19, ""rows"": 89, ""week_start_epoch"": 1691366400}, {""negative"": 61, ""positive"": 23, ""rows"": 84, ""week_start_epoch"": 1691971200}, {""negative"": 65, ""positive"": 30, ""rows"": 95, ""week_start_epoch"": 1692576000}, {""negative"": 70, ""positive"": 36, ""rows"": 106, ""week_start_epoch"": 1693180800}, {""negative"": 46, ""positive"": 21, ""rows"": 67, ""week_start_epoch"": 1693785600}, {""negative"": 60, ""positive"": 12, ""rows"": 72, ""week_start_epoch"": 1694390400}, {""negative"": 71, ""positive"": 16, ""rows"": 87, ""week_start_epoch"": 1694995200}, {""negative"": 2, ""positive"": 4, ""rows"": 6, ""week_start_epoch"": 1695600000}], ""weeks"": 9}",,,,,,,,,,,,
2023Q3,refit,0.001,paired_sensitivity,uniform_1_minus_weighted_logistic,,,descriptive_not_confidence_interval,,,,,,,,,,,,,,,,,,,,,,,,,,,"{""brier"": {""delete_week_max"": 0.004829404653756228, ""delete_week_min"": 0.0030023018611906893, ""delta"": 0.0036748535916236963}, ""log_loss"": {""delete_week_max"": 0.011897430760504339, ""delete_week_min"": 0.007228812801126779, ""delta"": 0.00880877964075458}, ""status"": ""descriptive_not_confidence_interval"", ""weekly_support"": [{""negative"": 77, ""positive"": 31, ""rows"": 108, ""week_start_epoch"": 1690761600}, {""negative"": 70, ""positive"": 19, ""rows"": 89, ""week_start_epoch"": 1691366400}, {""negative"": 61, ""positive"": 23, ""rows"": 84, ""week_start_epoch"": 1691971200}, {""negative"": 65, ""positive"": 30, ""rows"": 95, ""week_start_epoch"": 1692576000}, {""negative"": 70, ""positive"": 36, ""rows"": 106, ""week_start_epoch"": 1693180800}, {""negative"": 46, ""positive"": 21, ""rows"": 67, ""week_start_epoch"": 1693785600}, {""negative"": 60, ""positive"": 12, ""rows"": 72, ""week_start_epoch"": 1694390400}, {""negative"": 71, ""positive"": 16, ""rows"": 87, ""week_start_epoch"": 1694995200}, {""negative"": 2, ""positive"": 4, ""rows"": 6, ""week_start_epoch"": 1695600000}], ""weeks"": 9}",,,,,,,,,,,,
2023Q3,refit,0.001,member_diversity,sequential_0,0,0-1,,,,,,,,,,,,,,,,,,,,,,,,,,,,,-0.040049703258963704,0.10201953553406268,,,,,,,,,,
2023Q3,refit,0.001,member_diversity,sequential_0,0,0-2,,,,,,,,,,,,,,,,,,,,,,,,,,,,,-0.22188557118712063,0.1277953804690667,,,,,,,,,,
2023Q3,refit,0.001,member_diversity,sequential_0,0,1-2,,,,,,,,,,,,,,,,,,,,,,,,,,,,,0.5939511360982833,0.06931211336567716,,,,,,,,,,
2023Q3,refit,0.001,member_diversity,sequential_1,1,0-1,,,,,,,,,,,,,,,,,,,,,,,,,,,,,0.3756446714770455,0.08245289152435503,,,,,,,,,,
2023Q3,refit,0.001,member_diversity,sequential_1,1,0-2,,,,,,,,,,,,,,,,,,,,,,,,,,,,,0.15472835589292522,0.10739963015904866,,,,,,,,,,
2023Q3,refit,0.001,member_diversity,sequential_1,1,1-2,,,,,,,,,,,,,,,,,,,,,,,,,,,,,0.27359931515041286,0.08633952146472296,,,,,,,,,,
2023Q3,refit,0.001,member_diversity,uniform_0,0,0-1,,,,,,,,,,,,,,,,,,,,,,,,,,,,,0.14015702868912058,0.09016538185315795,,,,,,,,,,
2023Q3,refit,0.001,member_diversity,uniform_0,0,0-2,,,,,,,,,,,,,,,,,,,,,,,,,,,,,0.07004560604799502,0.11869172836159418,,,,,,,,,,
2023Q3,refit,0.001,member_diversity,uniform_0,0,1-2,,,,,,,,,,,,,,,,,,,,,,,,,,,,,0.5866397518834129,0.09814716529596239,,,,,,,,,,
2023Q3,refit,0.001,member_diversity,uniform_1,1,0-1,,,,,,,,,,,,,,,,,,,,,,,,,,,,,-0.2296792072287982,0.12154445168425076,,,,,,,,,,
2023Q3,refit,0.001,member_diversity,uniform_1,1,0-2,,,,,,,,,,,,,,,,,,,,,,,,,,,,,-0.0978265431182505,0.10848380499314417,,,,,,,,,,
2023Q3,refit,0.001,member_diversity,uniform_1,1,1-2,,,,,,,,,,,,,,,,,,,,,,,,,,,,,0.20260146213639202,0.08663488382738184,,,,,,,,,,
2023Q3,refit,0.001,fit_slot,full,,,succeeded,,,,,,,,,,,,,,,,,,,,,,,,,,,,,,,2023Q2:refit:0.001:full,2023Q3:refit:0.001:full,True,"{""negative"": 8554, ""positive"": 3162, ""rows"": 11716}",e94a6d001cff9ac7c78b8b3e68cb1d5f5c0819e03afd65686b5a27c25abac2dc,ba03abda83417da690c3282ede1c4d009b989831051d750b9b01add1e5f025d7,0.038078,[22],Individual member scores not recorded in frozen JSON; no new calculation from prediction payloads
2023Q3,refit,0.001,fit_slot,sequential_0,0,0,succeeded,,,,,,,,,,,,,,,,,,,,,,,,,,,,,,,2023Q2:refit:0.001:sequential_0:0,2023Q3:refit:0.001:sequential_0:0,True,"{""negative"": 390, ""positive"": 122, ""rows"": 512}",100a543eef4997c7b67289b3322a02149df8b4145dddec20e76754f2846f0bab,05c7c74126eda02a1b2665e93536c3d25d13daf49ef5347d62ae0b7e4fbd8e80,0.026555,[29],Individual member scores not recorded in frozen JSON; no new calculation from prediction payloads
2023Q3,refit,0.001,fit_slot,sequential_0,0,1,succeeded,,,,,,,,,,,,,,,,,,,,,,,,,,,,,,,2023Q2:refit:0.001:sequential_0:1,2023Q3:refit:0.001:sequential_0:1,True,"{""negative"": 381, ""positive"": 131, ""rows"": 512}",2df0bd069783c568be12d6bd561da4a9f68da084900df825ccb336040de9a63a,c3fb4a9624635324a69efbe66cac087b6e21ef18f94f9166041e7aee4a97a9a4,0.027037,[34],Individual member scores not recorded in frozen JSON; no new calculation from prediction payloads
2023Q3,refit,0.001,fit_slot,sequential_0,0,2,succeeded,,,,,,,,,,,,,,,,,,,,,,,,,,,,,,,2023Q2:refit:0.001:sequential_0:2,2023Q3:refit:0.001:sequential_0:2,True,"{""negative"": 389, ""positive"": 123, ""rows"": 512}",ec0a486c422128928185cb9305b26153bde1e43c7fbe497ce8d849d42b3a3ac7,424cb33881054b5fb95681b32704aadb9656e52d9f295d0aee8d975d60feb02e,0.027201,[29],Individual member scores not recorded in frozen JSON; no new calculation from prediction payloads
2023Q3,refit,0.001,fit_slot,sequential_1,1,0,succeeded,,,,,,,,,,,,,,,,,,,,,,,,,,,,,,,2023Q2:refit:0.001:sequential_1:0,2023Q3:refit:0.001:sequential_1:0,True,"{""negative"": 376, ""positive"": 136, ""rows"": 512}",48464acfc9ae3e75818c98f34be255e85bd8d5253780fa6fbe2ac64ed61a1670,f109056143c781b2ed92a5f3cd976ca6992fb1df90e8c8f3cfc8048982cffbe0,0.027711,[31],Individual member scores not recorded in frozen JSON; no new calculation from prediction payloads
2023Q3,refit,0.001,fit_slot,sequential_1,1,1,succeeded,,,,,,,,,,,,,,,,,,,,,,,,,,,,,,,2023Q2:refit:0.001:sequential_1:1,2023Q3:refit:0.001:sequential_1:1,True,"{""negative"": 384, ""positive"": 128, ""rows"": 512}",f47aadaddb4dcb11f2faca8f0eb3f5160b81274186ebddf16627044d010a48df,39486e2be1c880fab7e0ae2370fa3fbc2767d795720b7d0bfd5d5b585b4558fb,0.028171,[29],Individual member scores not recorded in frozen JSON; no new calculation from prediction payloads
2023Q3,refit,0.001,fit_slot,sequential_1,1,2,succeeded,,,,,,,,,,,,,,,,,,,,,,,,,,,,,,,2023Q2:refit:0.001:sequential_1:2,2023Q3:refit:0.001:sequential_1:2,True,"{""negative"": 382, ""positive"": 130, ""rows"": 512}",cc2871e93efe040d4263040e241f470479ba7006fde1ae3fc1007214f3b393ae,337cfd5ebcfff77d0124a229ea6a83ee3a6c4838f8e7aa9b27e57dabdf04876c,0.027705,[30],Individual member scores not recorded in frozen JSON; no new calculation from prediction payloads
2023Q3,refit,0.001,fit_slot,uniform_0,0,0,succeeded,,,,,,,,,,,,,,,,,,,,,,,,,,,,,,,2023Q2:refit:0.001:uniform_0:0,2023Q3:refit:0.001:uniform_0:0,True,"{""negative"": 381, ""positive"": 131, ""rows"": 512}",f62a75fe5d8d3f0890c3e8a42313e03a585d0bc2da6184713ddab252c53e507c,49777372fc29af85dcfde332ba2479078a93516f5909232ba0670b9b3508bf7b,0.026515,[31],Individual member scores not recorded in frozen JSON; no new calculation from prediction payloads
2023Q3,refit,0.001,fit_slot,uniform_0,0,1,succeeded,,,,,,,,,,,,,,,,,,,,,,,,,,,,,,,2023Q2:refit:0.001:uniform_0:1,2023Q3:refit:0.001:uniform_0:1,True,"{""negative"": 372, ""positive"": 140, ""rows"": 512}",d7641881204b641573d6bdd2b56945ae1b037237dbf8fbe7e5cc7fa656eb56b8,cb40ec7c9fd769b6dd7b097bb3076c82f79cd0abaf5e4669706c5a21e71f99eb,0.027511,[36],Individual member scores not recorded in frozen JSON; no new calculation from prediction payloads
2023Q3,refit,0.001,fit_slot,uniform_0,0,2,succeeded,,,,,,,,,,,,,,,,,,,,,,,,,,,,,,,2023Q2:refit:0.001:uniform_0:2,2023Q3:refit:0.001:uniform_0:2,True,"{""negative"": 380, ""positive"": 132, ""rows"": 512}",25bdfccfd58c14a1e2b52a4bea3d3eadefc9004b2c123fc4d4c91446fac5b2c6,20ae3b3802359857c113ef664fa07ee118c5a952f84bb59bdf8eef2be2f413e0,0.026355,[31],Individual member scores not recorded in frozen JSON; no new calculation from prediction payloads
2023Q3,refit,0.001,fit_slot,uniform_1,1,0,succeeded,,,,,,,,,,,,,,,,,,,,,,,,,,,,,,,2023Q2:refit:0.001:uniform_1:0,2023Q3:refit:0.001:uniform_1:0,True,"{""negative"": 360, ""positive"": 152, ""rows"": 512}",aa011aeed55f5146490b0bee531ab9390d05c9ea21222ae3b6a2642093fa1334,035d527142bff83f7789368a06b4be56aab106cc24e8cbb1b4a316045761957d,0.026581,[30],Individual member scores not recorded in frozen JSON; no new calculation from prediction payloads
2023Q3,refit,0.001,fit_slot,uniform_1,1,1,succeeded,,,,,,,,,,,,,,,,,,,,,,,,,,,,,,,2023Q2:refit:0.001:uniform_1:1,2023Q3:refit:0.001:uniform_1:1,True,"{""negative"": 382, ""positive"": 130, ""rows"": 512}",8c80f3b7742caaabb65c9e46502b9adafe693dbcedc62ea11157ac0266215b93,9fda065186a69b05d7cc34bc52bce484a06c2608163c9ec50caee7b71a08d915,0.026931,[33],Individual member scores not recorded in frozen JSON; no new calculation from prediction payloads
2023Q3,refit,0.001,fit_slot,uniform_1,1,2,succeeded,,,,,,,,,,,,,,,,,,,,,,,,,,,,,,,2023Q2:refit:0.001:uniform_1:2,2023Q3:refit:0.001:uniform_1:2,True,"{""negative"": 374, ""positive"": 138, ""rows"": 512}",bd7fa4286b299d4d8b73ec29c4565e61cc3de8b98bffbd067552a80ff728ba73,0e01c0f9980bb1c8cf15eccd23a4e3f679ccce3fd065ab3c24f3db0a0975a48f,0.025832,[27],Individual member scores not recorded in frozen JSON; no new calculation from prediction payloads
2023Q3,refit,temporal,primary,primary_unfiltered,,,available,42201,0.4268326778624816,0,30751,30751,11450,0.27132058482026494,1.0,0,42201,0,11450,"{""all_outcomes"": {""ambiguous"": 131, ""causally_ineligible"": 26647, ""censored"": 2499, ""no_primary_signal"": 8465, ""stop_loss"": 33805, ""take_profit"": 12478}, ""causal_eligible"": 48913, ""causal_reasons"": {"""": 49279, ""insufficient_history"": 34746}, ""eligible_outcomes"": {""ambiguous"": 131, ""censored"": 2499, ""stop_loss"": 33805, ""take_profit"": 12478}, ""metric_rows"": 42201, ""openings"": 84025, ""primary_accepted"": 48913, ""primary_event"": 75560, ""primary_reasons"": {""no_momentum"": 560, ""primary_history"": 7905, ""signal"": 75560}, ""primary_signals"": 75560}",,,,,,,,,,,,,,,,,,,,,,,,,,
2023Q3,refit,temporal,model,full,,,available,,,,,,,,,,,,,"{""all_outcomes"": {""ambiguous"": 131, ""causally_ineligible"": 26647, ""censored"": 2499, ""no_primary_signal"": 8465, ""stop_loss"": 33805, ""take_profit"": 12478}, ""causal_eligible"": 48913, ""causal_reasons"": {"""": 49279, ""insufficient_history"": 34746}, ""eligible_outcomes"": {""ambiguous"": 131, ""censored"": 2499, ""stop_loss"": 33805, ""take_profit"": 12478}, ""metric_rows"": 42201, ""openings"": 84025, ""primary_accepted"": 48913, ""primary_event"": 75560, ""primary_reasons"": {""no_momentum"": 560, ""primary_history"": 7905, ""signal"": 75560}, ""primary_signals"": 75560}",conclusive_metric_rows,"{""negative"": 30751, ""positive"": 11450, ""rows"": 42201}",0.5839547411099777,0.19748522467849328,0.5279348603567264,0.27679876512824947,"{""thresholds.0.4.precision"": ""no_signals"", ""thresholds.0.5.precision"": ""no_signals""}",,False,no_validation_positives,48913,0,,,,,,,,,,,,,,
2023Q3,refit,temporal,model,sequential_0,0,,available,,,,,,,,,,,,,"{""all_outcomes"": {""ambiguous"": 131, ""causally_ineligible"": 26647, ""censored"": 2499, ""no_primary_signal"": 8465, ""stop_loss"": 33805, ""take_profit"": 12478}, ""causal_eligible"": 48913, ""causal_reasons"": {"""": 49279, ""insufficient_history"": 34746}, ""eligible_outcomes"": {""ambiguous"": 131, ""censored"": 2499, ""stop_loss"": 33805, ""take_profit"": 12478}, ""metric_rows"": 42201, ""openings"": 84025, ""primary_accepted"": 48913, ""primary_event"": 75560, ""primary_reasons"": {""no_momentum"": 560, ""primary_history"": 7905, ""signal"": 75560}, ""primary_signals"": 75560}",conclusive_metric_rows,"{""negative"": 30751, ""positive"": 11450, ""rows"": 42201}",0.5897320645546691,0.19997885911947777,0.5251471070845284,0.29183174180824256,{},,False,no_validation_positives,48913,0,,,,,,,,,,,,,,
2023Q3,refit,temporal,model,sequential_1,1,,available,,,,,,,,,,,,,"{""all_outcomes"": {""ambiguous"": 131, ""causally_ineligible"": 26647, ""censored"": 2499, ""no_primary_signal"": 8465, ""stop_loss"": 33805, ""take_profit"": 12478}, ""causal_eligible"": 48913, ""causal_reasons"": {"""": 49279, ""insufficient_history"": 34746}, ""eligible_outcomes"": {""ambiguous"": 131, ""censored"": 2499, ""stop_loss"": 33805, ""take_profit"": 12478}, ""metric_rows"": 42201, ""openings"": 84025, ""primary_accepted"": 48913, ""primary_event"": 75560, ""primary_reasons"": {""no_momentum"": 560, ""primary_history"": 7905, ""signal"": 75560}, ""primary_signals"": 75560}",conclusive_metric_rows,"{""negative"": 30751, ""positive"": 11450, ""rows"": 42201}",0.5951444838134198,0.2015812985336521,0.48826352364867887,0.2623890888239644,{},,False,no_validation_positives,48913,0,,,,,,,,,,,,,,
2023Q3,refit,temporal,model,uniform_0,0,,available,,,,,,,,,,,,,"{""all_outcomes"": {""ambiguous"": 131, ""causally_ineligible"": 26647, ""censored"": 2499, ""no_primary_signal"": 8465, ""stop_loss"": 33805, ""take_profit"": 12478}, ""causal_eligible"": 48913, ""causal_reasons"": {"""": 49279, ""insufficient_history"": 34746}, ""eligible_outcomes"": {""ambiguous"": 131, ""censored"": 2499, ""stop_loss"": 33805, ""take_profit"": 12478}, ""metric_rows"": 42201, ""openings"": 84025, ""primary_accepted"": 48913, ""primary_event"": 75560, ""primary_reasons"": {""no_momentum"": 560, ""primary_history"": 7905, ""signal"": 75560}, ""primary_signals"": 75560}",conclusive_metric_rows,"{""negative"": 30751, ""positive"": 11450, ""rows"": 42201}",0.5874351451668445,0.19881333022190598,0.5212205546196602,0.28436290554949345,{},,False,no_validation_positives,48913,0,,,,,,,,,,,,,,
2023Q3,refit,temporal,model,uniform_1,1,,available,,,,,,,,,,,,,"{""all_outcomes"": {""ambiguous"": 131, ""causally_ineligible"": 26647, ""censored"": 2499, ""no_primary_signal"": 8465, ""stop_loss"": 33805, ""take_profit"": 12478}, ""causal_eligible"": 48913, ""causal_reasons"": {"""": 49279, ""insufficient_history"": 34746}, ""eligible_outcomes"": {""ambiguous"": 131, ""censored"": 2499, ""stop_loss"": 33805, ""take_profit"": 12478}, ""metric_rows"": 42201, ""openings"": 84025, ""primary_accepted"": 48913, ""primary_event"": 75560, ""primary_reasons"": {""no_momentum"": 560, ""primary_history"": 7905, ""signal"": 75560}, ""primary_signals"": 75560}",conclusive_metric_rows,"{""negative"": 30751, ""positive"": 11450, ""rows"": 42201}",0.5863964485397096,0.19836296651485025,0.5146524151804486,0.28888202494193915,{},,False,no_validation_positives,48913,0,,,,,,,,,,,,,,
2023Q3,refit,temporal,model,weighted_constant,,,available,,,,,,,,,,,,,"{""all_outcomes"": {""ambiguous"": 131, ""causally_ineligible"": 26647, ""censored"": 2499, ""no_primary_signal"": 8465, ""stop_loss"": 33805, ""take_profit"": 12478}, ""causal_eligible"": 48913, ""causal_reasons"": {"""": 49279, ""insufficient_history"": 34746}, ""eligible_outcomes"": {""ambiguous"": 131, ""censored"": 2499, ""stop_loss"": 33805, ""take_profit"": 12478}, ""metric_rows"": 42201, ""openings"": 84025, ""primary_accepted"": 48913, ""primary_event"": 75560, ""primary_reasons"": {""no_momentum"": 560, ""primary_history"": 7905, ""signal"": 75560}, ""primary_signals"": 75560}",conclusive_metric_rows,"{""negative"": 30751, ""positive"": 11450, ""rows"": 42201}",0.5846528351961348,0.19773900583404405,0.5,0.27132058482026494,"{""thresholds.0.3.precision"": ""no_signals"", ""thresholds.0.4.precision"": ""no_signals"", ""thresholds.0.5.precision"": ""no_signals""}",,False,no_validation_positives,48913,0,,,,,,,,,,,,,,
2023Q3,refit,temporal,model,weighted_logistic,,,available,,,,,,,,,,,,,"{""all_outcomes"": {""ambiguous"": 131, ""causally_ineligible"": 26647, ""censored"": 2499, ""no_primary_signal"": 8465, ""stop_loss"": 33805, ""take_profit"": 12478}, ""causal_eligible"": 48913, ""causal_reasons"": {"""": 49279, ""insufficient_history"": 34746}, ""eligible_outcomes"": {""ambiguous"": 131, ""censored"": 2499, ""stop_loss"": 33805, ""take_profit"": 12478}, ""metric_rows"": 42201, ""openings"": 84025, ""primary_accepted"": 48913, ""primary_event"": 75560, ""primary_reasons"": {""no_momentum"": 560, ""primary_history"": 7905, ""signal"": 75560}, ""primary_signals"": 75560}",conclusive_metric_rows,"{""negative"": 30751, ""positive"": 11450, ""rows"": 42201}",0.581848847147821,0.1966305512506539,0.5503651686550045,0.3022100443762341,"{""thresholds.0.4.precision"": ""no_signals"", ""thresholds.0.5.precision"": ""no_signals""}",,False,no_validation_positives,48913,0,,,,,,,,,,,,,,
2023Q3,refit,temporal,paired_sensitivity,sequential_0_minus_full,,,descriptive_not_confidence_interval,,,,,,,,,,,,,,,,,,,,,,,,,,,"{""brier"": {""delete_week_max"": 0.0031426012082275646, ""delete_week_min"": 0.0017920646959922537, ""delta"": 0.002493634440984479}, ""log_loss"": {""delete_week_max"": 0.007482671361636334, ""delete_week_min"": 0.0042698301914308985, ""delta"": 0.005777323444691384}, ""status"": ""descriptive_not_confidence_interval"", ""weekly_support"": [{""negative"": 4001, ""positive"": 1297, ""rows"": 5298, ""week_start_epoch"": 1690761600}, {""negative"": 3877, ""positive"": 1373, ""rows"": 5250, ""week_start_epoch"": 1691366400}, {""negative"": 3516, ""positive"": 1636, ""rows"": 5152, ""week_start_epoch"": 1691971200}, {""negative"": 3581, ""positive"": 1726, ""rows"": 5307, ""week_start_epoch"": 1692576000}, {""negative"": 3854, ""positive"": 1409, ""rows"": 5263, ""week_start_epoch"": 1693180800}, {""negative"": 4000, ""positive"": 1245, ""rows"": 5245, ""week_start_epoch"": 1693785600}, {""negative"": 3781, ""positive"": 1187, ""rows"": 4968, ""week_start_epoch"": 1694390400}, {""negative"": 3913, ""positive"": 1365, ""rows"": 5278, ""week_start_epoch"": 1694995200}, {""negative"": 228, ""positive"": 212, ""rows"": 440, ""week_start_epoch"": 1695600000}], ""weeks"": 9}",,,,,,,,,,,,
2023Q3,refit,temporal,paired_sensitivity,sequential_0_minus_uniform_0,,,descriptive_not_confidence_interval,,,,,,,,,,,,,,,,,,,,,,,,,,,"{""brier"": {""delete_week_max"": 0.00199740874182463, ""delete_week_min"": 0.0005455360233853248, ""delta"": 0.0011655288975717952}, ""log_loss"": {""delete_week_max"": 0.00423276639544251, ""delete_week_min"": 0.0005688691862015507, ""delta"": 0.0022969193878247134}, ""status"": ""descriptive_not_confidence_interval"", ""weekly_support"": [{""negative"": 4001, ""positive"": 1297, ""rows"": 5298, ""week_start_epoch"": 1690761600}, {""negative"": 3877, ""positive"": 1373, ""rows"": 5250, ""week_start_epoch"": 1691366400}, {""negative"": 3516, ""positive"": 1636, ""rows"": 5152, ""week_start_epoch"": 1691971200}, {""negative"": 3581, ""positive"": 1726, ""rows"": 5307, ""week_start_epoch"": 1692576000}, {""negative"": 3854, ""positive"": 1409, ""rows"": 5263, ""week_start_epoch"": 1693180800}, {""negative"": 4000, ""positive"": 1245, ""rows"": 5245, ""week_start_epoch"": 1693785600}, {""negative"": 3781, ""positive"": 1187, ""rows"": 4968, ""week_start_epoch"": 1694390400}, {""negative"": 3913, ""positive"": 1365, ""rows"": 5278, ""week_start_epoch"": 1694995200}, {""negative"": 228, ""positive"": 212, ""rows"": 440, ""week_start_epoch"": 1695600000}], ""weeks"": 9}",,,,,,,,,,,,
2023Q3,refit,temporal,paired_sensitivity,sequential_0_minus_weighted_constant,,,descriptive_not_confidence_interval,,,,,,,,,,,,,,,,,,,,,,,,,,,"{""brier"": {""delete_week_max"": 0.0030893107529741774, ""delete_week_min"": 0.0014378563436858844, ""delta"": 0.002239853285433668}, ""log_loss"": {""delete_week_max"": 0.006983462655028132, ""delete_week_min"": 0.003150549591321247, ""delta"": 0.005079229358534362}, ""status"": ""descriptive_not_confidence_interval"", ""weekly_support"": [{""negative"": 4001, ""positive"": 1297, ""rows"": 5298, ""week_start_epoch"": 1690761600}, {""negative"": 3877, ""positive"": 1373, ""rows"": 5250, ""week_start_epoch"": 1691366400}, {""negative"": 3516, ""positive"": 1636, ""rows"": 5152, ""week_start_epoch"": 1691971200}, {""negative"": 3581, ""positive"": 1726, ""rows"": 5307, ""week_start_epoch"": 1692576000}, {""negative"": 3854, ""positive"": 1409, ""rows"": 5263, ""week_start_epoch"": 1693180800}, {""negative"": 4000, ""positive"": 1245, ""rows"": 5245, ""week_start_epoch"": 1693785600}, {""negative"": 3781, ""positive"": 1187, ""rows"": 4968, ""week_start_epoch"": 1694390400}, {""negative"": 3913, ""positive"": 1365, ""rows"": 5278, ""week_start_epoch"": 1694995200}, {""negative"": 228, ""positive"": 212, ""rows"": 440, ""week_start_epoch"": 1695600000}], ""weeks"": 9}",,,,,,,,,,,,
2023Q3,refit,temporal,paired_sensitivity,sequential_0_minus_weighted_logistic,,,descriptive_not_confidence_interval,,,,,,,,,,,,,,,,,,,,,,,,,,,"{""brier"": {""delete_week_max"": 0.0038150305743755416, ""delete_week_min"": 0.0025435440270706114, ""delta"": 0.0033483078688238696}, ""log_loss"": {""delete_week_max"": 0.009231660392743379, ""delete_week_min"": 0.006094290299770727, ""delta"": 0.007883217406848065}, ""status"": ""descriptive_not_confidence_interval"", ""weekly_support"": [{""negative"": 4001, ""positive"": 1297, ""rows"": 5298, ""week_start_epoch"": 1690761600}, {""negative"": 3877, ""positive"": 1373, ""rows"": 5250, ""week_start_epoch"": 1691366400}, {""negative"": 3516, ""positive"": 1636, ""rows"": 5152, ""week_start_epoch"": 1691971200}, {""negative"": 3581, ""positive"": 1726, ""rows"": 5307, ""week_start_epoch"": 1692576000}, {""negative"": 3854, ""positive"": 1409, ""rows"": 5263, ""week_start_epoch"": 1693180800}, {""negative"": 4000, ""positive"": 1245, ""rows"": 5245, ""week_start_epoch"": 1693785600}, {""negative"": 3781, ""positive"": 1187, ""rows"": 4968, ""week_start_epoch"": 1694390400}, {""negative"": 3913, ""positive"": 1365, ""rows"": 5278, ""week_start_epoch"": 1694995200}, {""negative"": 228, ""positive"": 212, ""rows"": 440, ""week_start_epoch"": 1695600000}], ""weeks"": 9}",,,,,,,,,,,,
2023Q3,refit,temporal,paired_sensitivity,sequential_1_minus_full,,,descriptive_not_confidence_interval,,,,,,,,,,,,,,,,,,,,,,,,,,,"{""brier"": {""delete_week_max"": 0.0046393943824788375, ""delete_week_min"": 0.0035658532806277727, ""delta"": 0.004096073855158773}, ""log_loss"": {""delete_week_max"": 0.012592960620771313, ""delete_week_min"": 0.009605023744877223, ""delta"": 0.011189742703442078}, ""status"": ""descriptive_not_confidence_interval"", ""weekly_support"": [{""negative"": 4001, ""positive"": 1297, ""rows"": 5298, ""week_start_epoch"": 1690761600}, {""negative"": 3877, ""positive"": 1373, ""rows"": 5250, ""week_start_epoch"": 1691366400}, {""negative"": 3516, ""positive"": 1636, ""rows"": 5152, ""week_start_epoch"": 1691971200}, {""negative"": 3581, ""positive"": 1726, ""rows"": 5307, ""week_start_epoch"": 1692576000}, {""negative"": 3854, ""positive"": 1409, ""rows"": 5263, ""week_start_epoch"": 1693180800}, {""negative"": 4000, ""positive"": 1245, ""rows"": 5245, ""week_start_epoch"": 1693785600}, {""negative"": 3781, ""positive"": 1187, ""rows"": 4968, ""week_start_epoch"": 1694390400}, {""negative"": 3913, ""positive"": 1365, ""rows"": 5278, ""week_start_epoch"": 1694995200}, {""negative"": 228, ""positive"": 212, ""rows"": 440, ""week_start_epoch"": 1695600000}], ""weeks"": 9}",,,,,,,,,,,,
2023Q3,refit,temporal,paired_sensitivity,sequential_1_minus_uniform_1,,,descriptive_not_confidence_interval,,,,,,,,,,,,,,,,,,,,,,,,,,,"{""brier"": {""delete_week_max"": 0.0037081577707411763, ""delete_week_min"": 0.002574942464401999, ""delta"": 0.003218332018801849}, ""log_loss"": {""delete_week_max"": 0.009943021047808212, ""delete_week_min"": 0.007164176255063748, ""delta"": 0.008748035273710195}, ""status"": ""descriptive_not_confidence_interval"", ""weekly_support"": [{""negative"": 4001, ""positive"": 1297, ""rows"": 5298, ""week_start_epoch"": 1690761600}, {""negative"": 3877, ""positive"": 1373, ""rows"": 5250, ""week_start_epoch"": 1691366400}, {""negative"": 3516, ""positive"": 1636, ""rows"": 5152, ""week_start_epoch"": 1691971200}, {""negative"": 3581, ""positive"": 1726, ""rows"": 5307, ""week_start_epoch"": 1692576000}, {""negative"": 3854, ""positive"": 1409, ""rows"": 5263, ""week_start_epoch"": 1693180800}, {""negative"": 4000, ""positive"": 1245, ""rows"": 5245, ""week_start_epoch"": 1693785600}, {""negative"": 3781, ""positive"": 1187, ""rows"": 4968, ""week_start_epoch"": 1694390400}, {""negative"": 3913, ""positive"": 1365, ""rows"": 5278, ""week_start_epoch"": 1694995200}, {""negative"": 228, ""positive"": 212, ""rows"": 440, ""week_start_epoch"": 1695600000}], ""weeks"": 9}",,,,,,,,,,,,
2023Q3,refit,temporal,paired_sensitivity,sequential_1_minus_weighted_constant,,,descriptive_not_confidence_interval,,,,,,,,,,,,,,,,,,,,,,,,,,,"{""brier"": {""delete_week_max"": 0.004462125790380296, ""delete_week_min"": 0.0033683615742480947, ""delta"": 0.0038422926996079633}, ""log_loss"": {""delete_week_max"": 0.012087999817460124, ""delete_week_min"": 0.009045525511863519, ""delta"": 0.010491648617285059}, ""status"": ""descriptive_not_confidence_interval"", ""weekly_support"": [{""negative"": 4001, ""positive"": 1297, ""rows"": 5298, ""week_start_epoch"": 1690761600}, {""negative"": 3877, ""positive"": 1373, ""rows"": 5250, ""week_start_epoch"": 1691366400}, {""negative"": 3516, ""positive"": 1636, ""rows"": 5152, ""week_start_epoch"": 1691971200}, {""negative"": 3581, ""positive"": 1726, ""rows"": 5307, ""week_start_epoch"": 1692576000}, {""negative"": 3854, ""positive"": 1409, ""rows"": 5263, ""week_start_epoch"": 1693180800}, {""negative"": 4000, ""positive"": 1245, ""rows"": 5245, ""week_start_epoch"": 1693785600}, {""negative"": 3781, ""positive"": 1187, ""rows"": 4968, ""week_start_epoch"": 1694390400}, {""negative"": 3913, ""positive"": 1365, ""rows"": 5278, ""week_start_epoch"": 1694995200}, {""negative"": 228, ""positive"": 212, ""rows"": 440, ""week_start_epoch"": 1695600000}], ""weeks"": 9}",,,,,,,,,,,,
2023Q3,refit,temporal,paired_sensitivity,sequential_1_minus_weighted_logistic,,,descriptive_not_confidence_interval,,,,,,,,,,,,,,,,,,,,,,,,,,,"{""brier"": {""delete_week_max"": 0.0059923902024927615, ""delete_week_min"": 0.004305999132842909, ""delta"": 0.004950747282998164}, ""log_loss"": {""delete_week_max"": 0.015980486232126917, ""delete_week_min"": 0.011594726020687377, ""delta"": 0.013295636665598756}, ""status"": ""descriptive_not_confidence_interval"", ""weekly_support"": [{""negative"": 4001, ""positive"": 1297, ""rows"": 5298, ""week_start_epoch"": 1690761600}, {""negative"": 3877, ""positive"": 1373, ""rows"": 5250, ""week_start_epoch"": 1691366400}, {""negative"": 3516, ""positive"": 1636, ""rows"": 5152, ""week_start_epoch"": 1691971200}, {""negative"": 3581, ""positive"": 1726, ""rows"": 5307, ""week_start_epoch"": 1692576000}, {""negative"": 3854, ""positive"": 1409, ""rows"": 5263, ""week_start_epoch"": 1693180800}, {""negative"": 4000, ""positive"": 1245, ""rows"": 5245, ""week_start_epoch"": 1693785600}, {""negative"": 3781, ""positive"": 1187, ""rows"": 4968, ""week_start_epoch"": 1694390400}, {""negative"": 3913, ""positive"": 1365, ""rows"": 5278, ""week_start_epoch"": 1694995200}, {""negative"": 228, ""positive"": 212, ""rows"": 440, ""week_start_epoch"": 1695600000}], ""weeks"": 9}",,,,,,,,,,,,
2023Q3,refit,temporal,paired_sensitivity,uniform_0_minus_full,,,descriptive_not_confidence_interval,,,,,,,,,,,,,,,,,,,,,,,,,,,"{""brier"": {""delete_week_max"": 0.0021120277712675197, ""delete_week_min"": 0.0005839210285860183, ""delta"": 0.0013281055434126833}, ""log_loss"": {""delete_week_max"": 0.005468738549691059, ""delete_week_min"": 0.0015212048233876844, ""delta"": 0.003480404056866671}, ""status"": ""descriptive_not_confidence_interval"", ""weekly_support"": [{""negative"": 4001, ""positive"": 1297, ""rows"": 5298, ""week_start_epoch"": 1690761600}, {""negative"": 3877, ""positive"": 1373, ""rows"": 5250, ""week_start_epoch"": 1691366400}, {""negative"": 3516, ""positive"": 1636, ""rows"": 5152, ""week_start_epoch"": 1691971200}, {""negative"": 3581, ""positive"": 1726, ""rows"": 5307, ""week_start_epoch"": 1692576000}, {""negative"": 3854, ""positive"": 1409, ""rows"": 5263, ""week_start_epoch"": 1693180800}, {""negative"": 4000, ""positive"": 1245, ""rows"": 5245, ""week_start_epoch"": 1693785600}, {""negative"": 3781, ""positive"": 1187, ""rows"": 4968, ""week_start_epoch"": 1694390400}, {""negative"": 3913, ""positive"": 1365, ""rows"": 5278, ""week_start_epoch"": 1694995200}, {""negative"": 228, ""positive"": 212, ""rows"": 440, ""week_start_epoch"": 1695600000}], ""weeks"": 9}",,,,,,,,,,,,
2023Q3,refit,temporal,paired_sensitivity,uniform_0_minus_weighted_constant,,,descriptive_not_confidence_interval,,,,,,,,,,,,,,,,,,,,,,,,,,,"{""brier"": {""delete_week_max"": 0.0018437181996462124, ""delete_week_min"": 0.0002488780060391042, ""delta"": 0.0010743243878618728}, ""log_loss"": {""delete_week_max"": 0.00472171406065708, ""delete_week_min"": 0.0006249213707482747, ""delta"": 0.0027823099707096496}, ""status"": ""descriptive_not_confidence_interval"", ""weekly_support"": [{""negative"": 4001, ""positive"": 1297, ""rows"": 5298, ""week_start_epoch"": 1690761600}, {""negative"": 3877, ""positive"": 1373, ""rows"": 5250, ""week_start_epoch"": 1691366400}, {""negative"": 3516, ""positive"": 1636, ""rows"": 5152, ""week_start_epoch"": 1691971200}, {""negative"": 3581, ""positive"": 1726, ""rows"": 5307, ""week_start_epoch"": 1692576000}, {""negative"": 3854, ""positive"": 1409, ""rows"": 5263, ""week_start_epoch"": 1693180800}, {""negative"": 4000, ""positive"": 1245, ""rows"": 5245, ""week_start_epoch"": 1693785600}, {""negative"": 3781, ""positive"": 1187, ""rows"": 4968, ""week_start_epoch"": 1694390400}, {""negative"": 3913, ""positive"": 1365, ""rows"": 5278, ""week_start_epoch"": 1694995200}, {""negative"": 228, ""positive"": 212, ""rows"": 440, ""week_start_epoch"": 1695600000}], ""weeks"": 9}",,,,,,,,,,,,
2023Q3,refit,temporal,paired_sensitivity,uniform_0_minus_weighted_logistic,,,descriptive_not_confidence_interval,,,,,,,,,,,,,,,,,,,,,,,,,,,"{""brier"": {""delete_week_max"": 0.002854311316601126, ""delete_week_min"": 0.001330212830622102, ""delta"": 0.002182778971252075}, ""log_loss"": {""delete_week_max"": 0.007244254949435281, ""delete_week_min"": 0.0033207996651039053, ""delta"": 0.00558629801902335}, ""status"": ""descriptive_not_confidence_interval"", ""weekly_support"": [{""negative"": 4001, ""positive"": 1297, ""rows"": 5298, ""week_start_epoch"": 1690761600}, {""negative"": 3877, ""positive"": 1373, ""rows"": 5250, ""week_start_epoch"": 1691366400}, {""negative"": 3516, ""positive"": 1636, ""rows"": 5152, ""week_start_epoch"": 1691971200}, {""negative"": 3581, ""positive"": 1726, ""rows"": 5307, ""week_start_epoch"": 1692576000}, {""negative"": 3854, ""positive"": 1409, ""rows"": 5263, ""week_start_epoch"": 1693180800}, {""negative"": 4000, ""positive"": 1245, ""rows"": 5245, ""week_start_epoch"": 1693785600}, {""negative"": 3781, ""positive"": 1187, ""rows"": 4968, ""week_start_epoch"": 1694390400}, {""negative"": 3913, ""positive"": 1365, ""rows"": 5278, ""week_start_epoch"": 1694995200}, {""negative"": 228, ""positive"": 212, ""rows"": 440, ""week_start_epoch"": 1695600000}], ""weeks"": 9}",,,,,,,,,,,,
2023Q3,refit,temporal,paired_sensitivity,uniform_1_minus_full,,,descriptive_not_confidence_interval,,,,,,,,,,,,,,,,,,,,,,,,,,,"{""brier"": {""delete_week_max"": 0.0011668691991843665, ""delete_week_min"": 0.00048539268126953364, ""delta"": 0.0008777418363569243}, ""log_loss"": {""delete_week_max"": 0.0032369893220260174, ""delete_week_min"": 0.0014872648055940007, ""delta"": 0.0024417074297318855}, ""status"": ""descriptive_not_confidence_interval"", ""weekly_support"": [{""negative"": 4001, ""positive"": 1297, ""rows"": 5298, ""week_start_epoch"": 1690761600}, {""negative"": 3877, ""positive"": 1373, ""rows"": 5250, ""week_start_epoch"": 1691366400}, {""negative"": 3516, ""positive"": 1636, ""rows"": 5152, ""week_start_epoch"": 1691971200}, {""negative"": 3581, ""positive"": 1726, ""rows"": 5307, ""week_start_epoch"": 1692576000}, {""negative"": 3854, ""positive"": 1409, ""rows"": 5263, ""week_start_epoch"": 1693180800}, {""negative"": 4000, ""positive"": 1245, ""rows"": 5245, ""week_start_epoch"": 1693785600}, {""negative"": 3781, ""positive"": 1187, ""rows"": 4968, ""week_start_epoch"": 1694390400}, {""negative"": 3913, ""positive"": 1365, ""rows"": 5278, ""week_start_epoch"": 1694995200}, {""negative"": 228, ""positive"": 212, ""rows"": 440, ""week_start_epoch"": 1695600000}], ""weeks"": 9}",,,,,,,,,,,,
2023Q3,refit,temporal,paired_sensitivity,uniform_1_minus_weighted_constant,,,descriptive_not_confidence_interval,,,,,,,,,,,,,,,,,,,,,,,,,,,"{""brier"": {""delete_week_max"": 0.0010871637124384237, ""delete_week_min"": 0.00015034965872261943, ""delta"": 0.0006239606808061135}, ""log_loss"": {""delete_week_max"": 0.002828250228862897, ""delete_week_min"": 0.0005909813529545921, ""delta"": 0.0017436133435748638}, ""status"": ""descriptive_not_confidence_interval"", ""weekly_support"": [{""negative"": 4001, ""positive"": 1297, ""rows"": 5298, ""week_start_epoch"": 1690761600}, {""negative"": 3877, ""positive"": 1373, ""rows"": 5250, ""week_start_epoch"": 1691366400}, {""negative"": 3516, ""positive"": 1636, ""rows"": 5152, ""week_start_epoch"": 1691971200}, {""negative"": 3581, ""positive"": 1726, ""rows"": 5307, ""week_start_epoch"": 1692576000}, {""negative"": 3854, ""positive"": 1409, ""rows"": 5263, ""week_start_epoch"": 1693180800}, {""negative"": 4000, ""positive"": 1245, ""rows"": 5245, ""week_start_epoch"": 1693785600}, {""negative"": 3781, ""positive"": 1187, ""rows"": 4968, ""week_start_epoch"": 1694390400}, {""negative"": 3913, ""positive"": 1365, ""rows"": 5278, ""week_start_epoch"": 1694995200}, {""negative"": 228, ""positive"": 212, ""rows"": 440, ""week_start_epoch"": 1695600000}], ""weeks"": 9}",,,,,,,,,,,,
2023Q3,refit,temporal,paired_sensitivity,uniform_1_minus_weighted_logistic,,,descriptive_not_confidence_interval,,,,,,,,,,,,,,,,,,,,,,,,,,,"{""brier"": {""delete_week_max"": 0.002358663750035899, ""delete_week_min"": 0.0012316844833056171, ""delta"": 0.0017324152641963156}, ""log_loss"": {""delete_week_max"": 0.006153965498296734, ""delete_week_min"": 0.003286859647310222, ""delta"": 0.004547601391888565}, ""status"": ""descriptive_not_confidence_interval"", ""weekly_support"": [{""negative"": 4001, ""positive"": 1297, ""rows"": 5298, ""week_start_epoch"": 1690761600}, {""negative"": 3877, ""positive"": 1373, ""rows"": 5250, ""week_start_epoch"": 1691366400}, {""negative"": 3516, ""positive"": 1636, ""rows"": 5152, ""week_start_epoch"": 1691971200}, {""negative"": 3581, ""positive"": 1726, ""rows"": 5307, ""week_start_epoch"": 1692576000}, {""negative"": 3854, ""positive"": 1409, ""rows"": 5263, ""week_start_epoch"": 1693180800}, {""negative"": 4000, ""positive"": 1245, ""rows"": 5245, ""week_start_epoch"": 1693785600}, {""negative"": 3781, ""positive"": 1187, ""rows"": 4968, ""week_start_epoch"": 1694390400}, {""negative"": 3913, ""positive"": 1365, ""rows"": 5278, ""week_start_epoch"": 1694995200}, {""negative"": 228, ""positive"": 212, ""rows"": 440, ""week_start_epoch"": 1695600000}], ""weeks"": 9}",,,,,,,,,,,,
2023Q3,refit,temporal,member_diversity,sequential_0,0,0-1,,,,,,,,,,,,,,,,,,,,,,,,,,,,,0.04584778763318932,0.12552060292712747,,,,,,,,,,
2023Q3,refit,temporal,member_diversity,sequential_0,0,0-2,,,,,,,,,,,,,,,,,,,,,,,,,,,,,-0.08368242037593221,0.09912576561627687,,,,,,,,,,
2023Q3,refit,temporal,member_diversity,sequential_0,0,1-2,,,,,,,,,,,,,,,,,,,,,,,,,,,,,0.46279190697528255,0.09763333072256795,,,,,,,,,,
2023Q3,refit,temporal,member_diversity,sequential_1,1,0-1,,,,,,,,,,,,,,,,,,,,,,,,,,,,,0.04391266998066218,0.10535562573274564,,,,,,,,,,
2023Q3,refit,temporal,member_diversity,sequential_1,1,0-2,,,,,,,,,,,,,,,,,,,,,,,,,,,,,-0.1573392029871489,0.11150632563355171,,,,,,,,,,
2023Q3,refit,temporal,member_diversity,sequential_1,1,1-2,,,,,,,,,,,,,,,,,,,,,,,,,,,,,-0.059558519365287714,0.12150322317109241,,,,,,,,,,
2023Q3,refit,temporal,member_diversity,uniform_0,0,0-1,,,,,,,,,,,,,,,,,,,,,,,,,,,,,-0.039123464605954075,0.10550824708398253,,,,,,,,,,
2023Q3,refit,temporal,member_diversity,uniform_0,0,0-2,,,,,,,,,,,,,,,,,,,,,,,,,,,,,-0.15417429422335233,0.11813563648772892,,,,,,,,,,
2023Q3,refit,temporal,member_diversity,uniform_0,0,1-2,,,,,,,,,,,,,,,,,,,,,,,,,,,,,-0.08103248128109997,0.1267193049356708,,,,,,,,,,
2023Q3,refit,temporal,member_diversity,uniform_1,1,0-1,,,,,,,,,,,,,,,,,,,,,,,,,,,,,-0.07597372393893587,0.09157889578095388,,,,,,,,,,
2023Q3,refit,temporal,member_diversity,uniform_1,1,0-2,,,,,,,,,,,,,,,,,,,,,,,,,,,,,-0.08535746257749738,0.09394883624475023,,,,,,,,,,
2023Q3,refit,temporal,member_diversity,uniform_1,1,1-2,,,,,,,,,,,,,,,,,,,,,,,,,,,,,-0.10640473325891844,0.1024572666665975,,,,,,,,,,
2023Q3,refit,temporal,fit_slot,full,,,succeeded,,,,,,,,,,,,,,,,,,,,,,,,,,,,,,,2023Q3:refit:temporal:full,,False,"{""negative"": 259651, ""positive"": 96348, ""rows"": 355999}",1a811569c8048f0608b287ed19fd7bcd5e2ea3955afc5d5b4d8b958c70e32d80,f57823ad78c5885635da65beb205799b3c9769050ebb184731ac9a29f625c346,0.402573,[19],Individual member scores not recorded in frozen JSON; no new calculation from prediction payloads
2023Q3,refit,temporal,fit_slot,sequential_0,0,0,succeeded,,,,,,,,,,,,,,,,,,,,,,,,,,,,,,,2023Q3:refit:temporal:sequential_0:0,,False,"{""negative"": 381, ""positive"": 131, ""rows"": 512}",c2629a58e5beacb10857ebed3ee2faf85cf889231dcb264fce6b39115082e7fc,d40252b0e0e12df684746d1dd14a058da0d16c709c26ced8a37a6e6db2fff7b5,0.028698,[33],Individual member scores not recorded in frozen JSON; no new calculation from prediction payloads
2023Q3,refit,temporal,fit_slot,sequential_0,0,1,succeeded,,,,,,,,,,,,,,,,,,,,,,,,,,,,,,,2023Q3:refit:temporal:sequential_0:1,,False,"{""negative"": 361, ""positive"": 151, ""rows"": 512}",b2dfb68794b302d912f1490ff1b42f7269e51e33206f1f8a6527f77230ff4ebc,c59fa716f312887686e654ffa872bb6ca6ac268cb60511f35bd23b9f22df157b,0.026388,[32],Individual member scores not recorded in frozen JSON; no new calculation from prediction payloads
2023Q3,refit,temporal,fit_slot,sequential_0,0,2,succeeded,,,,,,,,,,,,,,,,,,,,,,,,,,,,,,,2023Q3:refit:temporal:sequential_0:2,,False,"{""negative"": 359, ""positive"": 153, ""rows"": 512}",f795e6755ce2fba81ef0803d5eed4f7eec6877e985e739eecd37ac8032e4fe10,ad5328fdc1e5b28c1e1160e5823dd076f99e5bad24cb8f8faf02b574cbad44c0,0.027536,[32],Individual member scores not recorded in frozen JSON; no new calculation from prediction payloads
2023Q3,refit,temporal,fit_slot,sequential_1,1,0,succeeded,,,,,,,,,,,,,,,,,,,,,,,,,,,,,,,2023Q3:refit:temporal:sequential_1:0,,False,"{""negative"": 382, ""positive"": 130, ""rows"": 512}",f9a18e63a51ac660e4bb04f54f5206962f6cd3608e20eb76951d3267a69cf45c,4cb0a018597ce41818d5d12012a4704ea14334ef9855f265db93f437b1ca5af7,0.030288,[29],Individual member scores not recorded in frozen JSON; no new calculation from prediction payloads
2023Q3,refit,temporal,fit_slot,sequential_1,1,1,succeeded,,,,,,,,,,,,,,,,,,,,,,,,,,,,,,,2023Q3:refit:temporal:sequential_1:1,,False,"{""negative"": 378, ""positive"": 134, ""rows"": 512}",42d1e75f39ad9d21afde219b953ddabaa31b9c316213aff2bb2834d40bdff4b9,e6518c548eb75cc2f2212b22c5447d76063566015aeacc8fc0933ee01bfd77f2,0.02881,[35],Individual member scores not recorded in frozen JSON; no new calculation from prediction payloads
2023Q3,refit,temporal,fit_slot,sequential_1,1,2,succeeded,,,,,,,,,,,,,,,,,,,,,,,,,,,,,,,2023Q3:refit:temporal:sequential_1:2,,False,"{""negative"": 371, ""positive"": 141, ""rows"": 512}",022eb7566c4505deeaa37131b22c7f54afe5af24d39ca4a9f318fa7365e9e0c2,be2ac830c807b5aa6882d583dcded3f0152b3e70563959725fa319fc9c7f1be9,0.04008,[30],Individual member scores not recorded in frozen JSON; no new calculation from prediction payloads
2023Q3,refit,temporal,fit_slot,uniform_0,0,0,succeeded,,,,,,,,,,,,,,,,,,,,,,,,,,,,,,,2023Q3:refit:temporal:uniform_0:0,,False,"{""negative"": 394, ""positive"": 118, ""rows"": 512}",1971b9ec9661e36becf9ad17a4d72e705634771b48662972b5986a1cdf0c5b17,1d2608ed637e6f10799b9aa447515db0e5ba435c295d32a60cd415ca465369f8,0.028372,[33],Individual member scores not recorded in frozen JSON; no new calculation from prediction payloads
2023Q3,refit,temporal,fit_slot,uniform_0,0,1,succeeded,,,,,,,,,,,,,,,,,,,,,,,,,,,,,,,2023Q3:refit:temporal:uniform_0:1,,False,"{""negative"": 359, ""positive"": 153, ""rows"": 512}",e2bcb2e416cca390c1a72b5c0d08506f63fe9b2f2f72efc1e28bb26b2d749c1e,ceb556759c41ed7d0de1640a0237ecf1ae3e9b591973c014ba29717fadb5e811,0.026976,[29],Individual member scores not recorded in frozen JSON; no new calculation from prediction payloads
2023Q3,refit,temporal,fit_slot,uniform_0,0,2,succeeded,,,,,,,,,,,,,,,,,,,,,,,,,,,,,,,2023Q3:refit:temporal:uniform_0:2,,False,"{""negative"": 373, ""positive"": 139, ""rows"": 512}",a6ab4eebaf041bc15dde8f3cb3ea7b775287d7f0ffc1f5e266c9bd15faafeb08,f5e411f1b93c63560d935ff25182fe4a7f5276f15d2859f66e174bf52a4eb3f3,0.030488,[36],Individual member scores not recorded in frozen JSON; no new calculation from prediction payloads
2023Q3,refit,temporal,fit_slot,uniform_1,1,0,succeeded,,,,,,,,,,,,,,,,,,,,,,,,,,,,,,,2023Q3:refit:temporal:uniform_1:0,,False,"{""negative"": 375, ""positive"": 137, ""rows"": 512}",927ab2807ee7ec821d19895db10eda9f70e22f5247b805597c1a9c87ee67eccf,92475595eef7e4251428fc348c990ac027645a5234204f2928e1357719c0c398,0.027363,[27],Individual member scores not recorded in frozen JSON; no new calculation from prediction payloads
2023Q3,refit,temporal,fit_slot,uniform_1,1,1,succeeded,,,,,,,,,,,,,,,,,,,,,,,,,,,,,,,2023Q3:refit:temporal:uniform_1:1,,False,"{""negative"": 365, ""positive"": 147, ""rows"": 512}",f4c315bee1a1ab3c3571e93651d15149c6667b35ea84a0e3a6c71e8175865994,bd6020000d4473f89634f800f40f9e13beda0fa75d0845d0e16b9fd14256759a,0.027925,[34],Individual member scores not recorded in frozen JSON; no new calculation from prediction payloads
2023Q3,refit,temporal,fit_slot,uniform_1,1,2,succeeded,,,,,,,,,,,,,,,,,,,,,,,,,,,,,,,2023Q3:refit:temporal:uniform_1:2,,False,"{""negative"": 366, ""positive"": 146, ""rows"": 512}",68bcec1778c7428f2a6f783c32212437e2a5324fe8dedc75b5e5494508344dcc,7f9d6a57c00b92a8a4139ae10dacf7281834d1c9e6519eb390ce11b0b9dc32a1,0.027754,[37],Individual member scores not recorded in frozen JSON; no new calculation from prediction payloads
2023Q4,inner,0.0005,primary,primary_unfiltered,,,available,2174,0.4177583697234352,0,1600,1600,574,0.2640294388224471,1.0,0,2174,0,574,"{""all_outcomes"": {""ambiguous"": 131, ""causally_ineligible"": 26647, ""censored"": 2499, ""no_primary_signal"": 8465, ""stop_loss"": 33805, ""take_profit"": 12478}, ""causal_eligible"": 2609, ""causal_reasons"": {"""": 49279, ""insufficient_history"": 34746}, ""eligible_outcomes"": {""ambiguous"": 10, ""censored"": 168, ""stop_loss"": 1791, ""take_profit"": 640}, ""metric_rows"": 2174, ""openings"": 84025, ""primary_accepted"": 2609, ""primary_event"": 3780, ""primary_reasons"": {""no_momentum"": 560, ""primary_history"": 7905, ""signal"": 75560}, ""primary_signals"": 75560}",,,,,,,,,,,,,,,,,,,,,,,,,,
2023Q4,inner,0.0005,model,full,,,available,266,,,,,,,,2343,,,,"{""all_outcomes"": {""ambiguous"": 131, ""causally_ineligible"": 26647, ""censored"": 2499, ""no_primary_signal"": 8465, ""stop_loss"": 33805, ""take_profit"": 12478}, ""causal_eligible"": 2609, ""causal_reasons"": {"""": 49279, ""insufficient_history"": 34746}, ""eligible_outcomes"": {""ambiguous"": 10, ""censored"": 168, ""stop_loss"": 1791, ""take_profit"": 640}, ""metric_rows"": 2174, ""openings"": 84025, ""primary_accepted"": 2609, ""primary_event"": 3780, ""primary_reasons"": {""no_momentum"": 560, ""primary_history"": 7905, ""signal"": 75560}, ""primary_signals"": 75560}",conclusive_metric_rows,"{""negative"": 1600, ""positive"": 574, ""rows"": 2174}",0.577075788142382,0.1942915995759211,0.5213991724738676,0.27412550734584346,"{""thresholds.0.4.precision"": ""no_signals"", ""thresholds.0.5.precision"": ""no_signals""}",0.3,True,,2609,2609,"{""accepted"": 226, ""f1"": 0.1375, ""fn"": 519, ""fp"": 171, ""negative"": 1600, ""positive"": 574, ""precision"": 0.24336283185840707, ""recall"": 0.09581881533101046, ""rejected"": 1948, ""rows"": 2174, ""tn"": 1429, ""tp"": 55}",,,,,,,,,,,,,
2023Q4,inner,0.0005,model,sequential_0,0,,available,729,,,,,,,,1880,,,,"{""all_outcomes"": {""ambiguous"": 131, ""causally_ineligible"": 26647, ""censored"": 2499, ""no_primary_signal"": 8465, ""stop_loss"": 33805, ""take_profit"": 12478}, ""causal_eligible"": 2609, ""causal_reasons"": {"""": 49279, ""insufficient_history"": 34746}, ""eligible_outcomes"": {""ambiguous"": 10, ""censored"": 168, ""stop_loss"": 1791, ""take_profit"": 640}, ""metric_rows"": 2174, ""openings"": 84025, ""primary_accepted"": 2609, ""primary_event"": 3780, ""primary_reasons"": {""no_momentum"": 560, ""primary_history"": 7905, ""signal"": 75560}, ""primary_signals"": 75560}",conclusive_metric_rows,"{""negative"": 1600, ""positive"": 574, ""rows"": 2174}",0.5815230804618919,0.1961922772820005,0.5201306620209059,0.26814214874680775,"{""thresholds.0.5.precision"": ""no_signals""}",0.3,True,,2609,2609,"{""accepted"": 588, ""f1"": 0.27882960413080893, ""fn"": 412, ""fp"": 426, ""negative"": 1600, ""positive"": 574, ""precision"": 0.2755102040816326, ""recall"": 0.28222996515679444, ""rejected"": 1586, ""rows"": 2174, ""tn"": 1174, ""tp"": 162}",,,,,,,,,,,,,
2023Q4,inner,0.0005,model,sequential_1,1,,available,966,,,,,,,,1643,,,,"{""all_outcomes"": {""ambiguous"": 131, ""causally_ineligible"": 26647, ""censored"": 2499, ""no_primary_signal"": 8465, ""stop_loss"": 33805, ""take_profit"": 12478}, ""causal_eligible"": 2609, ""causal_reasons"": {"""": 49279, ""insufficient_history"": 34746}, ""eligible_outcomes"": {""ambiguous"": 10, ""censored"": 168, ""stop_loss"": 1791, ""take_profit"": 640}, ""metric_rows"": 2174, ""openings"": 84025, ""primary_accepted"": 2609, ""primary_event"": 3780, ""primary_reasons"": {""no_momentum"": 560, ""primary_history"": 7905, ""signal"": 75560}, ""primary_signals"": 75560}",conclusive_metric_rows,"{""negative"": 1600, ""positive"": 574, ""rows"": 2174}",0.5798429725000454,0.1954341005316905,0.5355400696864112,0.2917788385847935,{},0.3,True,,2609,2609,"{""accepted"": 813, ""f1"": 0.3446286950252343, ""fn"": 335, ""fp"": 574, ""negative"": 1600, ""positive"": 574, ""precision"": 0.2939729397293973, ""recall"": 0.4163763066202091, ""rejected"": 1361, ""rows"": 2174, ""tn"": 1026, ""tp"": 239}",,,,,,,,,,,,,
2023Q4,inner,0.0005,model,uniform_0,0,,available,1029,,,,,,,,1580,,,,"{""all_outcomes"": {""ambiguous"": 131, ""causally_ineligible"": 26647, ""censored"": 2499, ""no_primary_signal"": 8465, ""stop_loss"": 33805, ""take_profit"": 12478}, ""causal_eligible"": 2609, ""causal_reasons"": {"""": 49279, ""insufficient_history"": 34746}, ""eligible_outcomes"": {""ambiguous"": 10, ""censored"": 168, ""stop_loss"": 1791, ""take_profit"": 640}, ""metric_rows"": 2174, ""openings"": 84025, ""primary_accepted"": 2609, ""primary_event"": 3780, ""primary_reasons"": {""no_momentum"": 560, ""primary_history"": 7905, ""signal"": 75560}, ""primary_signals"": 75560}",conclusive_metric_rows,"{""negative"": 1600, ""positive"": 574, ""rows"": 2174}",0.5807183079387745,0.19590103602955036,0.5303103222996516,0.2771533112656097,"{""thresholds.0.5.precision"": ""no_signals""}",0.3,True,,2609,2609,"{""accepted"": 871, ""f1"": 0.33771626297577856, ""fn"": 330, ""fp"": 627, ""negative"": 1600, ""positive"": 574, ""precision"": 0.2801377726750861, ""recall"": 0.4250871080139373, ""rejected"": 1303, ""rows"": 2174, ""tn"": 973, ""tp"": 244}",,,,,,,,,,,,,
2023Q4,inner,0.0005,model,uniform_1,1,,available,851,,,,,,,,1758,,,,"{""all_outcomes"": {""ambiguous"": 131, ""causally_ineligible"": 26647, ""censored"": 2499, ""no_primary_signal"": 8465, ""stop_loss"": 33805, ""take_profit"": 12478}, ""causal_eligible"": 2609, ""causal_reasons"": {"""": 49279, ""insufficient_history"": 34746}, ""eligible_outcomes"": {""ambiguous"": 10, ""censored"": 168, ""stop_loss"": 1791, ""take_profit"": 640}, ""metric_rows"": 2174, ""openings"": 84025, ""primary_accepted"": 2609, ""primary_event"": 3780, ""primary_reasons"": {""no_momentum"": 560, ""primary_history"": 7905, ""signal"": 75560}, ""primary_signals"": 75560}",conclusive_metric_rows,"{""negative"": 1600, ""positive"": 574, ""rows"": 2174}",0.5861156101460189,0.19821311179475795,0.49653963414634145,0.2588269428267232,{},0.3,True,,2609,2609,"{""accepted"": 706, ""f1"": 0.2671875, ""fn"": 403, ""fp"": 535, ""negative"": 1600, ""positive"": 574, ""precision"": 0.24220963172804533, ""recall"": 0.2979094076655052, ""rejected"": 1468, ""rows"": 2174, ""tn"": 1065, ""tp"": 171}",,,,,,,,,,,,,
2023Q4,inner,0.0005,model,weighted_constant,,,available,0,,,,,,,,2609,,,,"{""all_outcomes"": {""ambiguous"": 131, ""causally_ineligible"": 26647, ""censored"": 2499, ""no_primary_signal"": 8465, ""stop_loss"": 33805, ""take_profit"": 12478}, ""causal_eligible"": 2609, ""causal_reasons"": {"""": 49279, ""insufficient_history"": 34746}, ""eligible_outcomes"": {""ambiguous"": 10, ""censored"": 168, ""stop_loss"": 1791, ""take_profit"": 640}, ""metric_rows"": 2174, ""openings"": 84025, ""primary_accepted"": 2609, ""primary_event"": 3780, ""primary_reasons"": {""no_momentum"": 560, ""primary_history"": 7905, ""signal"": 75560}, ""primary_signals"": 75560}",conclusive_metric_rows,"{""negative"": 1600, ""positive"": 574, ""rows"": 2174}",0.5772563146898553,0.1943283582636157,0.5,0.2640294388224471,"{""thresholds.0.3.precision"": ""no_signals"", ""thresholds.0.4.precision"": ""no_signals"", ""thresholds.0.5.precision"": ""no_signals""}",0.5,True,,2609,2609,"{""accepted"": 0, ""f1"": 0.0, ""fn"": 574, ""fp"": 0, ""negative"": 1600, ""positive"": 574, ""precision"": null, ""recall"": 0.0, ""rejected"": 2174, ""rows"": 2174, ""tn"": 1600, ""tp"": 0}",,,,,,,,,,,,,
2023Q4,inner,0.0005,model,weighted_logistic,,,available,393,,,,,,,,2216,,,,"{""all_outcomes"": {""ambiguous"": 131, ""causally_ineligible"": 26647, ""censored"": 2499, ""no_primary_signal"": 8465, ""stop_loss"": 33805, ""take_profit"": 12478}, ""causal_eligible"": 2609, ""causal_reasons"": {"""": 49279, ""insufficient_history"": 34746}, ""eligible_outcomes"": {""ambiguous"": 10, ""censored"": 168, ""stop_loss"": 1791, ""take_profit"": 640}, ""metric_rows"": 2174, ""openings"": 84025, ""primary_accepted"": 2609, ""primary_event"": 3780, ""primary_reasons"": {""no_momentum"": 560, ""primary_history"": 7905, ""signal"": 75560}, ""primary_signals"": 75560}",conclusive_metric_rows,"{""negative"": 1600, ""positive"": 574, ""rows"": 2174}",0.5731938980463053,0.19274563006563253,0.5703712979094077,0.304948420379744,"{""thresholds.0.4.precision"": ""no_signals"", ""thresholds.0.5.precision"": ""no_signals""}",0.3,True,,2609,2609,"{""accepted"": 360, ""f1"": 0.26124197002141325, ""fn"": 452, ""fp"": 238, ""negative"": 1600, ""positive"": 574, ""precision"": 0.3388888888888889, ""recall"": 0.21254355400696864, ""rejected"": 1814, ""rows"": 2174, ""tn"": 1362, ""tp"": 122}",,,,,,,,,,,,,
2023Q4,inner,0.0005,paired_sensitivity,sequential_0_minus_full,,,descriptive_not_confidence_interval,,,,,,,,,,,,,,,,,,,,,,,,,,,"{""brier"": {""delete_week_max"": 0.0025137166116055306, ""delete_week_min"": 0.0011639078480745716, ""delta"": 0.0019006777060794477}, ""log_loss"": {""delete_week_max"": 0.005970257783842059, ""delete_week_min"": 0.002508295613665392, ""delta"": 0.004447292319509927}, ""status"": ""descriptive_not_confidence_interval"", ""weekly_support"": [{""negative"": 244, ""positive"": 82, ""rows"": 326, ""week_start_epoch"": 1690761600}, {""negative"": 201, ""positive"": 67, ""rows"": 268, ""week_start_epoch"": 1691366400}, {""negative"": 186, ""positive"": 75, ""rows"": 261, ""week_start_epoch"": 1691971200}, {""negative"": 193, ""positive"": 73, ""rows"": 266, ""week_start_epoch"": 1692576000}, {""negative"": 209, ""positive"": 89, ""rows"": 298, ""week_start_epoch"": 1693180800}, {""negative"": 164, ""positive"": 68, ""rows"": 232, ""week_start_epoch"": 1693785600}, {""negative"": 192, ""positive"": 38, ""rows"": 230, ""week_start_epoch"": 1694390400}, {""negative"": 200, ""positive"": 64, ""rows"": 264, ""week_start_epoch"": 1694995200}, {""negative"": 11, ""positive"": 18, ""rows"": 29, ""week_start_epoch"": 1695600000}], ""weeks"": 9}",,,,,,,,,,,,
2023Q4,inner,0.0005,paired_sensitivity,sequential_0_minus_uniform_0,,,descriptive_not_confidence_interval,,,,,,,,,,,,,,,,,,,,,,,,,,,"{""brier"": {""delete_week_max"": 0.0013857926388343629, ""delete_week_min"": -0.0006432494313136364, ""delta"": 0.0002912412524501498}, ""log_loss"": {""delete_week_max"": 0.0034643242061739078, ""delete_week_min"": -0.0016926622074606215, ""delta"": 0.0008047725231173015}, ""status"": ""descriptive_not_confidence_interval"", ""weekly_support"": [{""negative"": 244, ""positive"": 82, ""rows"": 326, ""week_start_epoch"": 1690761600}, {""negative"": 201, ""positive"": 67, ""rows"": 268, ""week_start_epoch"": 1691366400}, {""negative"": 186, ""positive"": 75, ""rows"": 261, ""week_start_epoch"": 1691971200}, {""negative"": 193, ""positive"": 73, ""rows"": 266, ""week_start_epoch"": 1692576000}, {""negative"": 209, ""positive"": 89, ""rows"": 298, ""week_start_epoch"": 1693180800}, {""negative"": 164, ""positive"": 68, ""rows"": 232, ""week_start_epoch"": 1693785600}, {""negative"": 192, ""positive"": 38, ""rows"": 230, ""week_start_epoch"": 1694390400}, {""negative"": 200, ""positive"": 64, ""rows"": 264, ""week_start_epoch"": 1694995200}, {""negative"": 11, ""positive"": 18, ""rows"": 29, ""week_start_epoch"": 1695600000}], ""weeks"": 9}",,,,,,,,,,,,
2023Q4,inner,0.0005,paired_sensitivity,sequential_0_minus_weighted_constant,,,descriptive_not_confidence_interval,,,,,,,,,,,,,,,,,,,,,,,,,,,"{""brier"": {""delete_week_max"": 0.002704577034402359, ""delete_week_min"": 0.0012926264426518113, ""delta"": 0.0018639190183848378}, ""log_loss"": {""delete_week_max"": 0.006315980241376559, ""delete_week_min"": 0.0027959660894418385, ""delta"": 0.004266765772036697}, ""status"": ""descriptive_not_confidence_interval"", ""weekly_support"": [{""negative"": 244, ""positive"": 82, ""rows"": 326, ""week_start_epoch"": 1690761600}, {""negative"": 201, ""positive"": 67, ""rows"": 268, ""week_start_epoch"": 1691366400}, {""negative"": 186, ""positive"": 75, ""rows"": 261, ""week_start_epoch"": 1691971200}, {""negative"": 193, ""positive"": 73, ""rows"": 266, ""week_start_epoch"": 1692576000}, {""negative"": 209, ""positive"": 89, ""rows"": 298, ""week_start_epoch"": 1693180800}, {""negative"": 164, ""positive"": 68, ""rows"": 232, ""week_start_epoch"": 1693785600}, {""negative"": 192, ""positive"": 38, ""rows"": 230, ""week_start_epoch"": 1694390400}, {""negative"": 200, ""positive"": 64, ""rows"": 264, ""week_start_epoch"": 1694995200}, {""negative"": 11, ""positive"": 18, ""rows"": 29, ""week_start_epoch"": 1695600000}], ""weeks"": 9}",,,,,,,,,,,,
2023Q4,inner,0.0005,paired_sensitivity,sequential_0_minus_weighted_logistic,,,descriptive_not_confidence_interval,,,,,,,,,,,,,,,,,,,,,,,,,,,"{""brier"": {""delete_week_max"": 0.004074526604788626, ""delete_week_min"": 0.0025520467454142742, ""delta"": 0.003446647216368023}, ""log_loss"": {""delete_week_max"": 0.01021174266668739, ""delete_week_min"": 0.006024270890913243, ""delta"": 0.008329182415586613}, ""status"": ""descriptive_not_confidence_interval"", ""weekly_support"": [{""negative"": 244, ""positive"": 82, ""rows"": 326, ""week_start_epoch"": 1690761600}, {""negative"": 201, ""positive"": 67, ""rows"": 268, ""week_start_epoch"": 1691366400}, {""negative"": 186, ""positive"": 75, ""rows"": 261, ""week_start_epoch"": 1691971200}, {""negative"": 193, ""positive"": 73, ""rows"": 266, ""week_start_epoch"": 1692576000}, {""negative"": 209, ""positive"": 89, ""rows"": 298, ""week_start_epoch"": 1693180800}, {""negative"": 164, ""positive"": 68, ""rows"": 232, ""week_start_epoch"": 1693785600}, {""negative"": 192, ""positive"": 38, ""rows"": 230, ""week_start_epoch"": 1694390400}, {""negative"": 200, ""positive"": 64, ""rows"": 264, ""week_start_epoch"": 1694995200}, {""negative"": 11, ""positive"": 18, ""rows"": 29, ""week_start_epoch"": 1695600000}], ""weeks"": 9}",,,,,,,,,,,,
2023Q4,inner,0.0005,paired_sensitivity,sequential_1_minus_full,,,descriptive_not_confidence_interval,,,,,,,,,,,,,,,,,,,,,,,,,,,"{""brier"": {""delete_week_max"": 0.0015409175532898815, ""delete_week_min"": 0.0005808527954389603, ""delta"": 0.0011425009557694094}, ""log_loss"": {""delete_week_max"": 0.0036812993193278834, ""delete_week_min"": 0.0013203633303414525, ""delta"": 0.0027671843576634056}, ""status"": ""descriptive_not_confidence_interval"", ""weekly_support"": [{""negative"": 244, ""positive"": 82, ""rows"": 326, ""week_start_epoch"": 1690761600}, {""negative"": 201, ""positive"": 67, ""rows"": 268, ""week_start_epoch"": 1691366400}, {""negative"": 186, ""positive"": 75, ""rows"": 261, ""week_start_epoch"": 1691971200}, {""negative"": 193, ""positive"": 73, ""rows"": 266, ""week_start_epoch"": 1692576000}, {""negative"": 209, ""positive"": 89, ""rows"": 298, ""week_start_epoch"": 1693180800}, {""negative"": 164, ""positive"": 68, ""rows"": 232, ""week_start_epoch"": 1693785600}, {""negative"": 192, ""positive"": 38, ""rows"": 230, ""week_start_epoch"": 1694390400}, {""negative"": 200, ""positive"": 64, ""rows"": 264, ""week_start_epoch"": 1694995200}, {""negative"": 11, ""positive"": 18, ""rows"": 29, ""week_start_epoch"": 1695600000}], ""weeks"": 9}",,,,,,,,,,,,
2023Q4,inner,0.0005,paired_sensitivity,sequential_1_minus_uniform_1,,,descriptive_not_confidence_interval,,,,,,,,,,,,,,,,,,,,,,,,,,,"{""brier"": {""delete_week_max"": -0.0019163558409108765, ""delete_week_min"": -0.0037502915143708473, ""delta"": -0.0027790112630674507}, ""log_loss"": {""delete_week_max"": -0.004141321684728899, ""delete_week_min"": -0.008879283515667238, ""delta"": -0.006272637645973525}, ""status"": ""descriptive_not_confidence_interval"", ""weekly_support"": [{""negative"": 244, ""positive"": 82, ""rows"": 326, ""week_start_epoch"": 1690761600}, {""negative"": 201, ""positive"": 67, ""rows"": 268, ""week_start_epoch"": 1691366400}, {""negative"": 186, ""positive"": 75, ""rows"": 261, ""week_start_epoch"": 1691971200}, {""negative"": 193, ""positive"": 73, ""rows"": 266, ""week_start_epoch"": 1692576000}, {""negative"": 209, ""positive"": 89, ""rows"": 298, ""week_start_epoch"": 1693180800}, {""negative"": 164, ""positive"": 68, ""rows"": 232, ""week_start_epoch"": 1693785600}, {""negative"": 192, ""positive"": 38, ""rows"": 230, ""week_start_epoch"": 1694390400}, {""negative"": 200, ""positive"": 64, ""rows"": 264, ""week_start_epoch"": 1694995200}, {""negative"": 11, ""positive"": 18, ""rows"": 29, ""week_start_epoch"": 1695600000}], ""weeks"": 9}",,,,,,,,,,,,
2023Q4,inner,0.0005,paired_sensitivity,sequential_1_minus_weighted_constant,,,descriptive_not_confidence_interval,,,,,,,,,,,,,,,,,,,,,,,,,,,"{""brier"": {""delete_week_max"": 0.001845876052974704, ""delete_week_min"": 0.0005007332978653425, ""delta"": 0.0011057422680748003}, ""log_loss"": {""delete_week_max"": 0.004268520537450147, ""delete_week_min"": 0.001064831160412758, ""delta"": 0.0025866578101901776}, ""status"": ""descriptive_not_confidence_interval"", ""weekly_support"": [{""negative"": 244, ""positive"": 82, ""rows"": 326, ""week_start_epoch"": 1690761600}, {""negative"": 201, ""positive"": 67, ""rows"": 268, ""week_start_epoch"": 1691366400}, {""negative"": 186, ""positive"": 75, ""rows"": 261, ""week_start_epoch"": 1691971200}, {""negative"": 193, ""positive"": 73, ""rows"": 266, ""week_start_epoch"": 1692576000}, {""negative"": 209, ""positive"": 89, ""rows"": 298, ""week_start_epoch"": 1693180800}, {""negative"": 164, ""positive"": 68, ""rows"": 232, ""week_start_epoch"": 1693785600}, {""negative"": 192, ""positive"": 38, ""rows"": 230, ""week_start_epoch"": 1694390400}, {""negative"": 200, ""positive"": 64, ""rows"": 264, ""week_start_epoch"": 1694995200}, {""negative"": 11, ""positive"": 18, ""rows"": 29, ""week_start_epoch"": 1695600000}], ""weeks"": 9}",,,,,,,,,,,,
2023Q4,inner,0.0005,paired_sensitivity,sequential_1_minus_weighted_logistic,,,descriptive_not_confidence_interval,,,,,,,,,,,,,,,,,,,,,,,,,,,"{""brier"": {""delete_week_max"": 0.0031557512117104817, ""delete_week_min"": 0.00184211336996631, ""delta"": 0.0026884704660579853}, ""log_loss"": {""delete_week_max"": 0.007886364537643183, ""delete_week_min"": 0.004440880827208533, ""delta"": 0.006649074453740093}, ""status"": ""descriptive_not_confidence_interval"", ""weekly_support"": [{""negative"": 244, ""positive"": 82, ""rows"": 326, ""week_start_epoch"": 1690761600}, {""negative"": 201, ""positive"": 67, ""rows"": 268, ""week_start_epoch"": 1691366400}, {""negative"": 186, ""positive"": 75, ""rows"": 261, ""week_start_epoch"": 1691971200}, {""negative"": 193, ""positive"": 73, ""rows"": 266, ""week_start_epoch"": 1692576000}, {""negative"": 209, ""positive"": 89, ""rows"": 298, ""week_start_epoch"": 1693180800}, {""negative"": 164, ""positive"": 68, ""rows"": 232, ""week_start_epoch"": 1693785600}, {""negative"": 192, ""positive"": 38, ""rows"": 230, ""week_start_epoch"": 1694390400}, {""negative"": 200, ""positive"": 64, ""rows"": 264, ""week_start_epoch"": 1694995200}, {""negative"": 11, ""positive"": 18, ""rows"": 29, ""week_start_epoch"": 1695600000}], ""weeks"": 9}",,,,,,,,,,,,
2023Q4,inner,0.0005,paired_sensitivity,uniform_0_minus_full,,,descriptive_not_confidence_interval,,,,,,,,,,,,,,,,,,,,,,,,,,,"{""brier"": {""delete_week_max"": 0.0023716796778113377, ""delete_week_min"": 0.00044504541587102716, ""delta"": 0.0016094364536292974}, ""log_loss"": {""delete_week_max"": 0.005478796580846761, ""delete_week_min"": 0.0006849063828874158, ""delta"": 0.003642519796392625}, ""status"": ""descriptive_not_confidence_interval"", ""weekly_support"": [{""negative"": 244, ""positive"": 82, ""rows"": 326, ""week_start_epoch"": 1690761600}, {""negative"": 201, ""positive"": 67, ""rows"": 268, ""week_start_epoch"": 1691366400}, {""negative"": 186, ""positive"": 75, ""rows"": 261, ""week_start_epoch"": 1691971200}, {""negative"": 193, ""positive"": 73, ""rows"": 266, ""week_start_epoch"": 1692576000}, {""negative"": 209, ""positive"": 89, ""rows"": 298, ""week_start_epoch"": 1693180800}, {""negative"": 164, ""positive"": 68, ""rows"": 232, ""week_start_epoch"": 1693785600}, {""negative"": 192, ""positive"": 38, ""rows"": 230, ""week_start_epoch"": 1694390400}, {""negative"": 200, ""positive"": 64, ""rows"": 264, ""week_start_epoch"": 1694995200}, {""negative"": 11, ""positive"": 18, ""rows"": 29, ""week_start_epoch"": 1695600000}], ""weeks"": 9}",,,,,,,,,,,,
2023Q4,inner,0.0005,paired_sensitivity,uniform_0_minus_weighted_constant,,,descriptive_not_confidence_interval,,,,,,,,,,,,,,,,,,,,,,,,,,,"{""brier"": {""delete_week_max"": 0.002562540100608166, ""delete_week_min"": 9.56059602345846e-05, ""delta"": 0.001572677765934688}, ""log_loss"": {""delete_week_max"": 0.005863847326754672, ""delete_week_min"": -0.0003010063130008427, ""delta"": 0.0034619932489193955}, ""status"": ""descriptive_not_confidence_interval"", ""weekly_support"": [{""negative"": 244, ""positive"": 82, ""rows"": 326, ""week_start_epoch"": 1690761600}, {""negative"": 201, ""positive"": 67, ""rows"": 268, ""week_start_epoch"": 1691366400}, {""negative"": 186, ""positive"": 75, ""rows"": 261, ""week_start_epoch"": 1691971200}, {""negative"": 193, ""positive"": 73, ""rows"": 266, ""week_start_epoch"": 1692576000}, {""negative"": 209, ""positive"": 89, ""rows"": 298, ""week_start_epoch"": 1693180800}, {""negative"": 164, ""positive"": 68, ""rows"": 232, ""week_start_epoch"": 1693785600}, {""negative"": 192, ""positive"": 38, ""rows"": 230, ""week_start_epoch"": 1694390400}, {""negative"": 200, ""positive"": 64, ""rows"": 264, ""week_start_epoch"": 1694995200}, {""negative"": 11, ""positive"": 18, ""rows"": 29, ""week_start_epoch"": 1695600000}], ""weeks"": 9}",,,,,,,,,,,,
2023Q4,inner,0.0005,paired_sensitivity,uniform_0_minus_weighted_logistic,,,descriptive_not_confidence_interval,,,,,,,,,,,,,,,,,,,,,,,,,,,"{""brier"": {""delete_week_max"": 0.003932489670994433, ""delete_week_min"": 0.002509276590747476, ""delta"": 0.003155405963917873}, ""log_loss"": {""delete_week_max"": 0.009428552266190842, ""delete_week_min"": 0.005914383376000919, ""delta"": 0.007524409892469311}, ""status"": ""descriptive_not_confidence_interval"", ""weekly_support"": [{""negative"": 244, ""positive"": 82, ""rows"": 326, ""week_start_epoch"": 1690761600}, {""negative"": 201, ""positive"": 67, ""rows"": 268, ""week_start_epoch"": 1691366400}, {""negative"": 186, ""positive"": 75, ""rows"": 261, ""week_start_epoch"": 1691971200}, {""negative"": 193, ""positive"": 73, ""rows"": 266, ""week_start_epoch"": 1692576000}, {""negative"": 209, ""positive"": 89, ""rows"": 298, ""week_start_epoch"": 1693180800}, {""negative"": 164, ""positive"": 68, ""rows"": 232, ""week_start_epoch"": 1693785600}, {""negative"": 192, ""positive"": 38, ""rows"": 230, ""week_start_epoch"": 1694390400}, {""negative"": 200, ""positive"": 64, ""rows"": 264, ""week_start_epoch"": 1694995200}, {""negative"": 11, ""positive"": 18, ""rows"": 29, ""week_start_epoch"": 1695600000}], ""weeks"": 9}",,,,,,,,,,,,
2023Q4,inner,0.0005,paired_sensitivity,uniform_1_minus_full,,,descriptive_not_confidence_interval,,,,,,,,,,,,,,,,,,,,,,,,,,,"{""brier"": {""delete_week_max"": 0.004708626957273856, ""delete_week_min"": 0.0032758504079717955, ""delta"": 0.0039215122188368595}, ""log_loss"": {""delete_week_max"": 0.011001679523524436, ""delete_week_min"": 0.007690835719066764, ""delta"": 0.009039822003636932}, ""status"": ""descriptive_not_confidence_interval"", ""weekly_support"": [{""negative"": 244, ""positive"": 82, ""rows"": 326, ""week_start_epoch"": 1690761600}, {""negative"": 201, ""positive"": 67, ""rows"": 268, ""week_start_epoch"": 1691366400}, {""negative"": 186, ""positive"": 75, ""rows"": 261, ""week_start_epoch"": 1691971200}, {""negative"": 193, ""positive"": 73, ""rows"": 266, ""week_start_epoch"": 1692576000}, {""negative"": 209, ""positive"": 89, ""rows"": 298, ""week_start_epoch"": 1693180800}, {""negative"": 164, ""positive"": 68, ""rows"": 232, ""week_start_epoch"": 1693785600}, {""negative"": 192, ""positive"": 38, ""rows"": 230, ""week_start_epoch"": 1694390400}, {""negative"": 200, ""positive"": 64, ""rows"": 264, ""week_start_epoch"": 1694995200}, {""negative"": 11, ""positive"": 18, ""rows"": 29, ""week_start_epoch"": 1695600000}], ""weeks"": 9}",,,,,,,,,,,,
2023Q4,inner,0.0005,paired_sensitivity,uniform_1_minus_weighted_constant,,,descriptive_not_confidence_interval,,,,,,,,,,,,,,,,,,,,,,,,,,,"{""brier"": {""delete_week_max"": 0.0046939462798811955, ""delete_week_min"": 0.003093461495868924, ""delta"": 0.0038847535311422507}, ""log_loss"": {""delete_week_max"": 0.011048045809506794, ""delete_week_min"": 0.007133243339972161, ""delta"": 0.008859295456163702}, ""status"": ""descriptive_not_confidence_interval"", ""weekly_support"": [{""negative"": 244, ""positive"": 82, ""rows"": 326, ""week_start_epoch"": 1690761600}, {""negative"": 201, ""positive"": 67, ""rows"": 268, ""week_start_epoch"": 1691366400}, {""negative"": 186, ""positive"": 75, ""rows"": 261, ""week_start_epoch"": 1691971200}, {""negative"": 193, ""positive"": 73, ""rows"": 266, ""week_start_epoch"": 1692576000}, {""negative"": 209, ""positive"": 89, ""rows"": 298, ""week_start_epoch"": 1693180800}, {""negative"": 164, ""positive"": 68, ""rows"": 232, ""week_start_epoch"": 1693785600}, {""negative"": 192, ""positive"": 38, ""rows"": 230, ""week_start_epoch"": 1694390400}, {""negative"": 200, ""positive"": 64, ""rows"": 264, ""week_start_epoch"": 1694995200}, {""negative"": 11, ""positive"": 18, ""rows"": 29, ""week_start_epoch"": 1695600000}], ""weeks"": 9}",,,,,,,,,,,,
2023Q4,inner,0.0005,paired_sensitivity,uniform_1_minus_weighted_logistic,,,descriptive_not_confidence_interval,,,,,,,,,,,,,,,,,,,,,,,,,,,"{""brier"": {""delete_week_max"": 0.006197651383800568, ""delete_week_min"": 0.00461111842128424, ""delta"": 0.005467481729125435}, ""log_loss"": {""delete_week_max"": 0.01474123405735975, ""delete_week_min"": 0.011003583560036915, ""delta"": 0.012921712099713618}, ""status"": ""descriptive_not_confidence_interval"", ""weekly_support"": [{""negative"": 244, ""positive"": 82, ""rows"": 326, ""week_start_epoch"": 1690761600}, {""negative"": 201, ""positive"": 67, ""rows"": 268, ""week_start_epoch"": 1691366400}, {""negative"": 186, ""positive"": 75, ""rows"": 261, ""week_start_epoch"": 1691971200}, {""negative"": 193, ""positive"": 73, ""rows"": 266, ""week_start_epoch"": 1692576000}, {""negative"": 209, ""positive"": 89, ""rows"": 298, ""week_start_epoch"": 1693180800}, {""negative"": 164, ""positive"": 68, ""rows"": 232, ""week_start_epoch"": 1693785600}, {""negative"": 192, ""positive"": 38, ""rows"": 230, ""week_start_epoch"": 1694390400}, {""negative"": 200, ""positive"": 64, ""rows"": 264, ""week_start_epoch"": 1694995200}, {""negative"": 11, ""positive"": 18, ""rows"": 29, ""week_start_epoch"": 1695600000}], ""weeks"": 9}",,,,,,,,,,,,
2023Q4,inner,0.0005,member_diversity,sequential_0,0,0-1,,,,,,,,,,,,,,,,,,,,,,,,,,,,,0.06043057683657667,0.10290718376891934,,,,,,,,,,
2023Q4,inner,0.0005,member_diversity,sequential_0,0,0-2,,,,,,,,,,,,,,,,,,,,,,,,,,,,,-0.12775811792846997,0.11637833647634292,,,,,,,,,,
2023Q4,inner,0.0005,member_diversity,sequential_0,0,1-2,,,,,,,,,,,,,,,,,,,,,,,,,,,,,-0.0010196648405944024,0.11638429057425372,,,,,,,,,,
2023Q4,inner,0.0005,member_diversity,sequential_1,1,0-1,,,,,,,,,,,,,,,,,,,,,,,,,,,,,0.0949177159934636,0.09865709894658597,,,,,,,,,,
2023Q4,inner,0.0005,member_diversity,sequential_1,1,0-2,,,,,,,,,,,,,,,,,,,,,,,,,,,,,0.09745277990691337,0.11684446754564236,,,,,,,,,,
2023Q4,inner,0.0005,member_diversity,sequential_1,1,1-2,,,,,,,,,,,,,,,,,,,,,,,,,,,,,0.045291067487890406,0.11185328123652767,,,,,,,,,,
2023Q4,inner,0.0005,member_diversity,uniform_0,0,0-1,,,,,,,,,,,,,,,,,,,,,,,,,,,,,0.06742485505222819,0.1164295420216103,,,,,,,,,,
2023Q4,inner,0.0005,member_diversity,uniform_0,0,0-2,,,,,,,,,,,,,,,,,,,,,,,,,,,,,0.16390110791364648,0.10378702186009425,,,,,,,,,,
2023Q4,inner,0.0005,member_diversity,uniform_0,0,1-2,,,,,,,,,,,,,,,,,,,,,,,,,,,,,-0.19286786898727465,0.12614323145573977,,,,,,,,,,
2023Q4,inner,0.0005,member_diversity,uniform_1,1,0-1,,,,,,,,,,,,,,,,,,,,,,,,,,,,,0.26785971289717886,0.09229626599017463,,,,,,,,,,
2023Q4,inner,0.0005,member_diversity,uniform_1,1,0-2,,,,,,,,,,,,,,,,,,,,,,,,,,,,,0.09349001204646826,0.09265090416032723,,,,,,,,,,
2023Q4,inner,0.0005,member_diversity,uniform_1,1,1-2,,,,,,,,,,,,,,,,,,,,,,,,,,,,,-0.04671333388677225,0.116011007459602,,,,,,,,,,
2023Q4,inner,0.0005,fit_slot,full,,,succeeded,,,,,,,,,,,,,,,,,,,,,,,,,,,,,,,2023Q2:refit:0.0005:full,2023Q4:inner:0.0005:full,True,"{""negative"": 23942, ""positive"": 9070, ""rows"": 33012}",6304ab283a7096baa9570a11f3c2eb2792b7b1bde313678746c11e3fc0725d8e,12e93b3fc815169f54d5fa7eb5590d6fe967237dfc6a1e6861c113069ef175e4,0.057326,[21],Individual member scores not recorded in frozen JSON; no new calculation from prediction payloads
2023Q4,inner,0.0005,fit_slot,sequential_0,0,0,succeeded,,,,,,,,,,,,,,,,,,,,,,,,,,,,,,,2023Q2:refit:0.0005:sequential_0:0,2023Q4:inner:0.0005:sequential_0:0,True,"{""negative"": 374, ""positive"": 138, ""rows"": 512}",fbc8c81396816d42e964f9802153261a2b6e34e890d1116df7e7b17f1367c54b,c18194f34c9c71602ec7d9889f90dc3d1fdb8ffd1816ce5d090669a07a048c86,0.026488,[33],Individual member scores not recorded in frozen JSON; no new calculation from prediction payloads
2023Q4,inner,0.0005,fit_slot,sequential_0,0,1,succeeded,,,,,,,,,,,,,,,,,,,,,,,,,,,,,,,2023Q2:refit:0.0005:sequential_0:1,2023Q4:inner:0.0005:sequential_0:1,True,"{""negative"": 357, ""positive"": 155, ""rows"": 512}",45c164299b7453c88f15e0da048411c222ea7aa33f4f4e61f32466ba34f21bae,86104e4c38fc6be8ad69875e0dc513bec2cf7addadf58328b6cee628e33ae147,0.026403,[33],Individual member scores not recorded in frozen JSON; no new calculation from prediction payloads
2023Q4,inner,0.0005,fit_slot,sequential_0,0,2,succeeded,,,,,,,,,,,,,,,,,,,,,,,,,,,,,,,2023Q2:refit:0.0005:sequential_0:2,2023Q4:inner:0.0005:sequential_0:2,True,"{""negative"": 392, ""positive"": 120, ""rows"": 512}",544298f6f4e9afb03afbd1c97e9a3ccc206077311c43443ea7d732f4f2ca149b,c5ae9fda85aea080c34c4bf9ad8613ed14a1697f207e4e5f081679085b8dd1d6,0.026218,[29],Individual member scores not recorded in frozen JSON; no new calculation from prediction payloads
2023Q4,inner,0.0005,fit_slot,sequential_1,1,0,succeeded,,,,,,,,,,,,,,,,,,,,,,,,,,,,,,,2023Q2:refit:0.0005:sequential_1:0,2023Q4:inner:0.0005:sequential_1:0,True,"{""negative"": 354, ""positive"": 158, ""rows"": 512}",d3766baa389d56bd2b9488cbbb278c5bce44e13077c1a2238e2cbbf6a0772ab9,6521cf12845dccd5f9665970ae0f4fc860ea2862d14bfe865e99ea911f57a65b,0.02583,[35],Individual member scores not recorded in frozen JSON; no new calculation from prediction payloads
2023Q4,inner,0.0005,fit_slot,sequential_1,1,1,succeeded,,,,,,,,,,,,,,,,,,,,,,,,,,,,,,,2023Q2:refit:0.0005:sequential_1:1,2023Q4:inner:0.0005:sequential_1:1,True,"{""negative"": 374, ""positive"": 138, ""rows"": 512}",a9ce7859ee78d16703fb905c1590430dfd36e1eac65bbf23983b14078e162862,17da0862b58910ed10870547794c16a25ab7313c8ed54fac19eafa5d5e0d3059,0.025752,[32],Individual member scores not recorded in frozen JSON; no new calculation from prediction payloads
2023Q4,inner,0.0005,fit_slot,sequential_1,1,2,succeeded,,,,,,,,,,,,,,,,,,,,,,,,,,,,,,,2023Q2:refit:0.0005:sequential_1:2,2023Q4:inner:0.0005:sequential_1:2,True,"{""negative"": 360, ""positive"": 152, ""rows"": 512}",e94ccfa7899fbd96622934077e71b74abe7162ad7521a790003ddfd5363ea753,ed050984931967ce07e85d6693aeef4ea9f811119e5a3ab2a97f64d7dc8b4756,0.026113,[32],Individual member scores not recorded in frozen JSON; no new calculation from prediction payloads
2023Q4,inner,0.0005,fit_slot,uniform_0,0,0,succeeded,,,,,,,,,,,,,,,,,,,,,,,,,,,,,,,2023Q2:refit:0.0005:uniform_0:0,2023Q4:inner:0.0005:uniform_0:0,True,"{""negative"": 369, ""positive"": 143, ""rows"": 512}",6f9fd622214be648b3babc1ac328a75e44a81f1d240c785d1213267c2bd8da59,7de96b64a61dceb7a9d7e3a0c36aba74c0a4f69d9573092dc47d1ef18ea184bd,0.025605,[32],Individual member scores not recorded in frozen JSON; no new calculation from prediction payloads
2023Q4,inner,0.0005,fit_slot,uniform_0,0,1,succeeded,,,,,,,,,,,,,,,,,,,,,,,,,,,,,,,2023Q2:refit:0.0005:uniform_0:1,2023Q4:inner:0.0005:uniform_0:1,True,"{""negative"": 362, ""positive"": 150, ""rows"": 512}",f312232136dd285eab2ad0fcafd859accb6721f89beed3064403aec506a824f1,dad726d41a759c73ad1cdba36106457400940c87e4e292b6883664da9bec9eeb,0.025558,[34],Individual member scores not recorded in frozen JSON; no new calculation from prediction payloads
2023Q4,inner,0.0005,fit_slot,uniform_0,0,2,succeeded,,,,,,,,,,,,,,,,,,,,,,,,,,,,,,,2023Q2:refit:0.0005:uniform_0:2,2023Q4:inner:0.0005:uniform_0:2,True,"{""negative"": 372, ""positive"": 140, ""rows"": 512}",291690c9b35783ba4a0ec258cca04a4e20ad64be579a21a1e25d03050b2b1225,5552e1b0ca1ccd50ba235087aab64ca55251852d6beb7a6ccb15954d957b1ffb,0.026442,[34],Individual member scores not recorded in frozen JSON; no new calculation from prediction payloads
2023Q4,inner,0.0005,fit_slot,uniform_1,1,0,succeeded,,,,,,,,,,,,,,,,,,,,,,,,,,,,,,,2023Q2:refit:0.0005:uniform_1:0,2023Q4:inner:0.0005:uniform_1:0,True,"{""negative"": 370, ""positive"": 142, ""rows"": 512}",af390373e488491c0d36ebe22059e8807151859d6b29147ab75588cff47c7b52,eaef9c8927bd1810091f7ad6b87092c3adad27e82be36dab15dc631a707616dd,0.025134,[31],Individual member scores not recorded in frozen JSON; no new calculation from prediction payloads
2023Q4,inner,0.0005,fit_slot,uniform_1,1,1,succeeded,,,,,,,,,,,,,,,,,,,,,,,,,,,,,,,2023Q2:refit:0.0005:uniform_1:1,2023Q4:inner:0.0005:uniform_1:1,True,"{""negative"": 377, ""positive"": 135, ""rows"": 512}",fea99465016398f4bb2ecc08158e4b0be148aed59230b7a4da9aa2cadc7cfa88,e180c42c7af41a40f156b67d9e285b77dc19a93f1c489e085d2325366b793557,0.046678,[32],Individual member scores not recorded in frozen JSON; no new calculation from prediction payloads
2023Q4,inner,0.0005,fit_slot,uniform_1,1,2,succeeded,,,,,,,,,,,,,,,,,,,,,,,,,,,,,,,2023Q2:refit:0.0005:uniform_1:2,2023Q4:inner:0.0005:uniform_1:2,True,"{""negative"": 369, ""positive"": 143, ""rows"": 512}",7f93ffd4a0c574acccf08855a1e13a7fe6ee32c2151b2a3584bd0a00b9b8408e,ee15cc4b3717059ff6bf11226427bdde3f742b0ed58b100d69c1f671b17690d3,0.024912,[27],Individual member scores not recorded in frozen JSON; no new calculation from prediction payloads
2023Q4,inner,0.001,primary,primary_unfiltered,,,available,714,0.423841059602649,0,522,522,192,0.2689075630252101,1.0,0,714,0,192,"{""all_outcomes"": {""ambiguous"": 131, ""causally_ineligible"": 26647, ""censored"": 2499, ""no_primary_signal"": 8465, ""stop_loss"": 33805, ""take_profit"": 12478}, ""causal_eligible"": 857, ""causal_reasons"": {"""": 49279, ""insufficient_history"": 34746}, ""eligible_outcomes"": {""ambiguous"": 3, ""censored"": 61, ""stop_loss"": 579, ""take_profit"": 214}, ""metric_rows"": 714, ""openings"": 84025, ""primary_accepted"": 857, ""primary_event"": 1234, ""primary_reasons"": {""no_momentum"": 560, ""primary_history"": 7905, ""signal"": 75560}, ""primary_signals"": 75560}",,,,,,,,,,,,,,,,,,,,,,,,,,
2023Q4,inner,0.001,model,full,,,available,76,,,,,,,,781,,,,"{""all_outcomes"": {""ambiguous"": 131, ""causally_ineligible"": 26647, ""censored"": 2499, ""no_primary_signal"": 8465, ""stop_loss"": 33805, ""take_profit"": 12478}, ""causal_eligible"": 857, ""causal_reasons"": {"""": 49279, ""insufficient_history"": 34746}, ""eligible_outcomes"": {""ambiguous"": 3, ""censored"": 61, ""stop_loss"": 579, ""take_profit"": 214}, ""metric_rows"": 714, ""openings"": 84025, ""primary_accepted"": 857, ""primary_event"": 1234, ""primary_reasons"": {""no_momentum"": 560, ""primary_history"": 7905, ""signal"": 75560}, ""primary_signals"": 75560}",conclusive_metric_rows,"{""negative"": 522, ""positive"": 192, ""rows"": 714}",0.5846414970185819,0.19758832434777282,0.5053081098339719,0.26531562043597856,"{""thresholds.0.5.precision"": ""no_signals""}",0.3,True,,857,857,"{""accepted"": 65, ""f1"": 0.1245136186770428, ""fn"": 176, ""fp"": 49, ""negative"": 522, ""positive"": 192, ""precision"": 0.24615384615384617, ""recall"": 0.08333333333333333, ""rejected"": 649, ""rows"": 714, ""tn"": 473, ""tp"": 16}",,,,,,,,,,,,,
2023Q4,inner,0.001,model,sequential_0,0,,available,125,,,,,,,,732,,,,"{""all_outcomes"": {""ambiguous"": 131, ""causally_ineligible"": 26647, ""censored"": 2499, ""no_primary_signal"": 8465, ""stop_loss"": 33805, ""take_profit"": 12478}, ""causal_eligible"": 857, ""causal_reasons"": {"""": 49279, ""insufficient_history"": 34746}, ""eligible_outcomes"": {""ambiguous"": 3, ""censored"": 61, ""stop_loss"": 579, ""take_profit"": 214}, ""metric_rows"": 714, ""openings"": 84025, ""primary_accepted"": 857, ""primary_event"": 1234, ""primary_reasons"": {""no_momentum"": 560, ""primary_history"": 7905, ""signal"": 75560}, ""primary_signals"": 75560}",conclusive_metric_rows,"{""negative"": 522, ""positive"": 192, ""rows"": 714}",0.581490700813871,0.19611137605128853,0.5600055874840357,0.3151357069903016,"{""thresholds.0.5.precision"": ""no_signals""}",0.3,True,,857,857,"{""accepted"": 111, ""f1"": 0.2508250825082508, ""fn"": 154, ""fp"": 73, ""negative"": 522, ""positive"": 192, ""precision"": 0.34234234234234234, ""recall"": 0.19791666666666666, ""rejected"": 603, ""rows"": 714, ""tn"": 449, ""tp"": 38}",,,,,,,,,,,,,
2023Q4,inner,0.001,model,sequential_1,1,,available,221,,,,,,,,636,,,,"{""all_outcomes"": {""ambiguous"": 131, ""causally_ineligible"": 26647, ""censored"": 2499, ""no_primary_signal"": 8465, ""stop_loss"": 33805, ""take_profit"": 12478}, ""causal_eligible"": 857, ""causal_reasons"": {"""": 49279, ""insufficient_history"": 34746}, ""eligible_outcomes"": {""ambiguous"": 3, ""censored"": 61, ""stop_loss"": 579, ""take_profit"": 214}, ""metric_rows"": 714, ""openings"": 84025, ""primary_accepted"": 857, ""primary_event"": 1234, ""primary_reasons"": {""no_momentum"": 560, ""primary_history"": 7905, ""signal"": 75560}, ""primary_signals"": 75560}",conclusive_metric_rows,"{""negative"": 522, ""positive"": 192, ""rows"": 714}",0.594907009760514,0.2011208461756827,0.5156449553001277,0.27135714692027857,{},0.3,True,,857,857,"{""accepted"": 183, ""f1"": 0.26666666666666666, ""fn"": 142, ""fp"": 133, ""negative"": 522, ""positive"": 192, ""precision"": 0.273224043715847, ""recall"": 0.2604166666666667, ""rejected"": 531, ""rows"": 714, ""tn"": 389, ""tp"": 50}",,,,,,,,,,,,,
2023Q4,inner,0.001,model,uniform_0,0,,available,190,,,,,,,,667,,,,"{""all_outcomes"": {""ambiguous"": 131, ""causally_ineligible"": 26647, ""censored"": 2499, ""no_primary_signal"": 8465, ""stop_loss"": 33805, ""take_profit"": 12478}, ""causal_eligible"": 857, ""causal_reasons"": {"""": 49279, ""insufficient_history"": 34746}, ""eligible_outcomes"": {""ambiguous"": 3, ""censored"": 61, ""stop_loss"": 579, ""take_profit"": 214}, ""metric_rows"": 714, ""openings"": 84025, ""primary_accepted"": 857, ""primary_event"": 1234, ""primary_reasons"": {""no_momentum"": 560, ""primary_history"": 7905, ""signal"": 75560}, ""primary_signals"": 75560}",conclusive_metric_rows,"{""negative"": 522, ""positive"": 192, ""rows"": 714}",0.5838549968230942,0.19746940685883133,0.5465257822477649,0.29751384648215834,{},0.3,True,,857,857,"{""accepted"": 163, ""f1"": 0.2704225352112676, ""fn"": 144, ""fp"": 115, ""negative"": 522, ""positive"": 192, ""precision"": 0.294478527607362, ""recall"": 0.25, ""rejected"": 551, ""rows"": 714, ""tn"": 407, ""tp"": 48}",,,,,,,,,,,,,
2023Q4,inner,0.001,model,uniform_1,1,,available,181,,,,,,,,676,,,,"{""all_outcomes"": {""ambiguous"": 131, ""causally_ineligible"": 26647, ""censored"": 2499, ""no_primary_signal"": 8465, ""stop_loss"": 33805, ""take_profit"": 12478}, ""causal_eligible"": 857, ""causal_reasons"": {"""": 49279, ""insufficient_history"": 34746}, ""eligible_outcomes"": {""ambiguous"": 3, ""censored"": 61, ""stop_loss"": 579, ""take_profit"": 214}, ""metric_rows"": 714, ""openings"": 84025, ""primary_accepted"": 857, ""primary_event"": 1234, ""primary_reasons"": {""no_momentum"": 560, ""primary_history"": 7905, ""signal"": 75560}, ""primary_signals"": 75560}",conclusive_metric_rows,"{""negative"": 522, ""positive"": 192, ""rows"": 714}",0.587771274170073,0.19903059809681287,0.4967073754789272,0.2631866659099847,"{""thresholds.0.5.precision"": ""no_signals""}",0.3,True,,857,857,"{""accepted"": 154, ""f1"": 0.24855491329479767, ""fn"": 149, ""fp"": 111, ""negative"": 522, ""positive"": 192, ""precision"": 0.2792207792207792, ""recall"": 0.22395833333333334, ""rejected"": 560, ""rows"": 714, ""tn"": 411, ""tp"": 43}",,,,,,,,,,,,,
2023Q4,inner,0.001,model,weighted_constant,,,available,0,,,,,,,,857,,,,"{""all_outcomes"": {""ambiguous"": 131, ""causally_ineligible"": 26647, ""censored"": 2499, ""no_primary_signal"": 8465, ""stop_loss"": 33805, ""take_profit"": 12478}, ""causal_eligible"": 857, ""causal_reasons"": {"""": 49279, ""insufficient_history"": 34746}, ""eligible_outcomes"": {""ambiguous"": 3, ""censored"": 61, ""stop_loss"": 579, ""take_profit"": 214}, ""metric_rows"": 714, ""openings"": 84025, ""primary_accepted"": 857, ""primary_event"": 1234, ""primary_reasons"": {""no_momentum"": 560, ""primary_history"": 7905, ""signal"": 75560}, ""primary_signals"": 75560}",conclusive_metric_rows,"{""negative"": 522, ""positive"": 192, ""rows"": 714}",0.5823498544807839,0.19666635294229584,0.5,0.2689075630252101,"{""thresholds.0.3.precision"": ""no_signals"", ""thresholds.0.4.precision"": ""no_signals"", ""thresholds.0.5.precision"": ""no_signals""}",0.5,True,,857,857,"{""accepted"": 0, ""f1"": 0.0, ""fn"": 192, ""fp"": 0, ""negative"": 522, ""positive"": 192, ""precision"": null, ""recall"": 0.0, ""rejected"": 714, ""rows"": 714, ""tn"": 522, ""tp"": 0}",,,,,,,,,,,,,
2023Q4,inner,0.001,model,weighted_logistic,,,available,60,,,,,,,,797,,,,"{""all_outcomes"": {""ambiguous"": 131, ""causally_ineligible"": 26647, ""censored"": 2499, ""no_primary_signal"": 8465, ""stop_loss"": 33805, ""take_profit"": 12478}, ""causal_eligible"": 857, ""causal_reasons"": {"""": 49279, ""insufficient_history"": 34746}, ""eligible_outcomes"": {""ambiguous"": 3, ""censored"": 61, ""stop_loss"": 579, ""take_profit"": 214}, ""metric_rows"": 714, ""openings"": 84025, ""primary_accepted"": 857, ""primary_event"": 1234, ""primary_reasons"": {""no_momentum"": 560, ""primary_history"": 7905, ""signal"": 75560}, ""primary_signals"": 75560}",conclusive_metric_rows,"{""negative"": 522, ""positive"": 192, ""rows"": 714}",0.5789624945293183,0.19535574450518914,0.5653436302681992,0.30595116644757814,"{""thresholds.0.4.precision"": ""no_signals"", ""thresholds.0.5.precision"": ""no_signals""}",0.3,True,,857,857,"{""accepted"": 52, ""f1"": 0.13114754098360656, ""fn"": 176, ""fp"": 36, ""negative"": 522, ""positive"": 192, ""precision"": 0.3076923076923077, ""recall"": 0.08333333333333333, ""rejected"": 662, ""rows"": 714, ""tn"": 486, ""tp"": 16}",,,,,,,,,,,,,
2023Q4,inner,0.001,paired_sensitivity,sequential_0_minus_full,,,descriptive_not_confidence_interval,,,,,,,,,,,,,,,,,,,,,,,,,,,"{""brier"": {""delete_week_max"": 0.00039245401416040606, ""delete_week_min"": -0.0035454443390607847, ""delta"": -0.001476948296484301}, ""log_loss"": {""delete_week_max"": 0.0018700664613316598, ""delete_week_min"": -0.009007761327077477, ""delta"": -0.0031507962047109196}, ""status"": ""descriptive_not_confidence_interval"", ""weekly_support"": [{""negative"": 77, ""positive"": 31, ""rows"": 108, ""week_start_epoch"": 1690761600}, {""negative"": 70, ""positive"": 19, ""rows"": 89, ""week_start_epoch"": 1691366400}, {""negative"": 61, ""positive"": 23, ""rows"": 84, ""week_start_epoch"": 1691971200}, {""negative"": 65, ""positive"": 30, ""rows"": 95, ""week_start_epoch"": 1692576000}, {""negative"": 70, ""positive"": 36, ""rows"": 106, ""week_start_epoch"": 1693180800}, {""negative"": 46, ""positive"": 21, ""rows"": 67, ""week_start_epoch"": 1693785600}, {""negative"": 60, ""positive"": 12, ""rows"": 72, ""week_start_epoch"": 1694390400}, {""negative"": 71, ""positive"": 16, ""rows"": 87, ""week_start_epoch"": 1694995200}, {""negative"": 2, ""positive"": 4, ""rows"": 6, ""week_start_epoch"": 1695600000}], ""weeks"": 9}",,,,,,,,,,,,
2023Q4,inner,0.001,paired_sensitivity,sequential_0_minus_uniform_0,,,descriptive_not_confidence_interval,,,,,,,,,,,,,,,,,,,,,,,,,,,"{""brier"": {""delete_week_max"": 0.00024242842253779668, ""delete_week_min"": -0.002906848733630681, ""delta"": -0.001358030807542778}, ""log_loss"": {""delete_week_max"": 0.0017469605528663674, ""delete_week_min"": -0.006752955724498408, ""delta"": -0.0023642960092231232}, ""status"": ""descriptive_not_confidence_interval"", ""weekly_support"": [{""negative"": 77, ""positive"": 31, ""rows"": 108, ""week_start_epoch"": 1690761600}, {""negative"": 70, ""positive"": 19, ""rows"": 89, ""week_start_epoch"": 1691366400}, {""negative"": 61, ""positive"": 23, ""rows"": 84, ""week_start_epoch"": 1691971200}, {""negative"": 65, ""positive"": 30, ""rows"": 95, ""week_start_epoch"": 1692576000}, {""negative"": 70, ""positive"": 36, ""rows"": 106, ""week_start_epoch"": 1693180800}, {""negative"": 46, ""positive"": 21, ""rows"": 67, ""week_start_epoch"": 1693785600}, {""negative"": 60, ""positive"": 12, ""rows"": 72, ""week_start_epoch"": 1694390400}, {""negative"": 71, ""positive"": 16, ""rows"": 87, ""week_start_epoch"": 1694995200}, {""negative"": 2, ""positive"": 4, ""rows"": 6, ""week_start_epoch"": 1695600000}], ""weeks"": 9}",,,,,,,,,,,,
2023Q4,inner,0.001,paired_sensitivity,sequential_0_minus_weighted_constant,,,descriptive_not_confidence_interval,,,,,,,,,,,,,,,,,,,,,,,,,,,"{""brier"": {""delete_week_max"": 0.0010436481922248082, ""delete_week_min"": -0.0027071756582679727, ""delta"": -0.0005549768910073466}, ""log_loss"": {""delete_week_max"": 0.0035014992172557355, ""delete_week_min"": -0.007099143726206064, ""delta"": -0.0008591536669130252}, ""status"": ""descriptive_not_confidence_interval"", ""weekly_support"": [{""negative"": 77, ""positive"": 31, ""rows"": 108, ""week_start_epoch"": 1690761600}, {""negative"": 70, ""positive"": 19, ""rows"": 89, ""week_start_epoch"": 1691366400}, {""negative"": 61, ""positive"": 23, ""rows"": 84, ""week_start_epoch"": 1691971200}, {""negative"": 65, ""positive"": 30, ""rows"": 95, ""week_start_epoch"": 1692576000}, {""negative"": 70, ""positive"": 36, ""rows"": 106, ""week_start_epoch"": 1693180800}, {""negative"": 46, ""positive"": 21, ""rows"": 67, ""week_start_epoch"": 1693785600}, {""negative"": 60, ""positive"": 12, ""rows"": 72, ""week_start_epoch"": 1694390400}, {""negative"": 71, ""positive"": 16, ""rows"": 87, ""week_start_epoch"": 1694995200}, {""negative"": 2, ""positive"": 4, ""rows"": 6, ""week_start_epoch"": 1695600000}], ""weeks"": 9}",,,,,,,,,,,,
2023Q4,inner,0.001,paired_sensitivity,sequential_0_minus_weighted_logistic,,,descriptive_not_confidence_interval,,,,,,,,,,,,,,,,,,,,,,,,,,,"{""brier"": {""delete_week_max"": 0.0021530486569304136, ""delete_week_min"": -0.000768557680931408, ""delta"": 0.000755631546099362}, ""log_loss"": {""delete_week_max"": 0.0063042921497547125, ""delete_week_min"": -0.0019383217101943276, ""delta"": 0.002528206284552639}, ""status"": ""descriptive_not_confidence_interval"", ""weekly_support"": [{""negative"": 77, ""positive"": 31, ""rows"": 108, ""week_start_epoch"": 1690761600}, {""negative"": 70, ""positive"": 19, ""rows"": 89, ""week_start_epoch"": 1691366400}, {""negative"": 61, ""positive"": 23, ""rows"": 84, ""week_start_epoch"": 1691971200}, {""negative"": 65, ""positive"": 30, ""rows"": 95, ""week_start_epoch"": 1692576000}, {""negative"": 70, ""positive"": 36, ""rows"": 106, ""week_start_epoch"": 1693180800}, {""negative"": 46, ""positive"": 21, ""rows"": 67, ""week_start_epoch"": 1693785600}, {""negative"": 60, ""positive"": 12, ""rows"": 72, ""week_start_epoch"": 1694390400}, {""negative"": 71, ""positive"": 16, ""rows"": 87, ""week_start_epoch"": 1694995200}, {""negative"": 2, ""positive"": 4, ""rows"": 6, ""week_start_epoch"": 1695600000}], ""weeks"": 9}",,,,,,,,,,,,
2023Q4,inner,0.001,paired_sensitivity,sequential_1_minus_full,,,descriptive_not_confidence_interval,,,,,,,,,,,,,,,,,,,,,,,,,,,"{""brier"": {""delete_week_max"": 0.0044945373407727345, ""delete_week_min"": 0.0017311957214711138, ""delta"": 0.00353252182790988}, ""log_loss"": {""delete_week_max"": 0.013301780709562335, ""delete_week_min"": 0.005514907979465474, ""delta"": 0.01026551274193215}, ""status"": ""descriptive_not_confidence_interval"", ""weekly_support"": [{""negative"": 77, ""positive"": 31, ""rows"": 108, ""week_start_epoch"": 1690761600}, {""negative"": 70, ""positive"": 19, ""rows"": 89, ""week_start_epoch"": 1691366400}, {""negative"": 61, ""positive"": 23, ""rows"": 84, ""week_start_epoch"": 1691971200}, {""negative"": 65, ""positive"": 30, ""rows"": 95, ""week_start_epoch"": 1692576000}, {""negative"": 70, ""positive"": 36, ""rows"": 106, ""week_start_epoch"": 1693180800}, {""negative"": 46, ""positive"": 21, ""rows"": 67, ""week_start_epoch"": 1693785600}, {""negative"": 60, ""positive"": 12, ""rows"": 72, ""week_start_epoch"": 1694390400}, {""negative"": 71, ""positive"": 16, ""rows"": 87, ""week_start_epoch"": 1694995200}, {""negative"": 2, ""positive"": 4, ""rows"": 6, ""week_start_epoch"": 1695600000}], ""weeks"": 9}",,,,,,,,,,,,
2023Q4,inner,0.001,paired_sensitivity,sequential_1_minus_uniform_1,,,descriptive_not_confidence_interval,,,,,,,,,,,,,,,,,,,,,,,,,,,"{""brier"": {""delete_week_max"": 0.003543074989218052, ""delete_week_min"": -0.0008943584431299947, ""delta"": 0.002090248078869844}, ""log_loss"": {""delete_week_max"": 0.011219185838679964, ""delete_week_min"": -0.0006637399091250048, ""delta"": 0.007135735590441129}, ""status"": ""descriptive_not_confidence_interval"", ""weekly_support"": [{""negative"": 77, ""positive"": 31, ""rows"": 108, ""week_start_epoch"": 1690761600}, {""negative"": 70, ""positive"": 19, ""rows"": 89, ""week_start_epoch"": 1691366400}, {""negative"": 61, ""positive"": 23, ""rows"": 84, ""week_start_epoch"": 1691971200}, {""negative"": 65, ""positive"": 30, ""rows"": 95, ""week_start_epoch"": 1692576000}, {""negative"": 70, ""positive"": 36, ""rows"": 106, ""week_start_epoch"": 1693180800}, {""negative"": 46, ""positive"": 21, ""rows"": 67, ""week_start_epoch"": 1693785600}, {""negative"": 60, ""positive"": 12, ""rows"": 72, ""week_start_epoch"": 1694390400}, {""negative"": 71, ""positive"": 16, ""rows"": 87, ""week_start_epoch"": 1694995200}, {""negative"": 2, ""positive"": 4, ""rows"": 6, ""week_start_epoch"": 1695600000}], ""weeks"": 9}",,,,,,,,,,,,
2023Q4,inner,0.001,paired_sensitivity,sequential_1_minus_weighted_constant,,,descriptive_not_confidence_interval,,,,,,,,,,,,,,,,,,,,,,,,,,,"{""brier"": {""delete_week_max"": 0.005508863835424186, ""delete_week_min"": 0.002069550395106915, ""delta"": 0.004454493233386834}, ""log_loss"": {""delete_week_max"": 0.01553742086352149, ""delete_week_min"": 0.006375161891648269, ""delta"": 0.012557155279730043}, ""status"": ""descriptive_not_confidence_interval"", ""weekly_support"": [{""negative"": 77, ""positive"": 31, ""rows"": 108, ""week_start_epoch"": 1690761600}, {""negative"": 70, ""positive"": 19, ""rows"": 89, ""week_start_epoch"": 1691366400}, {""negative"": 61, ""positive"": 23, ""rows"": 84, ""week_start_epoch"": 1691971200}, {""negative"": 65, ""positive"": 30, ""rows"": 95, ""week_start_epoch"": 1692576000}, {""negative"": 70, ""positive"": 36, ""rows"": 106, ""week_start_epoch"": 1693180800}, {""negative"": 46, ""positive"": 21, ""rows"": 67, ""week_start_epoch"": 1693785600}, {""negative"": 60, ""positive"": 12, ""rows"": 72, ""week_start_epoch"": 1694390400}, {""negative"": 71, ""positive"": 16, ""rows"": 87, ""week_start_epoch"": 1694995200}, {""negative"": 2, ""positive"": 4, ""rows"": 6, ""week_start_epoch"": 1695600000}], ""weeks"": 9}",,,,,,,,,,,,
2023Q4,inner,0.001,paired_sensitivity,sequential_1_minus_weighted_logistic,,,descriptive_not_confidence_interval,,,,,,,,,,,,,,,,,,,,,,,,,,,"{""brier"": {""delete_week_max"": 0.0070109239382419196, ""delete_week_min"": 0.003935046210626233, ""delta"": 0.0057651016704935425}, ""log_loss"": {""delete_week_max"": 0.01911165570668363, ""delete_week_min"": 0.011233690851379336, ""delta"": 0.01594451523119571}, ""status"": ""descriptive_not_confidence_interval"", ""weekly_support"": [{""negative"": 77, ""positive"": 31, ""rows"": 108, ""week_start_epoch"": 1690761600}, {""negative"": 70, ""positive"": 19, ""rows"": 89, ""week_start_epoch"": 1691366400}, {""negative"": 61, ""positive"": 23, ""rows"": 84, ""week_start_epoch"": 1691971200}, {""negative"": 65, ""positive"": 30, ""rows"": 95, ""week_start_epoch"": 1692576000}, {""negative"": 70, ""positive"": 36, ""rows"": 106, ""week_start_epoch"": 1693180800}, {""negative"": 46, ""positive"": 21, ""rows"": 67, ""week_start_epoch"": 1693785600}, {""negative"": 60, ""positive"": 12, ""rows"": 72, ""week_start_epoch"": 1694390400}, {""negative"": 71, ""positive"": 16, ""rows"": 87, ""week_start_epoch"": 1694995200}, {""negative"": 2, ""positive"": 4, ""rows"": 6, ""week_start_epoch"": 1695600000}], ""weeks"": 9}",,,,,,,,,,,,
2023Q4,inner,0.001,paired_sensitivity,uniform_0_minus_full,,,descriptive_not_confidence_interval,,,,,,,,,,,,,,,,,,,,,,,,,,,"{""brier"": {""delete_week_max"": 0.0005996476167845114, ""delete_week_min"": -0.0007219527667908217, ""delta"": -0.00011891748894152244}, ""log_loss"": {""delete_week_max"": 0.0015165794300914272, ""delete_week_min"": -0.0029991513044082896, ""delta"": -0.0007865001954877987}, ""status"": ""descriptive_not_confidence_interval"", ""weekly_support"": [{""negative"": 77, ""positive"": 31, ""rows"": 108, ""week_start_epoch"": 1690761600}, {""negative"": 70, ""positive"": 19, ""rows"": 89, ""week_start_epoch"": 1691366400}, {""negative"": 61, ""positive"": 23, ""rows"": 84, ""week_start_epoch"": 1691971200}, {""negative"": 65, ""positive"": 30, ""rows"": 95, ""week_start_epoch"": 1692576000}, {""negative"": 70, ""positive"": 36, ""rows"": 106, ""week_start_epoch"": 1693180800}, {""negative"": 46, ""positive"": 21, ""rows"": 67, ""week_start_epoch"": 1693785600}, {""negative"": 60, ""positive"": 12, ""rows"": 72, ""week_start_epoch"": 1694390400}, {""negative"": 71, ""positive"": 16, ""rows"": 87, ""week_start_epoch"": 1694995200}, {""negative"": 2, ""positive"": 4, ""rows"": 6, ""week_start_epoch"": 1695600000}], ""weeks"": 9}",,,,,,,,,,,,
2023Q4,inner,0.001,paired_sensitivity,uniform_0_minus_weighted_constant,,,descriptive_not_confidence_interval,,,,,,,,,,,,,,,,,,,,,,,,,,,"{""brier"": {""delete_week_max"": 0.0017485938448550515, ""delete_week_min"": 0.00013718917390088853, ""delta"": 0.0008030539165354318}, ""log_loss"": {""delete_week_max"": 0.004372873430160694, ""delete_week_min"": -0.001090533703536881, ""delta"": 0.0015051423423100988}, ""status"": ""descriptive_not_confidence_interval"", ""weekly_support"": [{""negative"": 77, ""positive"": 31, ""rows"": 108, ""week_start_epoch"": 1690761600}, {""negative"": 70, ""positive"": 19, ""rows"": 89, ""week_start_epoch"": 1691366400}, {""negative"": 61, ""positive"": 23, ""rows"": 84, ""week_start_epoch"": 1691971200}, {""negative"": 65, ""positive"": 30, ""rows"": 95, ""week_start_epoch"": 1692576000}, {""negative"": 70, ""positive"": 36, ""rows"": 106, ""week_start_epoch"": 1693180800}, {""negative"": 46, ""positive"": 21, ""rows"": 67, ""week_start_epoch"": 1693785600}, {""negative"": 60, ""positive"": 12, ""rows"": 72, ""week_start_epoch"": 1694390400}, {""negative"": 71, ""positive"": 16, ""rows"": 87, ""week_start_epoch"": 1694995200}, {""negative"": 2, ""positive"": 4, ""rows"": 6, ""week_start_epoch"": 1695600000}], ""weeks"": 9}",,,,,,,,,,,,
2023Q4,inner,0.001,paired_sensitivity,uniform_0_minus_weighted_logistic,,,descriptive_not_confidence_interval,,,,,,,,,,,,,,,,,,,,,,,,,,,"{""brier"": {""delete_week_max"": 0.003056241645451357, ""delete_week_min"": 0.001201973520856558, ""delta"": 0.0021136623536421404}, ""log_loss"": {""delete_week_max"": 0.007235362302005288, ""delete_week_min"": 0.0026996724136994906, ""delta"": 0.004892502293775762}, ""status"": ""descriptive_not_confidence_interval"", ""weekly_support"": [{""negative"": 77, ""positive"": 31, ""rows"": 108, ""week_start_epoch"": 1690761600}, {""negative"": 70, ""positive"": 19, ""rows"": 89, ""week_start_epoch"": 1691366400}, {""negative"": 61, ""positive"": 23, ""rows"": 84, ""week_start_epoch"": 1691971200}, {""negative"": 65, ""positive"": 30, ""rows"": 95, ""week_start_epoch"": 1692576000}, {""negative"": 70, ""positive"": 36, ""rows"": 106, ""week_start_epoch"": 1693180800}, {""negative"": 46, ""positive"": 21, ""rows"": 67, ""week_start_epoch"": 1693785600}, {""negative"": 60, ""positive"": 12, ""rows"": 72, ""week_start_epoch"": 1694390400}, {""negative"": 71, ""positive"": 16, ""rows"": 87, ""week_start_epoch"": 1694995200}, {""negative"": 2, ""positive"": 4, ""rows"": 6, ""week_start_epoch"": 1695600000}], ""weeks"": 9}",,,,,,,,,,,,
2023Q4,inner,0.001,paired_sensitivity,uniform_1_minus_full,,,descriptive_not_confidence_interval,,,,,,,,,,,,,,,,,,,,,,,,,,,"{""brier"": {""delete_week_max"": 0.0026255541646011083, ""delete_week_min"": 0.0006444310458598717, ""delta"": 0.0014422737490400349}, ""log_loss"": {""delete_week_max"": 0.006178647888590478, ""delete_week_min"": 0.0012303874916714018, ""delta"": 0.003129777151491022}, ""status"": ""descriptive_not_confidence_interval"", ""weekly_support"": [{""negative"": 77, ""positive"": 31, ""rows"": 108, ""week_start_epoch"": 1690761600}, {""negative"": 70, ""positive"": 19, ""rows"": 89, ""week_start_epoch"": 1691366400}, {""negative"": 61, ""positive"": 23, ""rows"": 84, ""week_start_epoch"": 1691971200}, {""negative"": 65, ""positive"": 30, ""rows"": 95, ""week_start_epoch"": 1692576000}, {""negative"": 70, ""positive"": 36, ""rows"": 106, ""week_start_epoch"": 1693180800}, {""negative"": 46, ""positive"": 21, ""rows"": 67, ""week_start_epoch"": 1693785600}, {""negative"": 60, ""positive"": 12, ""rows"": 72, ""week_start_epoch"": 1694390400}, {""negative"": 71, ""positive"": 16, ""rows"": 87, ""week_start_epoch"": 1694995200}, {""negative"": 2, ""positive"": 4, ""rows"": 6, ""week_start_epoch"": 1695600000}], ""weeks"": 9}",,,,,,,,,,,,
2023Q4,inner,0.001,paired_sensitivity,uniform_1_minus_weighted_constant,,,descriptive_not_confidence_interval,,,,,,,,,,,,,,,,,,,,,,,,,,,"{""brier"": {""delete_week_max"": 0.002963908838236909, ""delete_week_min"": 0.0018250634304940137, ""delta"": 0.0023642451545169887}, ""log_loss"": {""delete_week_max"": 0.007038901800773276, ""delete_week_min"": 0.004318235024841532, ""delta"": 0.005421419689288919}, ""status"": ""descriptive_not_confidence_interval"", ""weekly_support"": [{""negative"": 77, ""positive"": 31, ""rows"": 108, ""week_start_epoch"": 1690761600}, {""negative"": 70, ""positive"": 19, ""rows"": 89, ""week_start_epoch"": 1691366400}, {""negative"": 61, ""positive"": 23, ""rows"": 84, ""week_start_epoch"": 1691971200}, {""negative"": 65, ""positive"": 30, ""rows"": 95, ""week_start_epoch"": 1692576000}, {""negative"": 70, ""positive"": 36, ""rows"": 106, ""week_start_epoch"": 1693180800}, {""negative"": 46, ""positive"": 21, ""rows"": 67, ""week_start_epoch"": 1693785600}, {""negative"": 60, ""positive"": 12, ""rows"": 72, ""week_start_epoch"": 1694390400}, {""negative"": 71, ""positive"": 16, ""rows"": 87, ""week_start_epoch"": 1694995200}, {""negative"": 2, ""positive"": 4, ""rows"": 6, ""week_start_epoch"": 1695600000}], ""weeks"": 9}",,,,,,,,,,,,
2023Q4,inner,0.001,paired_sensitivity,uniform_1_minus_weighted_logistic,,,descriptive_not_confidence_interval,,,,,,,,,,,,,,,,,,,,,,,,,,,"{""brier"": {""delete_week_max"": 0.004829404653756228, ""delete_week_min"": 0.0030023018611906893, ""delta"": 0.0036748535916236963}, ""log_loss"": {""delete_week_max"": 0.011897430760504339, ""delete_week_min"": 0.007228812801126779, ""delta"": 0.00880877964075458}, ""status"": ""descriptive_not_confidence_interval"", ""weekly_support"": [{""negative"": 77, ""positive"": 31, ""rows"": 108, ""week_start_epoch"": 1690761600}, {""negative"": 70, ""positive"": 19, ""rows"": 89, ""week_start_epoch"": 1691366400}, {""negative"": 61, ""positive"": 23, ""rows"": 84, ""week_start_epoch"": 1691971200}, {""negative"": 65, ""positive"": 30, ""rows"": 95, ""week_start_epoch"": 1692576000}, {""negative"": 70, ""positive"": 36, ""rows"": 106, ""week_start_epoch"": 1693180800}, {""negative"": 46, ""positive"": 21, ""rows"": 67, ""week_start_epoch"": 1693785600}, {""negative"": 60, ""positive"": 12, ""rows"": 72, ""week_start_epoch"": 1694390400}, {""negative"": 71, ""positive"": 16, ""rows"": 87, ""week_start_epoch"": 1694995200}, {""negative"": 2, ""positive"": 4, ""rows"": 6, ""week_start_epoch"": 1695600000}], ""weeks"": 9}",,,,,,,,,,,,
2023Q4,inner,0.001,member_diversity,sequential_0,0,0-1,,,,,,,,,,,,,,,,,,,,,,,,,,,,,-0.040049703258963704,0.10201953553406268,,,,,,,,,,
2023Q4,inner,0.001,member_diversity,sequential_0,0,0-2,,,,,,,,,,,,,,,,,,,,,,,,,,,,,-0.22188557118712063,0.1277953804690667,,,,,,,,,,
2023Q4,inner,0.001,member_diversity,sequential_0,0,1-2,,,,,,,,,,,,,,,,,,,,,,,,,,,,,0.5939511360982833,0.06931211336567716,,,,,,,,,,
2023Q4,inner,0.001,member_diversity,sequential_1,1,0-1,,,,,,,,,,,,,,,,,,,,,,,,,,,,,0.3756446714770455,0.08245289152435503,,,,,,,,,,
2023Q4,inner,0.001,member_diversity,sequential_1,1,0-2,,,,,,,,,,,,,,,,,,,,,,,,,,,,,0.15472835589292522,0.10739963015904866,,,,,,,,,,
2023Q4,inner,0.001,member_diversity,sequential_1,1,1-2,,,,,,,,,,,,,,,,,,,,,,,,,,,,,0.27359931515041286,0.08633952146472296,,,,,,,,,,
2023Q4,inner,0.001,member_diversity,uniform_0,0,0-1,,,,,,,,,,,,,,,,,,,,,,,,,,,,,0.14015702868912058,0.09016538185315795,,,,,,,,,,
2023Q4,inner,0.001,member_diversity,uniform_0,0,0-2,,,,,,,,,,,,,,,,,,,,,,,,,,,,,0.07004560604799502,0.11869172836159418,,,,,,,,,,
2023Q4,inner,0.001,member_diversity,uniform_0,0,1-2,,,,,,,,,,,,,,,,,,,,,,,,,,,,,0.5866397518834129,0.09814716529596239,,,,,,,,,,
2023Q4,inner,0.001,member_diversity,uniform_1,1,0-1,,,,,,,,,,,,,,,,,,,,,,,,,,,,,-0.2296792072287982,0.12154445168425076,,,,,,,,,,
2023Q4,inner,0.001,member_diversity,uniform_1,1,0-2,,,,,,,,,,,,,,,,,,,,,,,,,,,,,-0.0978265431182505,0.10848380499314417,,,,,,,,,,
2023Q4,inner,0.001,member_diversity,uniform_1,1,1-2,,,,,,,,,,,,,,,,,,,,,,,,,,,,,0.20260146213639202,0.08663488382738184,,,,,,,,,,
2023Q4,inner,0.001,fit_slot,full,,,succeeded,,,,,,,,,,,,,,,,,,,,,,,,,,,,,,,2023Q2:refit:0.001:full,2023Q4:inner:0.001:full,True,"{""negative"": 8554, ""positive"": 3162, ""rows"": 11716}",e94a6d001cff9ac7c78b8b3e68cb1d5f5c0819e03afd65686b5a27c25abac2dc,ba03abda83417da690c3282ede1c4d009b989831051d750b9b01add1e5f025d7,0.038078,[22],Individual member scores not recorded in frozen JSON; no new calculation from prediction payloads
2023Q4,inner,0.001,fit_slot,sequential_0,0,0,succeeded,,,,,,,,,,,,,,,,,,,,,,,,,,,,,,,2023Q2:refit:0.001:sequential_0:0,2023Q4:inner:0.001:sequential_0:0,True,"{""negative"": 390, ""positive"": 122, ""rows"": 512}",100a543eef4997c7b67289b3322a02149df8b4145dddec20e76754f2846f0bab,05c7c74126eda02a1b2665e93536c3d25d13daf49ef5347d62ae0b7e4fbd8e80,0.026555,[29],Individual member scores not recorded in frozen JSON; no new calculation from prediction payloads
2023Q4,inner,0.001,fit_slot,sequential_0,0,1,succeeded,,,,,,,,,,,,,,,,,,,,,,,,,,,,,,,2023Q2:refit:0.001:sequential_0:1,2023Q4:inner:0.001:sequential_0:1,True,"{""negative"": 381, ""positive"": 131, ""rows"": 512}",2df0bd069783c568be12d6bd561da4a9f68da084900df825ccb336040de9a63a,c3fb4a9624635324a69efbe66cac087b6e21ef18f94f9166041e7aee4a97a9a4,0.027037,[34],Individual member scores not recorded in frozen JSON; no new calculation from prediction payloads
2023Q4,inner,0.001,fit_slot,sequential_0,0,2,succeeded,,,,,,,,,,,,,,,,,,,,,,,,,,,,,,,2023Q2:refit:0.001:sequential_0:2,2023Q4:inner:0.001:sequential_0:2,True,"{""negative"": 389, ""positive"": 123, ""rows"": 512}",ec0a486c422128928185cb9305b26153bde1e43c7fbe497ce8d849d42b3a3ac7,424cb33881054b5fb95681b32704aadb9656e52d9f295d0aee8d975d60feb02e,0.027201,[29],Individual member scores not recorded in frozen JSON; no new calculation from prediction payloads
2023Q4,inner,0.001,fit_slot,sequential_1,1,0,succeeded,,,,,,,,,,,,,,,,,,,,,,,,,,,,,,,2023Q2:refit:0.001:sequential_1:0,2023Q4:inner:0.001:sequential_1:0,True,"{""negative"": 376, ""positive"": 136, ""rows"": 512}",48464acfc9ae3e75818c98f34be255e85bd8d5253780fa6fbe2ac64ed61a1670,f109056143c781b2ed92a5f3cd976ca6992fb1df90e8c8f3cfc8048982cffbe0,0.027711,[31],Individual member scores not recorded in frozen JSON; no new calculation from prediction payloads
2023Q4,inner,0.001,fit_slot,sequential_1,1,1,succeeded,,,,,,,,,,,,,,,,,,,,,,,,,,,,,,,2023Q2:refit:0.001:sequential_1:1,2023Q4:inner:0.001:sequential_1:1,True,"{""negative"": 384, ""positive"": 128, ""rows"": 512}",f47aadaddb4dcb11f2faca8f0eb3f5160b81274186ebddf16627044d010a48df,39486e2be1c880fab7e0ae2370fa3fbc2767d795720b7d0bfd5d5b585b4558fb,0.028171,[29],Individual member scores not recorded in frozen JSON; no new calculation from prediction payloads
2023Q4,inner,0.001,fit_slot,sequential_1,1,2,succeeded,,,,,,,,,,,,,,,,,,,,,,,,,,,,,,,2023Q2:refit:0.001:sequential_1:2,2023Q4:inner:0.001:sequential_1:2,True,"{""negative"": 382, ""positive"": 130, ""rows"": 512}",cc2871e93efe040d4263040e241f470479ba7006fde1ae3fc1007214f3b393ae,337cfd5ebcfff77d0124a229ea6a83ee3a6c4838f8e7aa9b27e57dabdf04876c,0.027705,[30],Individual member scores not recorded in frozen JSON; no new calculation from prediction payloads
2023Q4,inner,0.001,fit_slot,uniform_0,0,0,succeeded,,,,,,,,,,,,,,,,,,,,,,,,,,,,,,,2023Q2:refit:0.001:uniform_0:0,2023Q4:inner:0.001:uniform_0:0,True,"{""negative"": 381, ""positive"": 131, ""rows"": 512}",f62a75fe5d8d3f0890c3e8a42313e03a585d0bc2da6184713ddab252c53e507c,49777372fc29af85dcfde332ba2479078a93516f5909232ba0670b9b3508bf7b,0.026515,[31],Individual member scores not recorded in frozen JSON; no new calculation from prediction payloads
2023Q4,inner,0.001,fit_slot,uniform_0,0,1,succeeded,,,,,,,,,,,,,,,,,,,,,,,,,,,,,,,2023Q2:refit:0.001:uniform_0:1,2023Q4:inner:0.001:uniform_0:1,True,"{""negative"": 372, ""positive"": 140, ""rows"": 512}",d7641881204b641573d6bdd2b56945ae1b037237dbf8fbe7e5cc7fa656eb56b8,cb40ec7c9fd769b6dd7b097bb3076c82f79cd0abaf5e4669706c5a21e71f99eb,0.027511,[36],Individual member scores not recorded in frozen JSON; no new calculation from prediction payloads
2023Q4,inner,0.001,fit_slot,uniform_0,0,2,succeeded,,,,,,,,,,,,,,,,,,,,,,,,,,,,,,,2023Q2:refit:0.001:uniform_0:2,2023Q4:inner:0.001:uniform_0:2,True,"{""negative"": 380, ""positive"": 132, ""rows"": 512}",25bdfccfd58c14a1e2b52a4bea3d3eadefc9004b2c123fc4d4c91446fac5b2c6,20ae3b3802359857c113ef664fa07ee118c5a952f84bb59bdf8eef2be2f413e0,0.026355,[31],Individual member scores not recorded in frozen JSON; no new calculation from prediction payloads
2023Q4,inner,0.001,fit_slot,uniform_1,1,0,succeeded,,,,,,,,,,,,,,,,,,,,,,,,,,,,,,,2023Q2:refit:0.001:uniform_1:0,2023Q4:inner:0.001:uniform_1:0,True,"{""negative"": 360, ""positive"": 152, ""rows"": 512}",aa011aeed55f5146490b0bee531ab9390d05c9ea21222ae3b6a2642093fa1334,035d527142bff83f7789368a06b4be56aab106cc24e8cbb1b4a316045761957d,0.026581,[30],Individual member scores not recorded in frozen JSON; no new calculation from prediction payloads
2023Q4,inner,0.001,fit_slot,uniform_1,1,1,succeeded,,,,,,,,,,,,,,,,,,,,,,,,,,,,,,,2023Q2:refit:0.001:uniform_1:1,2023Q4:inner:0.001:uniform_1:1,True,"{""negative"": 382, ""positive"": 130, ""rows"": 512}",8c80f3b7742caaabb65c9e46502b9adafe693dbcedc62ea11157ac0266215b93,9fda065186a69b05d7cc34bc52bce484a06c2608163c9ec50caee7b71a08d915,0.026931,[33],Individual member scores not recorded in frozen JSON; no new calculation from prediction payloads
2023Q4,inner,0.001,fit_slot,uniform_1,1,2,succeeded,,,,,,,,,,,,,,,,,,,,,,,,,,,,,,,2023Q2:refit:0.001:uniform_1:2,2023Q4:inner:0.001:uniform_1:2,True,"{""negative"": 374, ""positive"": 138, ""rows"": 512}",bd7fa4286b299d4d8b73ec29c4565e61cc3de8b98bffbd067552a80ff728ba73,0e01c0f9980bb1c8cf15eccd23a4e3f679ccce3fd065ab3c24f3db0a0975a48f,0.025832,[27],Individual member scores not recorded in frozen JSON; no new calculation from prediction payloads
2023Q4,inner,temporal,primary,primary_unfiltered,,,available,42201,0.4268326778624816,0,30751,30751,11450,0.27132058482026494,1.0,0,42201,0,11450,"{""all_outcomes"": {""ambiguous"": 131, ""causally_ineligible"": 26647, ""censored"": 2499, ""no_primary_signal"": 8465, ""stop_loss"": 33805, ""take_profit"": 12478}, ""causal_eligible"": 48913, ""causal_reasons"": {"""": 49279, ""insufficient_history"": 34746}, ""eligible_outcomes"": {""ambiguous"": 131, ""censored"": 2499, ""stop_loss"": 33805, ""take_profit"": 12478}, ""metric_rows"": 42201, ""openings"": 84025, ""primary_accepted"": 48913, ""primary_event"": 75560, ""primary_reasons"": {""no_momentum"": 560, ""primary_history"": 7905, ""signal"": 75560}, ""primary_signals"": 75560}",,,,,,,,,,,,,,,,,,,,,,,,,,
2023Q4,inner,temporal,model,full,,,available,1926,,,,,,,,46987,,,,"{""all_outcomes"": {""ambiguous"": 131, ""causally_ineligible"": 26647, ""censored"": 2499, ""no_primary_signal"": 8465, ""stop_loss"": 33805, ""take_profit"": 12478}, ""causal_eligible"": 48913, ""causal_reasons"": {"""": 49279, ""insufficient_history"": 34746}, ""eligible_outcomes"": {""ambiguous"": 131, ""censored"": 2499, ""stop_loss"": 33805, ""take_profit"": 12478}, ""metric_rows"": 42201, ""openings"": 84025, ""primary_accepted"": 48913, ""primary_event"": 75560, ""primary_reasons"": {""no_momentum"": 560, ""primary_history"": 7905, ""signal"": 75560}, ""primary_signals"": 75560}",conclusive_metric_rows,"{""negative"": 30751, ""positive"": 11450, ""rows"": 42201}",0.5839547411099777,0.19748522467849328,0.5279348603567264,0.27679876512824947,"{""thresholds.0.4.precision"": ""no_signals"", ""thresholds.0.5.precision"": ""no_signals""}",0.3,True,,48913,48913,"{""accepted"": 1641, ""f1"": 0.0598884729967153, ""fn"": 11058, ""fp"": 1249, ""negative"": 30751, ""positive"": 11450, ""precision"": 0.238878732480195, ""recall"": 0.03423580786026201, ""rejected"": 40560, ""rows"": 42201, ""tn"": 29502, ""tp"": 392}",,,,,,,,,,,,,
2023Q4,inner,temporal,model,sequential_0,0,,available,20384,,,,,,,,28529,,,,"{""all_outcomes"": {""ambiguous"": 131, ""causally_ineligible"": 26647, ""censored"": 2499, ""no_primary_signal"": 8465, ""stop_loss"": 33805, ""take_profit"": 12478}, ""causal_eligible"": 48913, ""causal_reasons"": {"""": 49279, ""insufficient_history"": 34746}, ""eligible_outcomes"": {""ambiguous"": 131, ""censored"": 2499, ""stop_loss"": 33805, ""take_profit"": 12478}, ""metric_rows"": 42201, ""openings"": 84025, ""primary_accepted"": 48913, ""primary_event"": 75560, ""primary_reasons"": {""no_momentum"": 560, ""primary_history"": 7905, ""signal"": 75560}, ""primary_signals"": 75560}",conclusive_metric_rows,"{""negative"": 30751, ""positive"": 11450, ""rows"": 42201}",0.5897320645546691,0.19997885911947777,0.5251471070845284,0.29183174180824256,{},0.3,True,,48913,48913,"{""accepted"": 17384, ""f1"": 0.3461191648748006, ""fn"": 6460, ""fp"": 12394, ""negative"": 30751, ""positive"": 11450, ""precision"": 0.28704555913483665, ""recall"": 0.43580786026200874, ""rejected"": 24817, ""rows"": 42201, ""tn"": 18357, ""tp"": 4990}",,,,,,,,,,,,,
2023Q4,inner,temporal,model,sequential_1,1,,available,9427,,,,,,,,39486,,,,"{""all_outcomes"": {""ambiguous"": 131, ""causally_ineligible"": 26647, ""censored"": 2499, ""no_primary_signal"": 8465, ""stop_loss"": 33805, ""take_profit"": 12478}, ""causal_eligible"": 48913, ""causal_reasons"": {"""": 49279, ""insufficient_history"": 34746}, ""eligible_outcomes"": {""ambiguous"": 131, ""censored"": 2499, ""stop_loss"": 33805, ""take_profit"": 12478}, ""metric_rows"": 42201, ""openings"": 84025, ""primary_accepted"": 48913, ""primary_event"": 75560, ""primary_reasons"": {""no_momentum"": 560, ""primary_history"": 7905, ""signal"": 75560}, ""primary_signals"": 75560}",conclusive_metric_rows,"{""negative"": 30751, ""positive"": 11450, ""rows"": 42201}",0.5951444838134198,0.2015812985336521,0.48826352364867887,0.2623890888239644,{},0.3,True,,48913,48913,"{""accepted"": 7894, ""f1"": 0.21236559139784947, ""fn"": 9396, ""fp"": 5840, ""negative"": 30751, ""positive"": 11450, ""precision"": 0.26019761844438816, ""recall"": 0.1793886462882096, ""rejected"": 34307, ""rows"": 42201, ""tn"": 24911, ""tp"": 2054}",,,,,,,,,,,,,
2023Q4,inner,temporal,model,uniform_0,0,,available,10988,,,,,,,,37925,,,,"{""all_outcomes"": {""ambiguous"": 131, ""causally_ineligible"": 26647, ""censored"": 2499, ""no_primary_signal"": 8465, ""stop_loss"": 33805, ""take_profit"": 12478}, ""causal_eligible"": 48913, ""causal_reasons"": {"""": 49279, ""insufficient_history"": 34746}, ""eligible_outcomes"": {""ambiguous"": 131, ""censored"": 2499, ""stop_loss"": 33805, ""take_profit"": 12478}, ""metric_rows"": 42201, ""openings"": 84025, ""primary_accepted"": 48913, ""primary_event"": 75560, ""primary_reasons"": {""no_momentum"": 560, ""primary_history"": 7905, ""signal"": 75560}, ""primary_signals"": 75560}",conclusive_metric_rows,"{""negative"": 30751, ""positive"": 11450, ""rows"": 42201}",0.5874351451668445,0.19881333022190598,0.5212205546196602,0.28436290554949345,{},0.3,True,,48913,48913,"{""accepted"": 9126, ""f1"": 0.2615668740279938, ""fn"": 8759, ""fp"": 6435, ""negative"": 30751, ""positive"": 11450, ""precision"": 0.2948717948717949, ""recall"": 0.23502183406113536, ""rejected"": 33075, ""rows"": 42201, ""tn"": 24316, ""tp"": 2691}",,,,,,,,,,,,,
2023Q4,inner,temporal,model,uniform_1,1,,available,11802,,,,,,,,37111,,,,"{""all_outcomes"": {""ambiguous"": 131, ""causally_ineligible"": 26647, ""censored"": 2499, ""no_primary_signal"": 8465, ""stop_loss"": 33805, ""take_profit"": 12478}, ""causal_eligible"": 48913, ""causal_reasons"": {"""": 49279, ""insufficient_history"": 34746}, ""eligible_outcomes"": {""ambiguous"": 131, ""censored"": 2499, ""stop_loss"": 33805, ""take_profit"": 12478}, ""metric_rows"": 42201, ""openings"": 84025, ""primary_accepted"": 48913, ""primary_event"": 75560, ""primary_reasons"": {""no_momentum"": 560, ""primary_history"": 7905, ""signal"": 75560}, ""primary_signals"": 75560}",conclusive_metric_rows,"{""negative"": 30751, ""positive"": 11450, ""rows"": 42201}",0.5863964485397096,0.19836296651485025,0.5146524151804486,0.28888202494193915,{},0.3,True,,48913,48913,"{""accepted"": 9832, ""f1"": 0.26463678225730664, ""fn"": 8634, ""fp"": 7016, ""negative"": 30751, ""positive"": 11450, ""precision"": 0.28641171684296174, ""recall"": 0.24593886462882097, ""rejected"": 32369, ""rows"": 42201, ""tn"": 23735, ""tp"": 2816}",,,,,,,,,,,,,
2023Q4,inner,temporal,model,weighted_constant,,,available,0,,,,,,,,48913,,,,"{""all_outcomes"": {""ambiguous"": 131, ""causally_ineligible"": 26647, ""censored"": 2499, ""no_primary_signal"": 8465, ""stop_loss"": 33805, ""take_profit"": 12478}, ""causal_eligible"": 48913, ""causal_reasons"": {"""": 49279, ""insufficient_history"": 34746}, ""eligible_outcomes"": {""ambiguous"": 131, ""censored"": 2499, ""stop_loss"": 33805, ""take_profit"": 12478}, ""metric_rows"": 42201, ""openings"": 84025, ""primary_accepted"": 48913, ""primary_event"": 75560, ""primary_reasons"": {""no_momentum"": 560, ""primary_history"": 7905, ""signal"": 75560}, ""primary_signals"": 75560}",conclusive_metric_rows,"{""negative"": 30751, ""positive"": 11450, ""rows"": 42201}",0.5846528351961348,0.19773900583404405,0.5,0.27132058482026494,"{""thresholds.0.3.precision"": ""no_signals"", ""thresholds.0.4.precision"": ""no_signals"", ""thresholds.0.5.precision"": ""no_signals""}",0.5,True,,48913,48913,"{""accepted"": 0, ""f1"": 0.0, ""fn"": 11450, ""fp"": 0, ""negative"": 30751, ""positive"": 11450, ""precision"": null, ""recall"": 0.0, ""rejected"": 42201, ""rows"": 42201, ""tn"": 30751, ""tp"": 0}",,,,,,,,,,,,,
2023Q4,inner,temporal,model,weighted_logistic,,,available,9292,,,,,,,,39621,,,,"{""all_outcomes"": {""ambiguous"": 131, ""causally_ineligible"": 26647, ""censored"": 2499, ""no_primary_signal"": 8465, ""stop_loss"": 33805, ""take_profit"": 12478}, ""causal_eligible"": 48913, ""causal_reasons"": {"""": 49279, ""insufficient_history"": 34746}, ""eligible_outcomes"": {""ambiguous"": 131, ""censored"": 2499, ""stop_loss"": 33805, ""take_profit"": 12478}, ""metric_rows"": 42201, ""openings"": 84025, ""primary_accepted"": 48913, ""primary_event"": 75560, ""primary_reasons"": {""no_momentum"": 560, ""primary_history"": 7905, ""signal"": 75560}, ""primary_signals"": 75560}",conclusive_metric_rows,"{""negative"": 30751, ""positive"": 11450, ""rows"": 42201}",0.581848847147821,0.1966305512506539,0.5503651686550045,0.3022100443762341,"{""thresholds.0.4.precision"": ""no_signals"", ""thresholds.0.5.precision"": ""no_signals""}",0.3,True,,48913,48913,"{""accepted"": 8571, ""f1"": 0.28560011987413214, ""fn"": 8591, ""fp"": 5712, ""negative"": 30751, ""positive"": 11450, ""precision"": 0.3335666783339167, ""recall"": 0.2496943231441048, ""rejected"": 33630, ""rows"": 42201, ""tn"": 25039, ""tp"": 2859}",,,,,,,,,,,,,
2023Q4,inner,temporal,paired_sensitivity,sequential_0_minus_full,,,descriptive_not_confidence_interval,,,,,,,,,,,,,,,,,,,,,,,,,,,"{""brier"": {""delete_week_max"": 0.0031426012082275646, ""delete_week_min"": 0.0017920646959922537, ""delta"": 0.002493634440984479}, ""log_loss"": {""delete_week_max"": 0.007482671361636334, ""delete_week_min"": 0.0042698301914308985, ""delta"": 0.005777323444691384}, ""status"": ""descriptive_not_confidence_interval"", ""weekly_support"": [{""negative"": 4001, ""positive"": 1297, ""rows"": 5298, ""week_start_epoch"": 1690761600}, {""negative"": 3877, ""positive"": 1373, ""rows"": 5250, ""week_start_epoch"": 1691366400}, {""negative"": 3516, ""positive"": 1636, ""rows"": 5152, ""week_start_epoch"": 1691971200}, {""negative"": 3581, ""positive"": 1726, ""rows"": 5307, ""week_start_epoch"": 1692576000}, {""negative"": 3854, ""positive"": 1409, ""rows"": 5263, ""week_start_epoch"": 1693180800}, {""negative"": 4000, ""positive"": 1245, ""rows"": 5245, ""week_start_epoch"": 1693785600}, {""negative"": 3781, ""positive"": 1187, ""rows"": 4968, ""week_start_epoch"": 1694390400}, {""negative"": 3913, ""positive"": 1365, ""rows"": 5278, ""week_start_epoch"": 1694995200}, {""negative"": 228, ""positive"": 212, ""rows"": 440, ""week_start_epoch"": 1695600000}], ""weeks"": 9}",,,,,,,,,,,,
2023Q4,inner,temporal,paired_sensitivity,sequential_0_minus_uniform_0,,,descriptive_not_confidence_interval,,,,,,,,,,,,,,,,,,,,,,,,,,,"{""brier"": {""delete_week_max"": 0.00199740874182463, ""delete_week_min"": 0.0005455360233853248, ""delta"": 0.0011655288975717952}, ""log_loss"": {""delete_week_max"": 0.00423276639544251, ""delete_week_min"": 0.0005688691862015507, ""delta"": 0.0022969193878247134}, ""status"": ""descriptive_not_confidence_interval"", ""weekly_support"": [{""negative"": 4001, ""positive"": 1297, ""rows"": 5298, ""week_start_epoch"": 1690761600}, {""negative"": 3877, ""positive"": 1373, ""rows"": 5250, ""week_start_epoch"": 1691366400}, {""negative"": 3516, ""positive"": 1636, ""rows"": 5152, ""week_start_epoch"": 1691971200}, {""negative"": 3581, ""positive"": 1726, ""rows"": 5307, ""week_start_epoch"": 1692576000}, {""negative"": 3854, ""positive"": 1409, ""rows"": 5263, ""week_start_epoch"": 1693180800}, {""negative"": 4000, ""positive"": 1245, ""rows"": 5245, ""week_start_epoch"": 1693785600}, {""negative"": 3781, ""positive"": 1187, ""rows"": 4968, ""week_start_epoch"": 1694390400}, {""negative"": 3913, ""positive"": 1365, ""rows"": 5278, ""week_start_epoch"": 1694995200}, {""negative"": 228, ""positive"": 212, ""rows"": 440, ""week_start_epoch"": 1695600000}], ""weeks"": 9}",,,,,,,,,,,,
2023Q4,inner,temporal,paired_sensitivity,sequential_0_minus_weighted_constant,,,descriptive_not_confidence_interval,,,,,,,,,,,,,,,,,,,,,,,,,,,"{""brier"": {""delete_week_max"": 0.0030893107529741774, ""delete_week_min"": 0.0014378563436858844, ""delta"": 0.002239853285433668}, ""log_loss"": {""delete_week_max"": 0.006983462655028132, ""delete_week_min"": 0.003150549591321247, ""delta"": 0.005079229358534362}, ""status"": ""descriptive_not_confidence_interval"", ""weekly_support"": [{""negative"": 4001, ""positive"": 1297, ""rows"": 5298, ""week_start_epoch"": 1690761600}, {""negative"": 3877, ""positive"": 1373, ""rows"": 5250, ""week_start_epoch"": 1691366400}, {""negative"": 3516, ""positive"": 1636, ""rows"": 5152, ""week_start_epoch"": 1691971200}, {""negative"": 3581, ""positive"": 1726, ""rows"": 5307, ""week_start_epoch"": 1692576000}, {""negative"": 3854, ""positive"": 1409, ""rows"": 5263, ""week_start_epoch"": 1693180800}, {""negative"": 4000, ""positive"": 1245, ""rows"": 5245, ""week_start_epoch"": 1693785600}, {""negative"": 3781, ""positive"": 1187, ""rows"": 4968, ""week_start_epoch"": 1694390400}, {""negative"": 3913, ""positive"": 1365, ""rows"": 5278, ""week_start_epoch"": 1694995200}, {""negative"": 228, ""positive"": 212, ""rows"": 440, ""week_start_epoch"": 1695600000}], ""weeks"": 9}",,,,,,,,,,,,
2023Q4,inner,temporal,paired_sensitivity,sequential_0_minus_weighted_logistic,,,descriptive_not_confidence_interval,,,,,,,,,,,,,,,,,,,,,,,,,,,"{""brier"": {""delete_week_max"": 0.0038150305743755416, ""delete_week_min"": 0.0025435440270706114, ""delta"": 0.0033483078688238696}, ""log_loss"": {""delete_week_max"": 0.009231660392743379, ""delete_week_min"": 0.006094290299770727, ""delta"": 0.007883217406848065}, ""status"": ""descriptive_not_confidence_interval"", ""weekly_support"": [{""negative"": 4001, ""positive"": 1297, ""rows"": 5298, ""week_start_epoch"": 1690761600}, {""negative"": 3877, ""positive"": 1373, ""rows"": 5250, ""week_start_epoch"": 1691366400}, {""negative"": 3516, ""positive"": 1636, ""rows"": 5152, ""week_start_epoch"": 1691971200}, {""negative"": 3581, ""positive"": 1726, ""rows"": 5307, ""week_start_epoch"": 1692576000}, {""negative"": 3854, ""positive"": 1409, ""rows"": 5263, ""week_start_epoch"": 1693180800}, {""negative"": 4000, ""positive"": 1245, ""rows"": 5245, ""week_start_epoch"": 1693785600}, {""negative"": 3781, ""positive"": 1187, ""rows"": 4968, ""week_start_epoch"": 1694390400}, {""negative"": 3913, ""positive"": 1365, ""rows"": 5278, ""week_start_epoch"": 1694995200}, {""negative"": 228, ""positive"": 212, ""rows"": 440, ""week_start_epoch"": 1695600000}], ""weeks"": 9}",,,,,,,,,,,,
2023Q4,inner,temporal,paired_sensitivity,sequential_1_minus_full,,,descriptive_not_confidence_interval,,,,,,,,,,,,,,,,,,,,,,,,,,,"{""brier"": {""delete_week_max"": 0.0046393943824788375, ""delete_week_min"": 0.0035658532806277727, ""delta"": 0.004096073855158773}, ""log_loss"": {""delete_week_max"": 0.012592960620771313, ""delete_week_min"": 0.009605023744877223, ""delta"": 0.011189742703442078}, ""status"": ""descriptive_not_confidence_interval"", ""weekly_support"": [{""negative"": 4001, ""positive"": 1297, ""rows"": 5298, ""week_start_epoch"": 1690761600}, {""negative"": 3877, ""positive"": 1373, ""rows"": 5250, ""week_start_epoch"": 1691366400}, {""negative"": 3516, ""positive"": 1636, ""rows"": 5152, ""week_start_epoch"": 1691971200}, {""negative"": 3581, ""positive"": 1726, ""rows"": 5307, ""week_start_epoch"": 1692576000}, {""negative"": 3854, ""positive"": 1409, ""rows"": 5263, ""week_start_epoch"": 1693180800}, {""negative"": 4000, ""positive"": 1245, ""rows"": 5245, ""week_start_epoch"": 1693785600}, {""negative"": 3781, ""positive"": 1187, ""rows"": 4968, ""week_start_epoch"": 1694390400}, {""negative"": 3913, ""positive"": 1365, ""rows"": 5278, ""week_start_epoch"": 1694995200}, {""negative"": 228, ""positive"": 212, ""rows"": 440, ""week_start_epoch"": 1695600000}], ""weeks"": 9}",,,,,,,,,,,,
2023Q4,inner,temporal,paired_sensitivity,sequential_1_minus_uniform_1,,,descriptive_not_confidence_interval,,,,,,,,,,,,,,,,,,,,,,,,,,,"{""brier"": {""delete_week_max"": 0.0037081577707411763, ""delete_week_min"": 0.002574942464401999, ""delta"": 0.003218332018801849}, ""log_loss"": {""delete_week_max"": 0.009943021047808212, ""delete_week_min"": 0.007164176255063748, ""delta"": 0.008748035273710195}, ""status"": ""descriptive_not_confidence_interval"", ""weekly_support"": [{""negative"": 4001, ""positive"": 1297, ""rows"": 5298, ""week_start_epoch"": 1690761600}, {""negative"": 3877, ""positive"": 1373, ""rows"": 5250, ""week_start_epoch"": 1691366400}, {""negative"": 3516, ""positive"": 1636, ""rows"": 5152, ""week_start_epoch"": 1691971200}, {""negative"": 3581, ""positive"": 1726, ""rows"": 5307, ""week_start_epoch"": 1692576000}, {""negative"": 3854, ""positive"": 1409, ""rows"": 5263, ""week_start_epoch"": 1693180800}, {""negative"": 4000, ""positive"": 1245, ""rows"": 5245, ""week_start_epoch"": 1693785600}, {""negative"": 3781, ""positive"": 1187, ""rows"": 4968, ""week_start_epoch"": 1694390400}, {""negative"": 3913, ""positive"": 1365, ""rows"": 5278, ""week_start_epoch"": 1694995200}, {""negative"": 228, ""positive"": 212, ""rows"": 440, ""week_start_epoch"": 1695600000}], ""weeks"": 9}",,,,,,,,,,,,
2023Q4,inner,temporal,paired_sensitivity,sequential_1_minus_weighted_constant,,,descriptive_not_confidence_interval,,,,,,,,,,,,,,,,,,,,,,,,,,,"{""brier"": {""delete_week_max"": 0.004462125790380296, ""delete_week_min"": 0.0033683615742480947, ""delta"": 0.0038422926996079633}, ""log_loss"": {""delete_week_max"": 0.012087999817460124, ""delete_week_min"": 0.009045525511863519, ""delta"": 0.010491648617285059}, ""status"": ""descriptive_not_confidence_interval"", ""weekly_support"": [{""negative"": 4001, ""positive"": 1297, ""rows"": 5298, ""week_start_epoch"": 1690761600}, {""negative"": 3877, ""positive"": 1373, ""rows"": 5250, ""week_start_epoch"": 1691366400}, {""negative"": 3516, ""positive"": 1636, ""rows"": 5152, ""week_start_epoch"": 1691971200}, {""negative"": 3581, ""positive"": 1726, ""rows"": 5307, ""week_start_epoch"": 1692576000}, {""negative"": 3854, ""positive"": 1409, ""rows"": 5263, ""week_start_epoch"": 1693180800}, {""negative"": 4000, ""positive"": 1245, ""rows"": 5245, ""week_start_epoch"": 1693785600}, {""negative"": 3781, ""positive"": 1187, ""rows"": 4968, ""week_start_epoch"": 1694390400}, {""negative"": 3913, ""positive"": 1365, ""rows"": 5278, ""week_start_epoch"": 1694995200}, {""negative"": 228, ""positive"": 212, ""rows"": 440, ""week_start_epoch"": 1695600000}], ""weeks"": 9}",,,,,,,,,,,,
2023Q4,inner,temporal,paired_sensitivity,sequential_1_minus_weighted_logistic,,,descriptive_not_confidence_interval,,,,,,,,,,,,,,,,,,,,,,,,,,,"{""brier"": {""delete_week_max"": 0.0059923902024927615, ""delete_week_min"": 0.004305999132842909, ""delta"": 0.004950747282998164}, ""log_loss"": {""delete_week_max"": 0.015980486232126917, ""delete_week_min"": 0.011594726020687377, ""delta"": 0.013295636665598756}, ""status"": ""descriptive_not_confidence_interval"", ""weekly_support"": [{""negative"": 4001, ""positive"": 1297, ""rows"": 5298, ""week_start_epoch"": 1690761600}, {""negative"": 3877, ""positive"": 1373, ""rows"": 5250, ""week_start_epoch"": 1691366400}, {""negative"": 3516, ""positive"": 1636, ""rows"": 5152, ""week_start_epoch"": 1691971200}, {""negative"": 3581, ""positive"": 1726, ""rows"": 5307, ""week_start_epoch"": 1692576000}, {""negative"": 3854, ""positive"": 1409, ""rows"": 5263, ""week_start_epoch"": 1693180800}, {""negative"": 4000, ""positive"": 1245, ""rows"": 5245, ""week_start_epoch"": 1693785600}, {""negative"": 3781, ""positive"": 1187, ""rows"": 4968, ""week_start_epoch"": 1694390400}, {""negative"": 3913, ""positive"": 1365, ""rows"": 5278, ""week_start_epoch"": 1694995200}, {""negative"": 228, ""positive"": 212, ""rows"": 440, ""week_start_epoch"": 1695600000}], ""weeks"": 9}",,,,,,,,,,,,
2023Q4,inner,temporal,paired_sensitivity,uniform_0_minus_full,,,descriptive_not_confidence_interval,,,,,,,,,,,,,,,,,,,,,,,,,,,"{""brier"": {""delete_week_max"": 0.0021120277712675197, ""delete_week_min"": 0.0005839210285860183, ""delta"": 0.0013281055434126833}, ""log_loss"": {""delete_week_max"": 0.005468738549691059, ""delete_week_min"": 0.0015212048233876844, ""delta"": 0.003480404056866671}, ""status"": ""descriptive_not_confidence_interval"", ""weekly_support"": [{""negative"": 4001, ""positive"": 1297, ""rows"": 5298, ""week_start_epoch"": 1690761600}, {""negative"": 3877, ""positive"": 1373, ""rows"": 5250, ""week_start_epoch"": 1691366400}, {""negative"": 3516, ""positive"": 1636, ""rows"": 5152, ""week_start_epoch"": 1691971200}, {""negative"": 3581, ""positive"": 1726, ""rows"": 5307, ""week_start_epoch"": 1692576000}, {""negative"": 3854, ""positive"": 1409, ""rows"": 5263, ""week_start_epoch"": 1693180800}, {""negative"": 4000, ""positive"": 1245, ""rows"": 5245, ""week_start_epoch"": 1693785600}, {""negative"": 3781, ""positive"": 1187, ""rows"": 4968, ""week_start_epoch"": 1694390400}, {""negative"": 3913, ""positive"": 1365, ""rows"": 5278, ""week_start_epoch"": 1694995200}, {""negative"": 228, ""positive"": 212, ""rows"": 440, ""week_start_epoch"": 1695600000}], ""weeks"": 9}",,,,,,,,,,,,
2023Q4,inner,temporal,paired_sensitivity,uniform_0_minus_weighted_constant,,,descriptive_not_confidence_interval,,,,,,,,,,,,,,,,,,,,,,,,,,,"{""brier"": {""delete_week_max"": 0.0018437181996462124, ""delete_week_min"": 0.0002488780060391042, ""delta"": 0.0010743243878618728}, ""log_loss"": {""delete_week_max"": 0.00472171406065708, ""delete_week_min"": 0.0006249213707482747, ""delta"": 0.0027823099707096496}, ""status"": ""descriptive_not_confidence_interval"", ""weekly_support"": [{""negative"": 4001, ""positive"": 1297, ""rows"": 5298, ""week_start_epoch"": 1690761600}, {""negative"": 3877, ""positive"": 1373, ""rows"": 5250, ""week_start_epoch"": 1691366400}, {""negative"": 3516, ""positive"": 1636, ""rows"": 5152, ""week_start_epoch"": 1691971200}, {""negative"": 3581, ""positive"": 1726, ""rows"": 5307, ""week_start_epoch"": 1692576000}, {""negative"": 3854, ""positive"": 1409, ""rows"": 5263, ""week_start_epoch"": 1693180800}, {""negative"": 4000, ""positive"": 1245, ""rows"": 5245, ""week_start_epoch"": 1693785600}, {""negative"": 3781, ""positive"": 1187, ""rows"": 4968, ""week_start_epoch"": 1694390400}, {""negative"": 3913, ""positive"": 1365, ""rows"": 5278, ""week_start_epoch"": 1694995200}, {""negative"": 228, ""positive"": 212, ""rows"": 440, ""week_start_epoch"": 1695600000}], ""weeks"": 9}",,,,,,,,,,,,
2023Q4,inner,temporal,paired_sensitivity,uniform_0_minus_weighted_logistic,,,descriptive_not_confidence_interval,,,,,,,,,,,,,,,,,,,,,,,,,,,"{""brier"": {""delete_week_max"": 0.002854311316601126, ""delete_week_min"": 0.001330212830622102, ""delta"": 0.002182778971252075}, ""log_loss"": {""delete_week_max"": 0.007244254949435281, ""delete_week_min"": 0.0033207996651039053, ""delta"": 0.00558629801902335}, ""status"": ""descriptive_not_confidence_interval"", ""weekly_support"": [{""negative"": 4001, ""positive"": 1297, ""rows"": 5298, ""week_start_epoch"": 1690761600}, {""negative"": 3877, ""positive"": 1373, ""rows"": 5250, ""week_start_epoch"": 1691366400}, {""negative"": 3516, ""positive"": 1636, ""rows"": 5152, ""week_start_epoch"": 1691971200}, {""negative"": 3581, ""positive"": 1726, ""rows"": 5307, ""week_start_epoch"": 1692576000}, {""negative"": 3854, ""positive"": 1409, ""rows"": 5263, ""week_start_epoch"": 1693180800}, {""negative"": 4000, ""positive"": 1245, ""rows"": 5245, ""week_start_epoch"": 1693785600}, {""negative"": 3781, ""positive"": 1187, ""rows"": 4968, ""week_start_epoch"": 1694390400}, {""negative"": 3913, ""positive"": 1365, ""rows"": 5278, ""week_start_epoch"": 1694995200}, {""negative"": 228, ""positive"": 212, ""rows"": 440, ""week_start_epoch"": 1695600000}], ""weeks"": 9}",,,,,,,,,,,,
2023Q4,inner,temporal,paired_sensitivity,uniform_1_minus_full,,,descriptive_not_confidence_interval,,,,,,,,,,,,,,,,,,,,,,,,,,,"{""brier"": {""delete_week_max"": 0.0011668691991843665, ""delete_week_min"": 0.00048539268126953364, ""delta"": 0.0008777418363569243}, ""log_loss"": {""delete_week_max"": 0.0032369893220260174, ""delete_week_min"": 0.0014872648055940007, ""delta"": 0.0024417074297318855}, ""status"": ""descriptive_not_confidence_interval"", ""weekly_support"": [{""negative"": 4001, ""positive"": 1297, ""rows"": 5298, ""week_start_epoch"": 1690761600}, {""negative"": 3877, ""positive"": 1373, ""rows"": 5250, ""week_start_epoch"": 1691366400}, {""negative"": 3516, ""positive"": 1636, ""rows"": 5152, ""week_start_epoch"": 1691971200}, {""negative"": 3581, ""positive"": 1726, ""rows"": 5307, ""week_start_epoch"": 1692576000}, {""negative"": 3854, ""positive"": 1409, ""rows"": 5263, ""week_start_epoch"": 1693180800}, {""negative"": 4000, ""positive"": 1245, ""rows"": 5245, ""week_start_epoch"": 1693785600}, {""negative"": 3781, ""positive"": 1187, ""rows"": 4968, ""week_start_epoch"": 1694390400}, {""negative"": 3913, ""positive"": 1365, ""rows"": 5278, ""week_start_epoch"": 1694995200}, {""negative"": 228, ""positive"": 212, ""rows"": 440, ""week_start_epoch"": 1695600000}], ""weeks"": 9}",,,,,,,,,,,,
2023Q4,inner,temporal,paired_sensitivity,uniform_1_minus_weighted_constant,,,descriptive_not_confidence_interval,,,,,,,,,,,,,,,,,,,,,,,,,,,"{""brier"": {""delete_week_max"": 0.0010871637124384237, ""delete_week_min"": 0.00015034965872261943, ""delta"": 0.0006239606808061135}, ""log_loss"": {""delete_week_max"": 0.002828250228862897, ""delete_week_min"": 0.0005909813529545921, ""delta"": 0.0017436133435748638}, ""status"": ""descriptive_not_confidence_interval"", ""weekly_support"": [{""negative"": 4001, ""positive"": 1297, ""rows"": 5298, ""week_start_epoch"": 1690761600}, {""negative"": 3877, ""positive"": 1373, ""rows"": 5250, ""week_start_epoch"": 1691366400}, {""negative"": 3516, ""positive"": 1636, ""rows"": 5152, ""week_start_epoch"": 1691971200}, {""negative"": 3581, ""positive"": 1726, ""rows"": 5307, ""week_start_epoch"": 1692576000}, {""negative"": 3854, ""positive"": 1409, ""rows"": 5263, ""week_start_epoch"": 1693180800}, {""negative"": 4000, ""positive"": 1245, ""rows"": 5245, ""week_start_epoch"": 1693785600}, {""negative"": 3781, ""positive"": 1187, ""rows"": 4968, ""week_start_epoch"": 1694390400}, {""negative"": 3913, ""positive"": 1365, ""rows"": 5278, ""week_start_epoch"": 1694995200}, {""negative"": 228, ""positive"": 212, ""rows"": 440, ""week_start_epoch"": 1695600000}], ""weeks"": 9}",,,,,,,,,,,,
2023Q4,inner,temporal,paired_sensitivity,uniform_1_minus_weighted_logistic,,,descriptive_not_confidence_interval,,,,,,,,,,,,,,,,,,,,,,,,,,,"{""brier"": {""delete_week_max"": 0.002358663750035899, ""delete_week_min"": 0.0012316844833056171, ""delta"": 0.0017324152641963156}, ""log_loss"": {""delete_week_max"": 0.006153965498296734, ""delete_week_min"": 0.003286859647310222, ""delta"": 0.004547601391888565}, ""status"": ""descriptive_not_confidence_interval"", ""weekly_support"": [{""negative"": 4001, ""positive"": 1297, ""rows"": 5298, ""week_start_epoch"": 1690761600}, {""negative"": 3877, ""positive"": 1373, ""rows"": 5250, ""week_start_epoch"": 1691366400}, {""negative"": 3516, ""positive"": 1636, ""rows"": 5152, ""week_start_epoch"": 1691971200}, {""negative"": 3581, ""positive"": 1726, ""rows"": 5307, ""week_start_epoch"": 1692576000}, {""negative"": 3854, ""positive"": 1409, ""rows"": 5263, ""week_start_epoch"": 1693180800}, {""negative"": 4000, ""positive"": 1245, ""rows"": 5245, ""week_start_epoch"": 1693785600}, {""negative"": 3781, ""positive"": 1187, ""rows"": 4968, ""week_start_epoch"": 1694390400}, {""negative"": 3913, ""positive"": 1365, ""rows"": 5278, ""week_start_epoch"": 1694995200}, {""negative"": 228, ""positive"": 212, ""rows"": 440, ""week_start_epoch"": 1695600000}], ""weeks"": 9}",,,,,,,,,,,,
2023Q4,inner,temporal,member_diversity,sequential_0,0,0-1,,,,,,,,,,,,,,,,,,,,,,,,,,,,,0.04584778763318932,0.12552060292712747,,,,,,,,,,
2023Q4,inner,temporal,member_diversity,sequential_0,0,0-2,,,,,,,,,,,,,,,,,,,,,,,,,,,,,-0.08368242037593221,0.09912576561627687,,,,,,,,,,
2023Q4,inner,temporal,member_diversity,sequential_0,0,1-2,,,,,,,,,,,,,,,,,,,,,,,,,,,,,0.46279190697528255,0.09763333072256795,,,,,,,,,,
2023Q4,inner,temporal,member_diversity,sequential_1,1,0-1,,,,,,,,,,,,,,,,,,,,,,,,,,,,,0.04391266998066218,0.10535562573274564,,,,,,,,,,
2023Q4,inner,temporal,member_diversity,sequential_1,1,0-2,,,,,,,,,,,,,,,,,,,,,,,,,,,,,-0.1573392029871489,0.11150632563355171,,,,,,,,,,
2023Q4,inner,temporal,member_diversity,sequential_1,1,1-2,,,,,,,,,,,,,,,,,,,,,,,,,,,,,-0.059558519365287714,0.12150322317109241,,,,,,,,,,
2023Q4,inner,temporal,member_diversity,uniform_0,0,0-1,,,,,,,,,,,,,,,,,,,,,,,,,,,,,-0.039123464605954075,0.10550824708398253,,,,,,,,,,
2023Q4,inner,temporal,member_diversity,uniform_0,0,0-2,,,,,,,,,,,,,,,,,,,,,,,,,,,,,-0.15417429422335233,0.11813563648772892,,,,,,,,,,
2023Q4,inner,temporal,member_diversity,uniform_0,0,1-2,,,,,,,,,,,,,,,,,,,,,,,,,,,,,-0.08103248128109997,0.1267193049356708,,,,,,,,,,
2023Q4,inner,temporal,member_diversity,uniform_1,1,0-1,,,,,,,,,,,,,,,,,,,,,,,,,,,,,-0.07597372393893587,0.09157889578095388,,,,,,,,,,
2023Q4,inner,temporal,member_diversity,uniform_1,1,0-2,,,,,,,,,,,,,,,,,,,,,,,,,,,,,-0.08535746257749738,0.09394883624475023,,,,,,,,,,
2023Q4,inner,temporal,member_diversity,uniform_1,1,1-2,,,,,,,,,,,,,,,,,,,,,,,,,,,,,-0.10640473325891844,0.1024572666665975,,,,,,,,,,
2023Q4,inner,temporal,fit_slot,full,,,succeeded,,,,,,,,,,,,,,,,,,,,,,,,,,,,,,,2023Q3:refit:temporal:full,2023Q4:inner:temporal:full,True,"{""negative"": 259651, ""positive"": 96348, ""rows"": 355999}",1a811569c8048f0608b287ed19fd7bcd5e2ea3955afc5d5b4d8b958c70e32d80,f57823ad78c5885635da65beb205799b3c9769050ebb184731ac9a29f625c346,0.402573,[19],Individual member scores not recorded in frozen JSON; no new calculation from prediction payloads
2023Q4,inner,temporal,fit_slot,sequential_0,0,0,succeeded,,,,,,,,,,,,,,,,,,,,,,,,,,,,,,,2023Q3:refit:temporal:sequential_0:0,2023Q4:inner:temporal:sequential_0:0,True,"{""negative"": 381, ""positive"": 131, ""rows"": 512}",c2629a58e5beacb10857ebed3ee2faf85cf889231dcb264fce6b39115082e7fc,d40252b0e0e12df684746d1dd14a058da0d16c709c26ced8a37a6e6db2fff7b5,0.028698,[33],Individual member scores not recorded in frozen JSON; no new calculation from prediction payloads
2023Q4,inner,temporal,fit_slot,sequential_0,0,1,succeeded,,,,,,,,,,,,,,,,,,,,,,,,,,,,,,,2023Q3:refit:temporal:sequential_0:1,2023Q4:inner:temporal:sequential_0:1,True,"{""negative"": 361, ""positive"": 151, ""rows"": 512}",b2dfb68794b302d912f1490ff1b42f7269e51e33206f1f8a6527f77230ff4ebc,c59fa716f312887686e654ffa872bb6ca6ac268cb60511f35bd23b9f22df157b,0.026388,[32],Individual member scores not recorded in frozen JSON; no new calculation from prediction payloads
2023Q4,inner,temporal,fit_slot,sequential_0,0,2,succeeded,,,,,,,,,,,,,,,,,,,,,,,,,,,,,,,2023Q3:refit:temporal:sequential_0:2,2023Q4:inner:temporal:sequential_0:2,True,"{""negative"": 359, ""positive"": 153, ""rows"": 512}",f795e6755ce2fba81ef0803d5eed4f7eec6877e985e739eecd37ac8032e4fe10,ad5328fdc1e5b28c1e1160e5823dd076f99e5bad24cb8f8faf02b574cbad44c0,0.027536,[32],Individual member scores not recorded in frozen JSON; no new calculation from prediction payloads
2023Q4,inner,temporal,fit_slot,sequential_1,1,0,succeeded,,,,,,,,,,,,,,,,,,,,,,,,,,,,,,,2023Q3:refit:temporal:sequential_1:0,2023Q4:inner:temporal:sequential_1:0,True,"{""negative"": 382, ""positive"": 130, ""rows"": 512}",f9a18e63a51ac660e4bb04f54f5206962f6cd3608e20eb76951d3267a69cf45c,4cb0a018597ce41818d5d12012a4704ea14334ef9855f265db93f437b1ca5af7,0.030288,[29],Individual member scores not recorded in frozen JSON; no new calculation from prediction payloads
2023Q4,inner,temporal,fit_slot,sequential_1,1,1,succeeded,,,,,,,,,,,,,,,,,,,,,,,,,,,,,,,2023Q3:refit:temporal:sequential_1:1,2023Q4:inner:temporal:sequential_1:1,True,"{""negative"": 378, ""positive"": 134, ""rows"": 512}",42d1e75f39ad9d21afde219b953ddabaa31b9c316213aff2bb2834d40bdff4b9,e6518c548eb75cc2f2212b22c5447d76063566015aeacc8fc0933ee01bfd77f2,0.02881,[35],Individual member scores not recorded in frozen JSON; no new calculation from prediction payloads
2023Q4,inner,temporal,fit_slot,sequential_1,1,2,succeeded,,,,,,,,,,,,,,,,,,,,,,,,,,,,,,,2023Q3:refit:temporal:sequential_1:2,2023Q4:inner:temporal:sequential_1:2,True,"{""negative"": 371, ""positive"": 141, ""rows"": 512}",022eb7566c4505deeaa37131b22c7f54afe5af24d39ca4a9f318fa7365e9e0c2,be2ac830c807b5aa6882d583dcded3f0152b3e70563959725fa319fc9c7f1be9,0.04008,[30],Individual member scores not recorded in frozen JSON; no new calculation from prediction payloads
2023Q4,inner,temporal,fit_slot,uniform_0,0,0,succeeded,,,,,,,,,,,,,,,,,,,,,,,,,,,,,,,2023Q3:refit:temporal:uniform_0:0,2023Q4:inner:temporal:uniform_0:0,True,"{""negative"": 394, ""positive"": 118, ""rows"": 512}",1971b9ec9661e36becf9ad17a4d72e705634771b48662972b5986a1cdf0c5b17,1d2608ed637e6f10799b9aa447515db0e5ba435c295d32a60cd415ca465369f8,0.028372,[33],Individual member scores not recorded in frozen JSON; no new calculation from prediction payloads
2023Q4,inner,temporal,fit_slot,uniform_0,0,1,succeeded,,,,,,,,,,,,,,,,,,,,,,,,,,,,,,,2023Q3:refit:temporal:uniform_0:1,2023Q4:inner:temporal:uniform_0:1,True,"{""negative"": 359, ""positive"": 153, ""rows"": 512}",e2bcb2e416cca390c1a72b5c0d08506f63fe9b2f2f72efc1e28bb26b2d749c1e,ceb556759c41ed7d0de1640a0237ecf1ae3e9b591973c014ba29717fadb5e811,0.026976,[29],Individual member scores not recorded in frozen JSON; no new calculation from prediction payloads
2023Q4,inner,temporal,fit_slot,uniform_0,0,2,succeeded,,,,,,,,,,,,,,,,,,,,,,,,,,,,,,,2023Q3:refit:temporal:uniform_0:2,2023Q4:inner:temporal:uniform_0:2,True,"{""negative"": 373, ""positive"": 139, ""rows"": 512}",a6ab4eebaf041bc15dde8f3cb3ea7b775287d7f0ffc1f5e266c9bd15faafeb08,f5e411f1b93c63560d935ff25182fe4a7f5276f15d2859f66e174bf52a4eb3f3,0.030488,[36],Individual member scores not recorded in frozen JSON; no new calculation from prediction payloads
2023Q4,inner,temporal,fit_slot,uniform_1,1,0,succeeded,,,,,,,,,,,,,,,,,,,,,,,,,,,,,,,2023Q3:refit:temporal:uniform_1:0,2023Q4:inner:temporal:uniform_1:0,True,"{""negative"": 375, ""positive"": 137, ""rows"": 512}",927ab2807ee7ec821d19895db10eda9f70e22f5247b805597c1a9c87ee67eccf,92475595eef7e4251428fc348c990ac027645a5234204f2928e1357719c0c398,0.027363,[27],Individual member scores not recorded in frozen JSON; no new calculation from prediction payloads
2023Q4,inner,temporal,fit_slot,uniform_1,1,1,succeeded,,,,,,,,,,,,,,,,,,,,,,,,,,,,,,,2023Q3:refit:temporal:uniform_1:1,2023Q4:inner:temporal:uniform_1:1,True,"{""negative"": 365, ""positive"": 147, ""rows"": 512}",f4c315bee1a1ab3c3571e93651d15149c6667b35ea84a0e3a6c71e8175865994,bd6020000d4473f89634f800f40f9e13beda0fa75d0845d0e16b9fd14256759a,0.027925,[34],Individual member scores not recorded in frozen JSON; no new calculation from prediction payloads
2023Q4,inner,temporal,fit_slot,uniform_1,1,2,succeeded,,,,,,,,,,,,,,,,,,,,,,,,,,,,,,,2023Q3:refit:temporal:uniform_1:2,2023Q4:inner:temporal:uniform_1:2,True,"{""negative"": 366, ""positive"": 146, ""rows"": 512}",68bcec1778c7428f2a6f783c32212437e2a5324fe8dedc75b5e5494508344dcc,7f9d6a57c00b92a8a4139ae10dacf7281834d1c9e6519eb390ce11b0b9dc32a1,0.027754,[37],Individual member scores not recorded in frozen JSON; no new calculation from prediction payloads
2023Q4,refit,0.0005,primary,primary_unfiltered,,,available,4078,0.4333461390703035,0,2950,2950,1128,0.2766061794997548,1.0,0,4078,0,1128,"{""all_outcomes"": {""ambiguous"": 178, ""causally_ineligible"": 9056, ""censored"": 1543, ""no_primary_signal"": 1058, ""stop_loss"": 58465, ""take_profit"": 21420, ""timeout"": 174}, ""causal_eligible"": 4409, ""causal_reasons"": {"""": 82339, ""insufficient_history"": 9555}, ""eligible_outcomes"": {""ambiguous"": 13, ""censored"": 116, ""stop_loss"": 3089, ""take_profit"": 1166, ""timeout"": 25}, ""metric_rows"": 4078, ""openings"": 91894, ""primary_accepted"": 4409, ""primary_event"": 4807, ""primary_reasons"": {""no_momentum"": 629, ""primary_history"": 429, ""signal"": 90836}, ""primary_signals"": 90836}",,,,,,,,,,,,,,,,,,,,,,,,,,
2023Q4,refit,0.0005,model,full,,,available,309,,,,,,,,4100,,,,"{""all_outcomes"": {""ambiguous"": 178, ""causally_ineligible"": 9056, ""censored"": 1543, ""no_primary_signal"": 1058, ""stop_loss"": 58465, ""take_profit"": 21420, ""timeout"": 174}, ""causal_eligible"": 4409, ""causal_reasons"": {"""": 82339, ""insufficient_history"": 9555}, ""eligible_outcomes"": {""ambiguous"": 13, ""censored"": 116, ""stop_loss"": 3089, ""take_profit"": 1166, ""timeout"": 25}, ""metric_rows"": 4078, ""openings"": 91894, ""primary_accepted"": 4409, ""primary_event"": 4807, ""primary_reasons"": {""no_momentum"": 629, ""primary_history"": 429, ""signal"": 90836}, ""primary_signals"": 90836}",conclusive_metric_rows,"{""negative"": 2950, ""positive"": 1128, ""rows"": 4078}",0.5928257564378727,0.20129240073673274,0.478117562206996,0.2660067564486609,"{""thresholds.0.4.precision"": ""no_signals"", ""thresholds.0.5.precision"": ""no_signals""}",0.3,True,,4409,4409,"{""accepted"": 283, ""f1"": 0.10063784549964565, ""fn"": 1057, ""fp"": 212, ""negative"": 2950, ""positive"": 1128, ""precision"": 0.2508833922261484, ""recall"": 0.06294326241134751, ""rejected"": 3795, ""rows"": 4078, ""tn"": 2738, ""tp"": 71}",,,,,,,,,,,,,
2023Q4,refit,0.0005,model,sequential_0,0,,available,741,,,,,,,,3668,,,,"{""all_outcomes"": {""ambiguous"": 178, ""causally_ineligible"": 9056, ""censored"": 1543, ""no_primary_signal"": 1058, ""stop_loss"": 58465, ""take_profit"": 21420, ""timeout"": 174}, ""causal_eligible"": 4409, ""causal_reasons"": {"""": 82339, ""insufficient_history"": 9555}, ""eligible_outcomes"": {""ambiguous"": 13, ""censored"": 116, ""stop_loss"": 3089, ""take_profit"": 1166, ""timeout"": 25}, ""metric_rows"": 4078, ""openings"": 91894, ""primary_accepted"": 4409, ""primary_event"": 4807, ""primary_reasons"": {""no_momentum"": 629, ""primary_history"": 429, ""signal"": 90836}, ""primary_signals"": 90836}",conclusive_metric_rows,"{""negative"": 2950, ""positive"": 1128, ""rows"": 4078}",0.6045255425895149,0.20519632090868206,0.463416877028489,0.2608433261133113,{},0.3,True,,4409,4409,"{""accepted"": 677, ""f1"": 0.19833795013850417, ""fn"": 949, ""fp"": 498, ""negative"": 2950, ""positive"": 1128, ""precision"": 0.26440177252584934, ""recall"": 0.15868794326241134, ""rejected"": 3401, ""rows"": 4078, ""tn"": 2452, ""tp"": 179}",,,,,,,,,,,,,
2023Q4,refit,0.0005,model,sequential_1,1,,available,501,,,,,,,,3908,,,,"{""all_outcomes"": {""ambiguous"": 178, ""causally_ineligible"": 9056, ""censored"": 1543, ""no_primary_signal"": 1058, ""stop_loss"": 58465, ""take_profit"": 21420, ""timeout"": 174}, ""causal_eligible"": 4409, ""causal_reasons"": {"""": 82339, ""insufficient_history"": 9555}, ""eligible_outcomes"": {""ambiguous"": 13, ""censored"": 116, ""stop_loss"": 3089, ""take_profit"": 1166, ""timeout"": 25}, ""metric_rows"": 4078, ""openings"": 91894, ""primary_accepted"": 4409, ""primary_event"": 4807, ""primary_reasons"": {""no_momentum"": 629, ""primary_history"": 429, ""signal"": 90836}, ""primary_signals"": 90836}",conclusive_metric_rows,"{""negative"": 2950, ""positive"": 1128, ""rows"": 4078}",0.6089665999705283,0.20660700639993035,0.47416516408222137,0.2612631531275825,"{""thresholds.0.5.precision"": ""no_signals""}",0.3,True,,4409,4409,"{""accepted"": 467, ""f1"": 0.15047021943573669, ""fn"": 1008, ""fp"": 347, ""negative"": 2950, ""positive"": 1128, ""precision"": 0.2569593147751606, ""recall"": 0.10638297872340426, ""rejected"": 3611, ""rows"": 4078, ""tn"": 2603, ""tp"": 120}",,,,,,,,,,,,,
2023Q4,refit,0.0005,model,uniform_0,0,,available,1144,,,,,,,,3265,,,,"{""all_outcomes"": {""ambiguous"": 178, ""causally_ineligible"": 9056, ""censored"": 1543, ""no_primary_signal"": 1058, ""stop_loss"": 58465, ""take_profit"": 21420, ""timeout"": 174}, ""causal_eligible"": 4409, ""causal_reasons"": {"""": 82339, ""insufficient_history"": 9555}, ""eligible_outcomes"": {""ambiguous"": 13, ""censored"": 116, ""stop_loss"": 3089, ""take_profit"": 1166, ""timeout"": 25}, ""metric_rows"": 4078, ""openings"": 91894, ""primary_accepted"": 4409, ""primary_event"": 4807, ""primary_reasons"": {""no_momentum"": 629, ""primary_history"": 429, ""signal"": 90836}, ""primary_signals"": 90836}",conclusive_metric_rows,"{""negative"": 2950, ""positive"": 1128, ""rows"": 4078}",0.6074594529945953,0.20560473754050743,0.5015566774852747,0.2731585001230208,{},0.3,True,,4409,4409,"{""accepted"": 1078, ""f1"": 0.27379873073436084, ""fn"": 826, ""fp"": 776, ""negative"": 2950, ""positive"": 1128, ""precision"": 0.28014842300556586, ""recall"": 0.26773049645390073, ""rejected"": 3000, ""rows"": 4078, ""tn"": 2174, ""tp"": 302}",,,,,,,,,,,,,
2023Q4,refit,0.0005,model,uniform_1,1,,available,1232,,,,,,,,3177,,,,"{""all_outcomes"": {""ambiguous"": 178, ""causally_ineligible"": 9056, ""censored"": 1543, ""no_primary_signal"": 1058, ""stop_loss"": 58465, ""take_profit"": 21420, ""timeout"": 174}, ""causal_eligible"": 4409, ""causal_reasons"": {"""": 82339, ""insufficient_history"": 9555}, ""eligible_outcomes"": {""ambiguous"": 13, ""censored"": 116, ""stop_loss"": 3089, ""take_profit"": 1166, ""timeout"": 25}, ""metric_rows"": 4078, ""openings"": 91894, ""primary_accepted"": 4409, ""primary_event"": 4807, ""primary_reasons"": {""no_momentum"": 629, ""primary_history"": 429, ""signal"": 90836}, ""primary_signals"": 90836}",conclusive_metric_rows,"{""negative"": 2950, ""positive"": 1128, ""rows"": 4078}",0.5980960577389871,0.20339462418304655,0.49065061906479146,0.26669468617419745,{},0.3,True,,4409,4409,"{""accepted"": 1157, ""f1"": 0.2722100656455142, ""fn"": 817, ""fp"": 846, ""negative"": 2950, ""positive"": 1128, ""precision"": 0.26879861711322384, ""recall"": 0.27570921985815605, ""rejected"": 2921, ""rows"": 4078, ""tn"": 2104, ""tp"": 311}",,,,,,,,,,,,,
2023Q4,refit,0.0005,model,weighted_constant,,,available,0,,,,,,,,4409,,,,"{""all_outcomes"": {""ambiguous"": 178, ""causally_ineligible"": 9056, ""censored"": 1543, ""no_primary_signal"": 1058, ""stop_loss"": 58465, ""take_profit"": 21420, ""timeout"": 174}, ""causal_eligible"": 4409, ""causal_reasons"": {"""": 82339, ""insufficient_history"": 9555}, ""eligible_outcomes"": {""ambiguous"": 13, ""censored"": 116, ""stop_loss"": 3089, ""take_profit"": 1166, ""timeout"": 25}, ""metric_rows"": 4078, ""openings"": 91894, ""primary_accepted"": 4409, ""primary_event"": 4807, ""primary_reasons"": {""no_momentum"": 629, ""primary_history"": 429, ""signal"": 90836}, ""primary_signals"": 90836}",conclusive_metric_rows,"{""negative"": 2950, ""positive"": 1128, ""rows"": 4078}",0.5901530148713711,0.2002652987793441,0.5,0.2766061794997548,"{""thresholds.0.3.precision"": ""no_signals"", ""thresholds.0.4.precision"": ""no_signals"", ""thresholds.0.5.precision"": ""no_signals""}",0.5,True,,4409,4409,"{""accepted"": 0, ""f1"": 0.0, ""fn"": 1128, ""fp"": 0, ""negative"": 2950, ""positive"": 1128, ""precision"": null, ""recall"": 0.0, ""rejected"": 4078, ""rows"": 4078, ""tn"": 2950, ""tp"": 0}",,,,,,,,,,,,,
2023Q4,refit,0.0005,model,weighted_logistic,,,available,351,,,,,,,,4058,,,,"{""all_outcomes"": {""ambiguous"": 178, ""causally_ineligible"": 9056, ""censored"": 1543, ""no_primary_signal"": 1058, ""stop_loss"": 58465, ""take_profit"": 21420, ""timeout"": 174}, ""causal_eligible"": 4409, ""causal_reasons"": {"""": 82339, ""insufficient_history"": 9555}, ""eligible_outcomes"": {""ambiguous"": 13, ""censored"": 116, ""stop_loss"": 3089, ""take_profit"": 1166, ""timeout"": 25}, ""metric_rows"": 4078, ""openings"": 91894, ""primary_accepted"": 4409, ""primary_event"": 4807, ""primary_reasons"": {""no_momentum"": 629, ""primary_history"": 429, ""signal"": 90836}, ""primary_signals"": 90836}",conclusive_metric_rows,"{""negative"": 2950, ""positive"": 1128, ""rows"": 4078}",0.596733230319398,0.20250652128922558,0.4826253155427335,0.27355327618946496,"{""thresholds.0.4.precision"": ""no_signals"", ""thresholds.0.5.precision"": ""no_signals""}",0.3,True,,4409,4409,"{""accepted"": 337, ""f1"": 0.1296928327645051, ""fn"": 1033, ""fp"": 242, ""negative"": 2950, ""positive"": 1128, ""precision"": 0.2818991097922849, ""recall"": 0.08421985815602837, ""rejected"": 3741, ""rows"": 4078, ""tn"": 2708, ""tp"": 95}",,,,,,,,,,,,,
2023Q4,refit,0.0005,paired_sensitivity,sequential_0_minus_full,,,descriptive_not_confidence_interval,,,,,,,,,,,,,,,,,,,,,,,,,,,"{""brier"": {""delete_week_max"": 0.0044439486931791726, ""delete_week_min"": 0.003308920146034399, ""delta"": 0.0039039201719493254}, ""log_loss"": {""delete_week_max"": 0.013275261307347947, ""delete_week_min"": 0.00978101899535541, ""delta"": 0.011699786151642024}, ""status"": ""descriptive_not_confidence_interval"", ""weekly_support"": [{""negative"": 244, ""positive"": 103, ""rows"": 347, ""week_start_epoch"": 1696204800}, {""negative"": 205, ""positive"": 86, ""rows"": 291, ""week_start_epoch"": 1696809600}, {""negative"": 246, ""positive"": 62, ""rows"": 308, ""week_start_epoch"": 1697414400}, {""negative"": 194, ""positive"": 91, ""rows"": 285, ""week_start_epoch"": 1698019200}, {""negative"": 224, ""positive"": 111, ""rows"": 335, ""week_start_epoch"": 1698624000}, {""negative"": 241, ""positive"": 85, ""rows"": 326, ""week_start_epoch"": 1699228800}, {""negative"": 261, ""positive"": 84, ""rows"": 345, ""week_start_epoch"": 1699833600}, {""negative"": 196, ""positive"": 98, ""rows"": 294, ""week_start_epoch"": 1700438400}, {""negative"": 321, ""positive"": 117, ""rows"": 438, ""week_start_epoch"": 1701043200}, {""negative"": 283, ""positive"": 81, ""rows"": 364, ""week_start_epoch"": 1701648000}, {""negative"": 304, ""positive"": 128, ""rows"": 432, ""week_start_epoch"": 1702252800}, {""negative"": 231, ""positive"": 82, ""rows"": 313, ""week_start_epoch"": 1702857600}], ""weeks"": 12}",,,,,,,,,,,,
2023Q4,refit,0.0005,paired_sensitivity,sequential_0_minus_uniform_0,,,descriptive_not_confidence_interval,,,,,,,,,,,,,,,,,,,,,,,,,,,"{""brier"": {""delete_week_max"": 0.0008115539148679025, ""delete_week_min"": -0.0012858794020334603, ""delta"": -0.00040841663182537976}, ""log_loss"": {""delete_week_max"": 0.0009177881003143617, ""delete_week_min"": -0.004887045859406244, ""delta"": -0.002933910405080439}, ""status"": ""descriptive_not_confidence_interval"", ""weekly_support"": [{""negative"": 244, ""positive"": 103, ""rows"": 347, ""week_start_epoch"": 1696204800}, {""negative"": 205, ""positive"": 86, ""rows"": 291, ""week_start_epoch"": 1696809600}, {""negative"": 246, ""positive"": 62, ""rows"": 308, ""week_start_epoch"": 1697414400}, {""negative"": 194, ""positive"": 91, ""rows"": 285, ""week_start_epoch"": 1698019200}, {""negative"": 224, ""positive"": 111, ""rows"": 335, ""week_start_epoch"": 1698624000}, {""negative"": 241, ""positive"": 85, ""rows"": 326, ""week_start_epoch"": 1699228800}, {""negative"": 261, ""positive"": 84, ""rows"": 345, ""week_start_epoch"": 1699833600}, {""negative"": 196, ""positive"": 98, ""rows"": 294, ""week_start_epoch"": 1700438400}, {""negative"": 321, ""positive"": 117, ""rows"": 438, ""week_start_epoch"": 1701043200}, {""negative"": 283, ""positive"": 81, ""rows"": 364, ""week_start_epoch"": 1701648000}, {""negative"": 304, ""positive"": 128, ""rows"": 432, ""week_start_epoch"": 1702252800}, {""negative"": 231, ""positive"": 82, ""rows"": 313, ""week_start_epoch"": 1702857600}], ""weeks"": 12}",,,,,,,,,,,,
2023Q4,refit,0.0005,paired_sensitivity,sequential_0_minus_weighted_constant,,,descriptive_not_confidence_interval,,,,,,,,,,,,,,,,,,,,,,,,,,,"{""brier"": {""delete_week_max"": 0.005711083513704529, ""delete_week_min"": 0.004268242756745788, ""delta"": 0.004931022129337964}, ""log_loss"": {""delete_week_max"": 0.016542868767105437, ""delete_week_min"": 0.01198473066410119, ""delta"": 0.014372527718143674}, ""status"": ""descriptive_not_confidence_interval"", ""weekly_support"": [{""negative"": 244, ""positive"": 103, ""rows"": 347, ""week_start_epoch"": 1696204800}, {""negative"": 205, ""positive"": 86, ""rows"": 291, ""week_start_epoch"": 1696809600}, {""negative"": 246, ""positive"": 62, ""rows"": 308, ""week_start_epoch"": 1697414400}, {""negative"": 194, ""positive"": 91, ""rows"": 285, ""week_start_epoch"": 1698019200}, {""negative"": 224, ""positive"": 111, ""rows"": 335, ""week_start_epoch"": 1698624000}, {""negative"": 241, ""positive"": 85, ""rows"": 326, ""week_start_epoch"": 1699228800}, {""negative"": 261, ""positive"": 84, ""rows"": 345, ""week_start_epoch"": 1699833600}, {""negative"": 196, ""positive"": 98, ""rows"": 294, ""week_start_epoch"": 1700438400}, {""negative"": 321, ""positive"": 117, ""rows"": 438, ""week_start_epoch"": 1701043200}, {""negative"": 283, ""positive"": 81, ""rows"": 364, ""week_start_epoch"": 1701648000}, {""negative"": 304, ""positive"": 128, ""rows"": 432, ""week_start_epoch"": 1702252800}, {""negative"": 231, ""positive"": 82, ""rows"": 313, ""week_start_epoch"": 1702857600}], ""weeks"": 12}",,,,,,,,,,,,
2023Q4,refit,0.0005,paired_sensitivity,sequential_0_minus_weighted_logistic,,,descriptive_not_confidence_interval,,,,,,,,,,,,,,,,,,,,,,,,,,,"{""brier"": {""delete_week_max"": 0.003345340938083135, ""delete_week_min"": 0.002087830080761808, ""delta"": 0.0026897996194564884}, ""log_loss"": {""delete_week_max"": 0.00942331477132045, ""delete_week_min"": 0.006246473702957085, ""delta"": 0.00779231227011679}, ""status"": ""descriptive_not_confidence_interval"", ""weekly_support"": [{""negative"": 244, ""positive"": 103, ""rows"": 347, ""week_start_epoch"": 1696204800}, {""negative"": 205, ""positive"": 86, ""rows"": 291, ""week_start_epoch"": 1696809600}, {""negative"": 246, ""positive"": 62, ""rows"": 308, ""week_start_epoch"": 1697414400}, {""negative"": 194, ""positive"": 91, ""rows"": 285, ""week_start_epoch"": 1698019200}, {""negative"": 224, ""positive"": 111, ""rows"": 335, ""week_start_epoch"": 1698624000}, {""negative"": 241, ""positive"": 85, ""rows"": 326, ""week_start_epoch"": 1699228800}, {""negative"": 261, ""positive"": 84, ""rows"": 345, ""week_start_epoch"": 1699833600}, {""negative"": 196, ""positive"": 98, ""rows"": 294, ""week_start_epoch"": 1700438400}, {""negative"": 321, ""positive"": 117, ""rows"": 438, ""week_start_epoch"": 1701043200}, {""negative"": 283, ""positive"": 81, ""rows"": 364, ""week_start_epoch"": 1701648000}, {""negative"": 304, ""positive"": 128, ""rows"": 432, ""week_start_epoch"": 1702252800}, {""negative"": 231, ""positive"": 82, ""rows"": 313, ""week_start_epoch"": 1702857600}], ""weeks"": 12}",,,,,,,,,,,,
2023Q4,refit,0.0005,paired_sensitivity,sequential_1_minus_full,,,descriptive_not_confidence_interval,,,,,,,,,,,,,,,,,,,,,,,,,,,"{""brier"": {""delete_week_max"": 0.006031033850260889, ""delete_week_min"": 0.004799663696033636, ""delta"": 0.005314605663197624}, ""log_loss"": {""delete_week_max"": 0.018258877255002276, ""delete_week_min"": 0.014422988393369356, ""delta"": 0.016140843532655463}, ""status"": ""descriptive_not_confidence_interval"", ""weekly_support"": [{""negative"": 244, ""positive"": 103, ""rows"": 347, ""week_start_epoch"": 1696204800}, {""negative"": 205, ""positive"": 86, ""rows"": 291, ""week_start_epoch"": 1696809600}, {""negative"": 246, ""positive"": 62, ""rows"": 308, ""week_start_epoch"": 1697414400}, {""negative"": 194, ""positive"": 91, ""rows"": 285, ""week_start_epoch"": 1698019200}, {""negative"": 224, ""positive"": 111, ""rows"": 335, ""week_start_epoch"": 1698624000}, {""negative"": 241, ""positive"": 85, ""rows"": 326, ""week_start_epoch"": 1699228800}, {""negative"": 261, ""positive"": 84, ""rows"": 345, ""week_start_epoch"": 1699833600}, {""negative"": 196, ""positive"": 98, ""rows"": 294, ""week_start_epoch"": 1700438400}, {""negative"": 321, ""positive"": 117, ""rows"": 438, ""week_start_epoch"": 1701043200}, {""negative"": 283, ""positive"": 81, ""rows"": 364, ""week_start_epoch"": 1701648000}, {""negative"": 304, ""positive"": 128, ""rows"": 432, ""week_start_epoch"": 1702252800}, {""negative"": 231, ""positive"": 82, ""rows"": 313, ""week_start_epoch"": 1702857600}], ""weeks"": 12}",,,,,,,,,,,,
2023Q4,refit,0.0005,paired_sensitivity,sequential_1_minus_uniform_1,,,descriptive_not_confidence_interval,,,,,,,,,,,,,,,,,,,,,,,,,,,"{""brier"": {""delete_week_max"": 0.004301862840145627, ""delete_week_min"": 0.0024942224471040946, ""delta"": 0.0032123822168837993}, ""log_loss"": {""delete_week_max"": 0.013807537272942884, ""delete_week_min"": 0.009051907199233204, ""delta"": 0.010870542231541193}, ""status"": ""descriptive_not_confidence_interval"", ""weekly_support"": [{""negative"": 244, ""positive"": 103, ""rows"": 347, ""week_start_epoch"": 1696204800}, {""negative"": 205, ""positive"": 86, ""rows"": 291, ""week_start_epoch"": 1696809600}, {""negative"": 246, ""positive"": 62, ""rows"": 308, ""week_start_epoch"": 1697414400}, {""negative"": 194, ""positive"": 91, ""rows"": 285, ""week_start_epoch"": 1698019200}, {""negative"": 224, ""positive"": 111, ""rows"": 335, ""week_start_epoch"": 1698624000}, {""negative"": 241, ""positive"": 85, ""rows"": 326, ""week_start_epoch"": 1699228800}, {""negative"": 261, ""positive"": 84, ""rows"": 345, ""week_start_epoch"": 1699833600}, {""negative"": 196, ""positive"": 98, ""rows"": 294, ""week_start_epoch"": 1700438400}, {""negative"": 321, ""positive"": 117, ""rows"": 438, ""week_start_epoch"": 1701043200}, {""negative"": 283, ""positive"": 81, ""rows"": 364, ""week_start_epoch"": 1701648000}, {""negative"": 304, ""positive"": 128, ""rows"": 432, ""week_start_epoch"": 1702252800}, {""negative"": 231, ""positive"": 82, ""rows"": 313, ""week_start_epoch"": 1702857600}], ""weeks"": 12}",,,,,,,,,,,,
2023Q4,refit,0.0005,paired_sensitivity,sequential_1_minus_weighted_constant,,,descriptive_not_confidence_interval,,,,,,,,,,,,,,,,,,,,,,,,,,,"{""brier"": {""delete_week_max"": 0.007090272541003712, ""delete_week_min"": 0.005755423235877649, ""delta"": 0.0063417076205862614}, ""log_loss"": {""delete_week_max"": 0.02102910325909163, ""delete_week_min"": 0.01689548723552138, ""delta"": 0.018813585099157114}, ""status"": ""descriptive_not_confidence_interval"", ""weekly_support"": [{""negative"": 244, ""positive"": 103, ""rows"": 347, ""week_start_epoch"": 1696204800}, {""negative"": 205, ""positive"": 86, ""rows"": 291, ""week_start_epoch"": 1696809600}, {""negative"": 246, ""positive"": 62, ""rows"": 308, ""week_start_epoch"": 1697414400}, {""negative"": 194, ""positive"": 91, ""rows"": 285, ""week_start_epoch"": 1698019200}, {""negative"": 224, ""positive"": 111, ""rows"": 335, ""week_start_epoch"": 1698624000}, {""negative"": 241, ""positive"": 85, ""rows"": 326, ""week_start_epoch"": 1699228800}, {""negative"": 261, ""positive"": 84, ""rows"": 345, ""week_start_epoch"": 1699833600}, {""negative"": 196, ""positive"": 98, ""rows"": 294, ""week_start_epoch"": 1700438400}, {""negative"": 321, ""positive"": 117, ""rows"": 438, ""week_start_epoch"": 1701043200}, {""negative"": 283, ""positive"": 81, ""rows"": 364, ""week_start_epoch"": 1701648000}, {""negative"": 304, ""positive"": 128, ""rows"": 432, ""week_start_epoch"": 1702252800}, {""negative"": 231, ""positive"": 82, ""rows"": 313, ""week_start_epoch"": 1702857600}], ""weeks"": 12}",,,,,,,,,,,,
2023Q4,refit,0.0005,paired_sensitivity,sequential_1_minus_weighted_logistic,,,descriptive_not_confidence_interval,,,,,,,,,,,,,,,,,,,,,,,,,,,"{""brier"": {""delete_week_max"": 0.004878052643818822, ""delete_week_min"": 0.003343570009665517, ""delta"": 0.004100485110704786}, ""log_loss"": {""delete_week_max"": 0.014253699721497074, ""delete_week_min"": 0.010245928047081068, ""delta"": 0.012233369651130232}, ""status"": ""descriptive_not_confidence_interval"", ""weekly_support"": [{""negative"": 244, ""positive"": 103, ""rows"": 347, ""week_start_epoch"": 1696204800}, {""negative"": 205, ""positive"": 86, ""rows"": 291, ""week_start_epoch"": 1696809600}, {""negative"": 246, ""positive"": 62, ""rows"": 308, ""week_start_epoch"": 1697414400}, {""negative"": 194, ""positive"": 91, ""rows"": 285, ""week_start_epoch"": 1698019200}, {""negative"": 224, ""positive"": 111, ""rows"": 335, ""week_start_epoch"": 1698624000}, {""negative"": 241, ""positive"": 85, ""rows"": 326, ""week_start_epoch"": 1699228800}, {""negative"": 261, ""positive"": 84, ""rows"": 345, ""week_start_epoch"": 1699833600}, {""negative"": 196, ""positive"": 98, ""rows"": 294, ""week_start_epoch"": 1700438400}, {""negative"": 321, ""positive"": 117, ""rows"": 438, ""week_start_epoch"": 1701043200}, {""negative"": 283, ""positive"": 81, ""rows"": 364, ""week_start_epoch"": 1701648000}, {""negative"": 304, ""positive"": 128, ""rows"": 432, ""week_start_epoch"": 1702252800}, {""negative"": 231, ""positive"": 82, ""rows"": 313, ""week_start_epoch"": 1702857600}], ""weeks"": 12}",,,,,,,,,,,,
2023Q4,refit,0.0005,paired_sensitivity,uniform_0_minus_full,,,descriptive_not_confidence_interval,,,,,,,,,,,,,,,,,,,,,,,,,,,"{""brier"": {""delete_week_max"": 0.004925033826472574, ""delete_week_min"": 0.003526111287281857, ""delta"": 0.004312336803774706}, ""log_loss"": {""delete_week_max"": 0.016694544457347235, ""delete_week_min"": 0.011674173751604448, ""delta"": 0.014633696556722461}, ""status"": ""descriptive_not_confidence_interval"", ""weekly_support"": [{""negative"": 244, ""positive"": 103, ""rows"": 347, ""week_start_epoch"": 1696204800}, {""negative"": 205, ""positive"": 86, ""rows"": 291, ""week_start_epoch"": 1696809600}, {""negative"": 246, ""positive"": 62, ""rows"": 308, ""week_start_epoch"": 1697414400}, {""negative"": 194, ""positive"": 91, ""rows"": 285, ""week_start_epoch"": 1698019200}, {""negative"": 224, ""positive"": 111, ""rows"": 335, ""week_start_epoch"": 1698624000}, {""negative"": 241, ""positive"": 85, ""rows"": 326, ""week_start_epoch"": 1699228800}, {""negative"": 261, ""positive"": 84, ""rows"": 345, ""week_start_epoch"": 1699833600}, {""negative"": 196, ""positive"": 98, ""rows"": 294, ""week_start_epoch"": 1700438400}, {""negative"": 321, ""positive"": 117, ""rows"": 438, ""week_start_epoch"": 1701043200}, {""negative"": 283, ""positive"": 81, ""rows"": 364, ""week_start_epoch"": 1701648000}, {""negative"": 304, ""positive"": 128, ""rows"": 432, ""week_start_epoch"": 1702252800}, {""negative"": 231, ""positive"": 82, ""rows"": 313, ""week_start_epoch"": 1702857600}], ""weeks"": 12}",,,,,,,,,,,,
2023Q4,refit,0.0005,paired_sensitivity,uniform_0_minus_weighted_constant,,,descriptive_not_confidence_interval,,,,,,,,,,,,,,,,,,,,,,,,,,,"{""brier"": {""delete_week_max"": 0.005984272517215398, ""delete_week_min"": 0.004190085374816256, ""delta"": 0.005339438761163344}, ""log_loss"": {""delete_week_max"": 0.019464770461436593, ""delete_week_min"": 0.013416722158521183, ""delta"": 0.01730643812322411}, ""status"": ""descriptive_not_confidence_interval"", ""weekly_support"": [{""negative"": 244, ""positive"": 103, ""rows"": 347, ""week_start_epoch"": 1696204800}, {""negative"": 205, ""positive"": 86, ""rows"": 291, ""week_start_epoch"": 1696809600}, {""negative"": 246, ""positive"": 62, ""rows"": 308, ""week_start_epoch"": 1697414400}, {""negative"": 194, ""positive"": 91, ""rows"": 285, ""week_start_epoch"": 1698019200}, {""negative"": 224, ""positive"": 111, ""rows"": 335, ""week_start_epoch"": 1698624000}, {""negative"": 241, ""positive"": 85, ""rows"": 326, ""week_start_epoch"": 1699228800}, {""negative"": 261, ""positive"": 84, ""rows"": 345, ""week_start_epoch"": 1699833600}, {""negative"": 196, ""positive"": 98, ""rows"": 294, ""week_start_epoch"": 1700438400}, {""negative"": 321, ""positive"": 117, ""rows"": 438, ""week_start_epoch"": 1701043200}, {""negative"": 283, ""positive"": 81, ""rows"": 364, ""week_start_epoch"": 1701648000}, {""negative"": 304, ""positive"": 128, ""rows"": 432, ""week_start_epoch"": 1702252800}, {""negative"": 231, ""positive"": 82, ""rows"": 313, ""week_start_epoch"": 1702857600}], ""weeks"": 12}",,,,,,,,,,,,
2023Q4,refit,0.0005,paired_sensitivity,uniform_0_minus_weighted_logistic,,,descriptive_not_confidence_interval,,,,,,,,,,,,,,,,,,,,,,,,,,,"{""brier"": {""delete_week_max"": 0.004179742289886754, ""delete_week_min"": 0.002480690689953103, ""delta"": 0.003098216251281868}, ""log_loss"": {""delete_week_max"": 0.012520438394382874, ""delete_week_min"": 0.008490033841061558, ""delta"": 0.01072622267519723}, ""status"": ""descriptive_not_confidence_interval"", ""weekly_support"": [{""negative"": 244, ""positive"": 103, ""rows"": 347, ""week_start_epoch"": 1696204800}, {""negative"": 205, ""positive"": 86, ""rows"": 291, ""week_start_epoch"": 1696809600}, {""negative"": 246, ""positive"": 62, ""rows"": 308, ""week_start_epoch"": 1697414400}, {""negative"": 194, ""positive"": 91, ""rows"": 285, ""week_start_epoch"": 1698019200}, {""negative"": 224, ""positive"": 111, ""rows"": 335, ""week_start_epoch"": 1698624000}, {""negative"": 241, ""positive"": 85, ""rows"": 326, ""week_start_epoch"": 1699228800}, {""negative"": 261, ""positive"": 84, ""rows"": 345, ""week_start_epoch"": 1699833600}, {""negative"": 196, ""positive"": 98, ""rows"": 294, ""week_start_epoch"": 1700438400}, {""negative"": 321, ""positive"": 117, ""rows"": 438, ""week_start_epoch"": 1701043200}, {""negative"": 283, ""positive"": 81, ""rows"": 364, ""week_start_epoch"": 1701648000}, {""negative"": 304, ""positive"": 128, ""rows"": 432, ""week_start_epoch"": 1702252800}, {""negative"": 231, ""positive"": 82, ""rows"": 313, ""week_start_epoch"": 1702857600}], ""weeks"": 12}",,,,,,,,,,,,
2023Q4,refit,0.0005,paired_sensitivity,uniform_1_minus_full,,,descriptive_not_confidence_interval,,,,,,,,,,,,,,,,,,,,,,,,,,,"{""brier"": {""delete_week_max"": 0.002461993915490712, ""delete_week_min"": 0.0013187215464696821, ""delta"": 0.0021022234463138234}, ""log_loss"": {""delete_week_max"": 0.006258466303398963, ""delete_week_min"": 0.003324028234364549, ""delta"": 0.005270301301114272}, ""status"": ""descriptive_not_confidence_interval"", ""weekly_support"": [{""negative"": 244, ""positive"": 103, ""rows"": 347, ""week_start_epoch"": 1696204800}, {""negative"": 205, ""positive"": 86, ""rows"": 291, ""week_start_epoch"": 1696809600}, {""negative"": 246, ""positive"": 62, ""rows"": 308, ""week_start_epoch"": 1697414400}, {""negative"": 194, ""positive"": 91, ""rows"": 285, ""week_start_epoch"": 1698019200}, {""negative"": 224, ""positive"": 111, ""rows"": 335, ""week_start_epoch"": 1698624000}, {""negative"": 241, ""positive"": 85, ""rows"": 326, ""week_start_epoch"": 1699228800}, {""negative"": 261, ""positive"": 84, ""rows"": 345, ""week_start_epoch"": 1699833600}, {""negative"": 196, ""positive"": 98, ""rows"": 294, ""week_start_epoch"": 1700438400}, {""negative"": 321, ""positive"": 117, ""rows"": 438, ""week_start_epoch"": 1701043200}, {""negative"": 283, ""positive"": 81, ""rows"": 364, ""week_start_epoch"": 1701648000}, {""negative"": 304, ""positive"": 128, ""rows"": 432, ""week_start_epoch"": 1702252800}, {""negative"": 231, ""positive"": 82, ""rows"": 313, ""week_start_epoch"": 1702857600}], ""weeks"": 12}",,,,,,,,,,,,
2023Q4,refit,0.0005,paired_sensitivity,uniform_1_minus_weighted_constant,,,descriptive_not_confidence_interval,,,,,,,,,,,,,,,,,,,,,,,,,,,"{""brier"": {""delete_week_max"": 0.003604712564516462, ""delete_week_min"": 0.002185960417357927, ""delta"": 0.0031293254037024626}, ""log_loss"": {""delete_week_max"": 0.009180495713295702, ""delete_week_min"": 0.005527739903110326, ""delta"": 0.007943042867615921}, ""status"": ""descriptive_not_confidence_interval"", ""weekly_support"": [{""negative"": 244, ""positive"": 103, ""rows"": 347, ""week_start_epoch"": 1696204800}, {""negative"": 205, ""positive"": 86, ""rows"": 291, ""week_start_epoch"": 1696809600}, {""negative"": 246, ""positive"": 62, ""rows"": 308, ""week_start_epoch"": 1697414400}, {""negative"": 194, ""positive"": 91, ""rows"": 285, ""week_start_epoch"": 1698019200}, {""negative"": 224, ""positive"": 111, ""rows"": 335, ""week_start_epoch"": 1698624000}, {""negative"": 241, ""positive"": 85, ""rows"": 326, ""week_start_epoch"": 1699228800}, {""negative"": 261, ""positive"": 84, ""rows"": 345, ""week_start_epoch"": 1699833600}, {""negative"": 196, ""positive"": 98, ""rows"": 294, ""week_start_epoch"": 1700438400}, {""negative"": 321, ""positive"": 117, ""rows"": 438, ""week_start_epoch"": 1701043200}, {""negative"": 283, ""positive"": 81, ""rows"": 364, ""week_start_epoch"": 1701648000}, {""negative"": 304, ""positive"": 128, ""rows"": 432, ""week_start_epoch"": 1702252800}, {""negative"": 231, ""positive"": 82, ""rows"": 313, ""week_start_epoch"": 1702857600}], ""weeks"": 12}",,,,,,,,,,,,
2023Q4,refit,0.0005,paired_sensitivity,uniform_1_minus_weighted_logistic,,,descriptive_not_confidence_interval,,,,,,,,,,,,,,,,,,,,,,,,,,,"{""brier"": {""delete_week_max"": 0.0014696696514240886, ""delete_week_min"": 0.00011907211447758431, ""delta"": 0.0008881028938209864}, ""log_loss"": {""delete_week_max"": 0.0030743263928560767, ""delete_week_min"": -0.0005658831663882392, ""delta"": 0.0013628274195890398}, ""status"": ""descriptive_not_confidence_interval"", ""weekly_support"": [{""negative"": 244, ""positive"": 103, ""rows"": 347, ""week_start_epoch"": 1696204800}, {""negative"": 205, ""positive"": 86, ""rows"": 291, ""week_start_epoch"": 1696809600}, {""negative"": 246, ""positive"": 62, ""rows"": 308, ""week_start_epoch"": 1697414400}, {""negative"": 194, ""positive"": 91, ""rows"": 285, ""week_start_epoch"": 1698019200}, {""negative"": 224, ""positive"": 111, ""rows"": 335, ""week_start_epoch"": 1698624000}, {""negative"": 241, ""positive"": 85, ""rows"": 326, ""week_start_epoch"": 1699228800}, {""negative"": 261, ""positive"": 84, ""rows"": 345, ""week_start_epoch"": 1699833600}, {""negative"": 196, ""positive"": 98, ""rows"": 294, ""week_start_epoch"": 1700438400}, {""negative"": 321, ""positive"": 117, ""rows"": 438, ""week_start_epoch"": 1701043200}, {""negative"": 283, ""positive"": 81, ""rows"": 364, ""week_start_epoch"": 1701648000}, {""negative"": 304, ""positive"": 128, ""rows"": 432, ""week_start_epoch"": 1702252800}, {""negative"": 231, ""positive"": 82, ""rows"": 313, ""week_start_epoch"": 1702857600}], ""weeks"": 12}",,,,,,,,,,,,
2023Q4,refit,0.0005,member_diversity,sequential_0,0,0-1,,,,,,,,,,,,,,,,,,,,,,,,,,,,,-0.24535688157182647,0.11705258400527085,,,,,,,,,,
2023Q4,refit,0.0005,member_diversity,sequential_0,0,0-2,,,,,,,,,,,,,,,,,,,,,,,,,,,,,-0.11998401249776991,0.1192230787128718,,,,,,,,,,
2023Q4,refit,0.0005,member_diversity,sequential_0,0,1-2,,,,,,,,,,,,,,,,,,,,,,,,,,,,,0.14503285063221527,0.0923643932071967,,,,,,,,,,
2023Q4,refit,0.0005,member_diversity,sequential_1,1,0-1,,,,,,,,,,,,,,,,,,,,,,,,,,,,,-0.15512887074174486,0.13007343344918199,,,,,,,,,,
2023Q4,refit,0.0005,member_diversity,sequential_1,1,0-2,,,,,,,,,,,,,,,,,,,,,,,,,,,,,-0.08198344997810512,0.09561201975644963,,,,,,,,,,
2023Q4,refit,0.0005,member_diversity,sequential_1,1,1-2,,,,,,,,,,,,,,,,,,,,,,,,,,,,,0.15734707195423306,0.12106118710800938,,,,,,,,,,
2023Q4,refit,0.0005,member_diversity,uniform_0,0,0-1,,,,,,,,,,,,,,,,,,,,,,,,,,,,,0.3833961386021493,0.08537183558587406,,,,,,,,,,
2023Q4,refit,0.0005,member_diversity,uniform_0,0,0-2,,,,,,,,,,,,,,,,,,,,,,,,,,,,,0.3706008987954048,0.09874150140433331,,,,,,,,,,
2023Q4,refit,0.0005,member_diversity,uniform_0,0,1-2,,,,,,,,,,,,,,,,,,,,,,,,,,,,,0.12439300965334155,0.09875073009708067,,,,,,,,,,
2023Q4,refit,0.0005,member_diversity,uniform_1,1,0-1,,,,,,,,,,,,,,,,,,,,,,,,,,,,,0.05699928781703766,0.10230511116825751,,,,,,,,,,
2023Q4,refit,0.0005,member_diversity,uniform_1,1,0-2,,,,,,,,,,,,,,,,,,,,,,,,,,,,,-0.12352711343755189,0.10603272879788496,,,,,,,,,,
2023Q4,refit,0.0005,member_diversity,uniform_1,1,1-2,,,,,,,,,,,,,,,,,,,,,,,,,,,,,-0.2315266568234744,0.12162710084879336,,,,,,,,,,
2023Q4,refit,0.0005,fit_slot,full,,,succeeded,,,,,,,,,,,,,,,,,,,,,,,,,,,,,,,2023Q4:refit:0.0005:full,,False,"{""negative"": 25531, ""positive"": 9626, ""rows"": 35157}",33b88896597ce07483af846fc272d96a2b8cc35e0cbccffe46864e5c8035bf2b,2b14db55b17eb045f7d281c6dd3f3fe57a010abc2fb8d5e0cba9cef5a3164da7,0.065317,[22],Individual member scores not recorded in frozen JSON; no new calculation from prediction payloads
2023Q4,refit,0.0005,fit_slot,sequential_0,0,0,succeeded,,,,,,,,,,,,,,,,,,,,,,,,,,,,,,,2023Q4:refit:0.0005:sequential_0:0,,False,"{""negative"": 377, ""positive"": 135, ""rows"": 512}",82367551439fc10dc36127048ea5a3010e883a35f4b20b091d33cfd98f7f567f,7e41490755dbde1c4218b6654d9a512259e2e103dfad6b492263c7db6784bef8,0.030162,[32],Individual member scores not recorded in frozen JSON; no new calculation from prediction payloads
2023Q4,refit,0.0005,fit_slot,sequential_0,0,1,succeeded,,,,,,,,,,,,,,,,,,,,,,,,,,,,,,,2023Q4:refit:0.0005:sequential_0:1,,False,"{""negative"": 379, ""positive"": 133, ""rows"": 512}",1e1e4c26d9b4e6475baf1441fabb1a7469bbcaf66f1b4972c328740e56ed4c68,6c1fcc8346e0a72f6e581385d96a79f0119e1af7e6e79ba0a25eaf6e5663a931,0.029181,[28],Individual member scores not recorded in frozen JSON; no new calculation from prediction payloads
2023Q4,refit,0.0005,fit_slot,sequential_0,0,2,succeeded,,,,,,,,,,,,,,,,,,,,,,,,,,,,,,,2023Q4:refit:0.0005:sequential_0:2,,False,"{""negative"": 390, ""positive"": 122, ""rows"": 512}",f0df4a5f00ad61e8ff0cac3e4747716ab7afc1f966cd699441e428817b472894,e7ef54a0a4e1537a7eeb7ebb2a15e25def1968682af1eca4840b84ba4e6f5734,0.02935,[30],Individual member scores not recorded in frozen JSON; no new calculation from prediction payloads
2023Q4,refit,0.0005,fit_slot,sequential_1,1,0,succeeded,,,,,,,,,,,,,,,,,,,,,,,,,,,,,,,2023Q4:refit:0.0005:sequential_1:0,,False,"{""negative"": 387, ""positive"": 125, ""rows"": 512}",f83a071bcfcd1c4970f1ccb452b9c90d634fad97e86b182b238acd7bf4ae039a,e68573e63effc716a774b89a9afb7afb5b76a1d06a120ded529bec27692968c2,0.030269,[26],Individual member scores not recorded in frozen JSON; no new calculation from prediction payloads
2023Q4,refit,0.0005,fit_slot,sequential_1,1,1,succeeded,,,,,,,,,,,,,,,,,,,,,,,,,,,,,,,2023Q4:refit:0.0005:sequential_1:1,,False,"{""negative"": 372, ""positive"": 140, ""rows"": 512}",628149fbf6476d799a2d1fa5536562c7c5a7467c490eb5d04d2442d8408afdca,26d163f3f5c1cf8be040e82a33e8c3f57e56cd725eb3fe69c4b57700091e2b35,0.031656,[35],Individual member scores not recorded in frozen JSON; no new calculation from prediction payloads
2023Q4,refit,0.0005,fit_slot,sequential_1,1,2,succeeded,,,,,,,,,,,,,,,,,,,,,,,,,,,,,,,2023Q4:refit:0.0005:sequential_1:2,,False,"{""negative"": 395, ""positive"": 117, ""rows"": 512}",8dbc8c50f2de1e92d643b43c5944ab4c3ff12c9348a54121986702cbf84aa930,fb5d79b6ad9a06d6c7a6a2cb64e033f3f1172fcad968a3b5ef74b880c9c9b74c,0.031995,[34],Individual member scores not recorded in frozen JSON; no new calculation from prediction payloads
2023Q4,refit,0.0005,fit_slot,uniform_0,0,0,succeeded,,,,,,,,,,,,,,,,,,,,,,,,,,,,,,,2023Q4:refit:0.0005:uniform_0:0,,False,"{""negative"": 388, ""positive"": 124, ""rows"": 512}",4ca07728ac08704b95599f88f0b220199af1fba67d111c2f50165ae2c4fa68df,93b5130ad4b5698c1c3e813b2e1d28ed80832d1a23c3cd57cbb6a45abf168527,0.028889,[32],Individual member scores not recorded in frozen JSON; no new calculation from prediction payloads
2023Q4,refit,0.0005,fit_slot,uniform_0,0,1,succeeded,,,,,,,,,,,,,,,,,,,,,,,,,,,,,,,2023Q4:refit:0.0005:uniform_0:1,,False,"{""negative"": 382, ""positive"": 130, ""rows"": 512}",5dfdb850d647925795a2d27bf8620079cabbebb652ca1d313e9b44c6a66dc9c7,5d25caf8a053c41a7bea312e7d0d3ec9b649e64a1e3f36fe9b72d0c876928dfa,0.029684,[32],Individual member scores not recorded in frozen JSON; no new calculation from prediction payloads
2023Q4,refit,0.0005,fit_slot,uniform_0,0,2,succeeded,,,,,,,,,,,,,,,,,,,,,,,,,,,,,,,2023Q4:refit:0.0005:uniform_0:2,,False,"{""negative"": 363, ""positive"": 149, ""rows"": 512}",5164d6ae9916ff2b90fff88ff0c162dc5162115847058f89cb7740cc39bafb8c,e551aa692bcdffc92b17e6f65c7e6905f729db5f5bdedb7db0ef8dbe2ef237ad,0.029187,[28],Individual member scores not recorded in frozen JSON; no new calculation from prediction payloads
2023Q4,refit,0.0005,fit_slot,uniform_1,1,0,succeeded,,,,,,,,,,,,,,,,,,,,,,,,,,,,,,,2023Q4:refit:0.0005:uniform_1:0,,False,"{""negative"": 363, ""positive"": 149, ""rows"": 512}",1ab2ec2dbeda65ab2a4fce324db39cf5e5518f666f3664f145748c3ca4f06011,2018f0f7776f4878f391062529ebd5963502c1d1fb6274c15d7193d048c5d54d,0.031071,[29],Individual member scores not recorded in frozen JSON; no new calculation from prediction payloads
2023Q4,refit,0.0005,fit_slot,uniform_1,1,1,succeeded,,,,,,,,,,,,,,,,,,,,,,,,,,,,,,,2023Q4:refit:0.0005:uniform_1:1,,False,"{""negative"": 376, ""positive"": 136, ""rows"": 512}",6b2fd472f98c3db552705769951d33844167e17b0ef7051f88cb52ee2bce5d78,5d76de34cb564032b88455b0cf4217c195d287d9f32a38dde0d11778558cddbe,0.03306,[33],Individual member scores not recorded in frozen JSON; no new calculation from prediction payloads
2023Q4,refit,0.0005,fit_slot,uniform_1,1,2,succeeded,,,,,,,,,,,,,,,,,,,,,,,,,,,,,,,2023Q4:refit:0.0005:uniform_1:2,,False,"{""negative"": 375, ""positive"": 137, ""rows"": 512}",2b9bbde26aba41a643a8b0af59764dfed22a169847e208dd72553eaccf422ced,4a65d4015d8f4bef5ae2b5eea95f491b3c85c3c980c77f1c630bc445dce73fc4,0.03,[24],Individual member scores not recorded in frozen JSON; no new calculation from prediction payloads
2023Q4,refit,0.001,primary,primary_unfiltered,,,available,1335,0.4358523725834798,0,963,963,372,0.2786516853932584,1.0,0,1335,0,372,"{""all_outcomes"": {""ambiguous"": 178, ""causally_ineligible"": 9056, ""censored"": 1543, ""no_primary_signal"": 1058, ""stop_loss"": 58465, ""take_profit"": 21420, ""timeout"": 174}, ""causal_eligible"": 1443, ""causal_reasons"": {"""": 82339, ""insufficient_history"": 9555}, ""eligible_outcomes"": {""ambiguous"": 3, ""censored"": 38, ""stop_loss"": 1008, ""take_profit"": 385, ""timeout"": 9}, ""metric_rows"": 1335, ""openings"": 91894, ""primary_accepted"": 1443, ""primary_event"": 1573, ""primary_reasons"": {""no_momentum"": 629, ""primary_history"": 429, ""signal"": 90836}, ""primary_signals"": 90836}",,,,,,,,,,,,,,,,,,,,,,,,,,
2023Q4,refit,0.001,model,full,,,available,114,,,,,,,,1329,,,,"{""all_outcomes"": {""ambiguous"": 178, ""causally_ineligible"": 9056, ""censored"": 1543, ""no_primary_signal"": 1058, ""stop_loss"": 58465, ""take_profit"": 21420, ""timeout"": 174}, ""causal_eligible"": 1443, ""causal_reasons"": {"""": 82339, ""insufficient_history"": 9555}, ""eligible_outcomes"": {""ambiguous"": 3, ""censored"": 38, ""stop_loss"": 1008, ""take_profit"": 385, ""timeout"": 9}, ""metric_rows"": 1335, ""openings"": 91894, ""primary_accepted"": 1443, ""primary_event"": 1573, ""primary_reasons"": {""no_momentum"": 629, ""primary_history"": 429, ""signal"": 90836}, ""primary_signals"": 90836}",conclusive_metric_rows,"{""negative"": 963, ""positive"": 372, ""rows"": 1335}",0.5943457167015987,0.2020294769620011,0.4997292287765607,0.2763657592218187,"{""thresholds.0.4.precision"": ""no_signals"", ""thresholds.0.5.precision"": ""no_signals""}",0.3,True,,1443,1443,"{""accepted"": 105, ""f1"": 0.09643605870020965, ""fn"": 349, ""fp"": 82, ""negative"": 963, ""positive"": 372, ""precision"": 0.21904761904761905, ""recall"": 0.06182795698924731, ""rejected"": 1230, ""rows"": 1335, ""tn"": 881, ""tp"": 23}",,,,,,,,,,,,,
2023Q4,refit,0.001,model,sequential_0,0,,available,312,,,,,,,,1131,,,,"{""all_outcomes"": {""ambiguous"": 178, ""causally_ineligible"": 9056, ""censored"": 1543, ""no_primary_signal"": 1058, ""stop_loss"": 58465, ""take_profit"": 21420, ""timeout"": 174}, ""causal_eligible"": 1443, ""causal_reasons"": {"""": 82339, ""insufficient_history"": 9555}, ""eligible_outcomes"": {""ambiguous"": 3, ""censored"": 38, ""stop_loss"": 1008, ""take_profit"": 385, ""timeout"": 9}, ""metric_rows"": 1335, ""openings"": 91894, ""primary_accepted"": 1443, ""primary_event"": 1573, ""primary_reasons"": {""no_momentum"": 629, ""primary_history"": 429, ""signal"": 90836}, ""primary_signals"": 90836}",conclusive_metric_rows,"{""negative"": 963, ""positive"": 372, ""rows"": 1335}",0.6003726022171,0.20411767747209975,0.5031320135329783,0.28094474672424097,"{""thresholds.0.5.precision"": ""no_signals""}",0.3,True,,1443,1443,"{""accepted"": 278, ""f1"": 0.24307692307692308, ""fn"": 293, ""fp"": 199, ""negative"": 963, ""positive"": 372, ""precision"": 0.2841726618705036, ""recall"": 0.21236559139784947, ""rejected"": 1057, ""rows"": 1335, ""tn"": 764, ""tp"": 79}",,,,,,,,,,,,,
2023Q4,refit,0.001,model,sequential_1,1,,available,125,,,,,,,,1318,,,,"{""all_outcomes"": {""ambiguous"": 178, ""causally_ineligible"": 9056, ""censored"": 1543, ""no_primary_signal"": 1058, ""stop_loss"": 58465, ""take_profit"": 21420, ""timeout"": 174}, ""causal_eligible"": 1443, ""causal_reasons"": {"""": 82339, ""insufficient_history"": 9555}, ""eligible_outcomes"": {""ambiguous"": 3, ""censored"": 38, ""stop_loss"": 1008, ""take_profit"": 385, ""timeout"": 9}, ""metric_rows"": 1335, ""openings"": 91894, ""primary_accepted"": 1443, ""primary_event"": 1573, ""primary_reasons"": {""no_momentum"": 629, ""primary_history"": 429, ""signal"": 90836}, ""primary_signals"": 90836}",conclusive_metric_rows,"{""negative"": 963, ""positive"": 372, ""rows"": 1335}",0.6069671455726234,0.20636489483522313,0.4868717828470618,0.2727728026034075,{},0.3,True,,1443,1443,"{""accepted"": 115, ""f1"": 0.11909650924024641, ""fn"": 343, ""fp"": 86, ""negative"": 963, ""positive"": 372, ""precision"": 0.25217391304347825, ""recall"": 0.07795698924731183, ""rejected"": 1220, ""rows"": 1335, ""tn"": 877, ""tp"": 29}",,,,,,,,,,,,,
2023Q4,refit,0.001,model,uniform_0,0,,available,244,,,,,,,,1199,,,,"{""all_outcomes"": {""ambiguous"": 178, ""causally_ineligible"": 9056, ""censored"": 1543, ""no_primary_signal"": 1058, ""stop_loss"": 58465, ""take_profit"": 21420, ""timeout"": 174}, ""causal_eligible"": 1443, ""causal_reasons"": {"""": 82339, ""insufficient_history"": 9555}, ""eligible_outcomes"": {""ambiguous"": 3, ""censored"": 38, ""stop_loss"": 1008, ""take_profit"": 385, ""timeout"": 9}, ""metric_rows"": 1335, ""openings"": 91894, ""primary_accepted"": 1443, ""primary_event"": 1573, ""primary_reasons"": {""no_momentum"": 629, ""primary_history"": 429, ""signal"": 90836}, ""primary_signals"": 90836}",conclusive_metric_rows,"{""negative"": 963, ""positive"": 372, ""rows"": 1335}",0.601705180787795,0.2045600112761046,0.5202631784633593,0.2888705317099624,{},0.3,True,,1443,1443,"{""accepted"": 220, ""f1"": 0.20608108108108109, ""fn"": 311, ""fp"": 159, ""negative"": 963, ""positive"": 372, ""precision"": 0.2772727272727273, ""recall"": 0.1639784946236559, ""rejected"": 1115, ""rows"": 1335, ""tn"": 804, ""tp"": 61}",,,,,,,,,,,,,
2023Q4,refit,0.001,model,uniform_1,1,,available,423,,,,,,,,1020,,,,"{""all_outcomes"": {""ambiguous"": 178, ""causally_ineligible"": 9056, ""censored"": 1543, ""no_primary_signal"": 1058, ""stop_loss"": 58465, ""take_profit"": 21420, ""timeout"": 174}, ""causal_eligible"": 1443, ""causal_reasons"": {"""": 82339, ""insufficient_history"": 9555}, ""eligible_outcomes"": {""ambiguous"": 3, ""censored"": 38, ""stop_loss"": 1008, ""take_profit"": 385, ""timeout"": 9}, ""metric_rows"": 1335, ""openings"": 91894, ""primary_accepted"": 1443, ""primary_event"": 1573, ""primary_reasons"": {""no_momentum"": 629, ""primary_history"": 429, ""signal"": 90836}, ""primary_signals"": 90836}",conclusive_metric_rows,"{""negative"": 963, ""positive"": 372, ""rows"": 1335}",0.5970151180147636,0.20287883599341056,0.512857445929499,0.3006293957015929,"{""thresholds.0.5.precision"": ""no_signals""}",0.3,True,,1443,1443,"{""accepted"": 398, ""f1"": 0.3038961038961039, ""fn"": 255, ""fp"": 281, ""negative"": 963, ""positive"": 372, ""precision"": 0.29396984924623115, ""recall"": 0.31451612903225806, ""rejected"": 937, ""rows"": 1335, ""tn"": 682, ""tp"": 117}",,,,,,,,,,,,,
2023Q4,refit,0.001,model,weighted_constant,,,available,0,,,,,,,,1443,,,,"{""all_outcomes"": {""ambiguous"": 178, ""causally_ineligible"": 9056, ""censored"": 1543, ""no_primary_signal"": 1058, ""stop_loss"": 58465, ""take_profit"": 21420, ""timeout"": 174}, ""causal_eligible"": 1443, ""causal_reasons"": {"""": 82339, ""insufficient_history"": 9555}, ""eligible_outcomes"": {""ambiguous"": 3, ""censored"": 38, ""stop_loss"": 1008, ""take_profit"": 385, ""timeout"": 9}, ""metric_rows"": 1335, ""openings"": 91894, ""primary_accepted"": 1443, ""primary_event"": 1573, ""primary_reasons"": {""no_momentum"": 629, ""primary_history"": 429, ""signal"": 90836}, ""primary_signals"": 90836}",conclusive_metric_rows,"{""negative"": 963, ""positive"": 372, ""rows"": 1335}",0.5926049815427064,0.20136780409197097,0.5,0.2786516853932584,"{""thresholds.0.3.precision"": ""no_signals"", ""thresholds.0.4.precision"": ""no_signals"", ""thresholds.0.5.precision"": ""no_signals""}",0.5,True,,1443,1443,"{""accepted"": 0, ""f1"": 0.0, ""fn"": 372, ""fp"": 0, ""negative"": 963, ""positive"": 372, ""precision"": null, ""recall"": 0.0, ""rejected"": 1335, ""rows"": 1335, ""tn"": 963, ""tp"": 0}",,,,,,,,,,,,,
2023Q4,refit,0.001,model,weighted_logistic,,,available,88,,,,,,,,1355,,,,"{""all_outcomes"": {""ambiguous"": 178, ""causally_ineligible"": 9056, ""censored"": 1543, ""no_primary_signal"": 1058, ""stop_loss"": 58465, ""take_profit"": 21420, ""timeout"": 174}, ""causal_eligible"": 1443, ""causal_reasons"": {"""": 82339, ""insufficient_history"": 9555}, ""eligible_outcomes"": {""ambiguous"": 3, ""censored"": 38, ""stop_loss"": 1008, ""take_profit"": 385, ""timeout"": 9}, ""metric_rows"": 1335, ""openings"": 91894, ""primary_accepted"": 1443, ""primary_event"": 1573, ""primary_reasons"": {""no_momentum"": 629, ""primary_history"": 429, ""signal"": 90836}, ""primary_signals"": 90836}",conclusive_metric_rows,"{""negative"": 963, ""positive"": 372, ""rows"": 1335}",0.5989043493414994,0.20349214296810533,0.4832652218090867,0.2795444441995786,"{""thresholds.0.4.precision"": ""no_signals"", ""thresholds.0.5.precision"": ""no_signals""}",0.3,True,,1443,1443,"{""accepted"": 87, ""f1"": 0.12636165577342048, ""fn"": 343, ""fp"": 58, ""negative"": 963, ""positive"": 372, ""precision"": 0.3333333333333333, ""recall"": 0.07795698924731183, ""rejected"": 1248, ""rows"": 1335, ""tn"": 905, ""tp"": 29}",,,,,,,,,,,,,
2023Q4,refit,0.001,paired_sensitivity,sequential_0_minus_full,,,descriptive_not_confidence_interval,,,,,,,,,,,,,,,,,,,,,,,,,,,"{""brier"": {""delete_week_max"": 0.0032899035155548096, ""delete_week_min"": 0.0013331878968247713, ""delta"": 0.002088200510098623}, ""log_loss"": {""delete_week_max"": 0.009231898138378205, ""delete_week_min"": 0.003293721734282687, ""delta"": 0.0060268855155011505}, ""status"": ""descriptive_not_confidence_interval"", ""weekly_support"": [{""negative"": 87, ""positive"": 36, ""rows"": 123, ""week_start_epoch"": 1696204800}, {""negative"": 58, ""positive"": 28, ""rows"": 86, ""week_start_epoch"": 1696809600}, {""negative"": 82, ""positive"": 23, ""rows"": 105, ""week_start_epoch"": 1697414400}, {""negative"": 58, ""positive"": 28, ""rows"": 86, ""week_start_epoch"": 1698019200}, {""negative"": 74, ""positive"": 36, ""rows"": 110, ""week_start_epoch"": 1698624000}, {""negative"": 72, ""positive"": 27, ""rows"": 99, ""week_start_epoch"": 1699228800}, {""negative"": 90, ""positive"": 24, ""rows"": 114, ""week_start_epoch"": 1699833600}, {""negative"": 73, ""positive"": 28, ""rows"": 101, ""week_start_epoch"": 1700438400}, {""negative"": 97, ""positive"": 43, ""rows"": 140, ""week_start_epoch"": 1701043200}, {""negative"": 100, ""positive"": 29, ""rows"": 129, ""week_start_epoch"": 1701648000}, {""negative"": 105, ""positive"": 46, ""rows"": 151, ""week_start_epoch"": 1702252800}, {""negative"": 67, ""positive"": 24, ""rows"": 91, ""week_start_epoch"": 1702857600}], ""weeks"": 12}",,,,,,,,,,,,
2023Q4,refit,0.001,paired_sensitivity,sequential_0_minus_uniform_0,,,descriptive_not_confidence_interval,,,,,,,,,,,,,,,,,,,,,,,,,,,"{""brier"": {""delete_week_max"": 0.00033604828821900637, ""delete_week_min"": -0.001707018017280313, ""delta"": -0.0004423338040048199}, ""log_loss"": {""delete_week_max"": 0.000670141730462865, ""delete_week_min"": -0.004945341807680013, ""delta"": -0.0013325785706951216}, ""status"": ""descriptive_not_confidence_interval"", ""weekly_support"": [{""negative"": 87, ""positive"": 36, ""rows"": 123, ""week_start_epoch"": 1696204800}, {""negative"": 58, ""positive"": 28, ""rows"": 86, ""week_start_epoch"": 1696809600}, {""negative"": 82, ""positive"": 23, ""rows"": 105, ""week_start_epoch"": 1697414400}, {""negative"": 58, ""positive"": 28, ""rows"": 86, ""week_start_epoch"": 1698019200}, {""negative"": 74, ""positive"": 36, ""rows"": 110, ""week_start_epoch"": 1698624000}, {""negative"": 72, ""positive"": 27, ""rows"": 99, ""week_start_epoch"": 1699228800}, {""negative"": 90, ""positive"": 24, ""rows"": 114, ""week_start_epoch"": 1699833600}, {""negative"": 73, ""positive"": 28, ""rows"": 101, ""week_start_epoch"": 1700438400}, {""negative"": 97, ""positive"": 43, ""rows"": 140, ""week_start_epoch"": 1701043200}, {""negative"": 100, ""positive"": 29, ""rows"": 129, ""week_start_epoch"": 1701648000}, {""negative"": 105, ""positive"": 46, ""rows"": 151, ""week_start_epoch"": 1702252800}, {""negative"": 67, ""positive"": 24, ""rows"": 91, ""week_start_epoch"": 1702857600}], ""weeks"": 12}",,,,,,,,,,,,
2023Q4,refit,0.001,paired_sensitivity,sequential_0_minus_weighted_constant,,,descriptive_not_confidence_interval,,,,,,,,,,,,,,,,,,,,,,,,,,,"{""brier"": {""delete_week_max"": 0.003999359222883877, ""delete_week_min"": 0.0019039696191827445, ""delta"": 0.0027498733801287825}, ""log_loss"": {""delete_week_max"": 0.011135012117819055, ""delete_week_min"": 0.004671278605118767, ""delta"": 0.0077676206743934805}, ""status"": ""descriptive_not_confidence_interval"", ""weekly_support"": [{""negative"": 87, ""positive"": 36, ""rows"": 123, ""week_start_epoch"": 1696204800}, {""negative"": 58, ""positive"": 28, ""rows"": 86, ""week_start_epoch"": 1696809600}, {""negative"": 82, ""positive"": 23, ""rows"": 105, ""week_start_epoch"": 1697414400}, {""negative"": 58, ""positive"": 28, ""rows"": 86, ""week_start_epoch"": 1698019200}, {""negative"": 74, ""positive"": 36, ""rows"": 110, ""week_start_epoch"": 1698624000}, {""negative"": 72, ""positive"": 27, ""rows"": 99, ""week_start_epoch"": 1699228800}, {""negative"": 90, ""positive"": 24, ""rows"": 114, ""week_start_epoch"": 1699833600}, {""negative"": 73, ""positive"": 28, ""rows"": 101, ""week_start_epoch"": 1700438400}, {""negative"": 97, ""positive"": 43, ""rows"": 140, ""week_start_epoch"": 1701043200}, {""negative"": 100, ""positive"": 29, ""rows"": 129, ""week_start_epoch"": 1701648000}, {""negative"": 105, ""positive"": 46, ""rows"": 151, ""week_start_epoch"": 1702252800}, {""negative"": 67, ""positive"": 24, ""rows"": 91, ""week_start_epoch"": 1702857600}], ""weeks"": 12}",,,,,,,,,,,,
2023Q4,refit,0.001,paired_sensitivity,sequential_0_minus_weighted_logistic,,,descriptive_not_confidence_interval,,,,,,,,,,,,,,,,,,,,,,,,,,,"{""brier"": {""delete_week_max"": 0.002246181083290807, ""delete_week_min"": -0.0006810514900685106, ""delta"": 0.0006255345039943827}, ""log_loss"": {""delete_week_max"": 0.005721043355109312, ""delete_week_min"": -0.0016660337162319634, ""delta"": 0.0014682528756005846}, ""status"": ""descriptive_not_confidence_interval"", ""weekly_support"": [{""negative"": 87, ""positive"": 36, ""rows"": 123, ""week_start_epoch"": 1696204800}, {""negative"": 58, ""positive"": 28, ""rows"": 86, ""week_start_epoch"": 1696809600}, {""negative"": 82, ""positive"": 23, ""rows"": 105, ""week_start_epoch"": 1697414400}, {""negative"": 58, ""positive"": 28, ""rows"": 86, ""week_start_epoch"": 1698019200}, {""negative"": 74, ""positive"": 36, ""rows"": 110, ""week_start_epoch"": 1698624000}, {""negative"": 72, ""positive"": 27, ""rows"": 99, ""week_start_epoch"": 1699228800}, {""negative"": 90, ""positive"": 24, ""rows"": 114, ""week_start_epoch"": 1699833600}, {""negative"": 73, ""positive"": 28, ""rows"": 101, ""week_start_epoch"": 1700438400}, {""negative"": 97, ""positive"": 43, ""rows"": 140, ""week_start_epoch"": 1701043200}, {""negative"": 100, ""positive"": 29, ""rows"": 129, ""week_start_epoch"": 1701648000}, {""negative"": 105, ""positive"": 46, ""rows"": 151, ""week_start_epoch"": 1702252800}, {""negative"": 67, ""positive"": 24, ""rows"": 91, ""week_start_epoch"": 1702857600}], ""weeks"": 12}",,,,,,,,,,,,
2023Q4,refit,0.001,paired_sensitivity,sequential_1_minus_full,,,descriptive_not_confidence_interval,,,,,,,,,,,,,,,,,,,,,,,,,,,"{""brier"": {""delete_week_max"": 0.004959725284327188, ""delete_week_min"": 0.003855816798126741, ""delta"": 0.004335417873222014}, ""log_loss"": {""delete_week_max"": 0.014334112248689532, ""delete_week_min"": 0.011388543479394466, ""delta"": 0.012621428871024649}, ""status"": ""descriptive_not_confidence_interval"", ""weekly_support"": [{""negative"": 87, ""positive"": 36, ""rows"": 123, ""week_start_epoch"": 1696204800}, {""negative"": 58, ""positive"": 28, ""rows"": 86, ""week_start_epoch"": 1696809600}, {""negative"": 82, ""positive"": 23, ""rows"": 105, ""week_start_epoch"": 1697414400}, {""negative"": 58, ""positive"": 28, ""rows"": 86, ""week_start_epoch"": 1698019200}, {""negative"": 74, ""positive"": 36, ""rows"": 110, ""week_start_epoch"": 1698624000}, {""negative"": 72, ""positive"": 27, ""rows"": 99, ""week_start_epoch"": 1699228800}, {""negative"": 90, ""positive"": 24, ""rows"": 114, ""week_start_epoch"": 1699833600}, {""negative"": 73, ""positive"": 28, ""rows"": 101, ""week_start_epoch"": 1700438400}, {""negative"": 97, ""positive"": 43, ""rows"": 140, ""week_start_epoch"": 1701043200}, {""negative"": 100, ""positive"": 29, ""rows"": 129, ""week_start_epoch"": 1701648000}, {""negative"": 105, ""positive"": 46, ""rows"": 151, ""week_start_epoch"": 1702252800}, {""negative"": 67, ""positive"": 24, ""rows"": 91, ""week_start_epoch"": 1702857600}], ""weeks"": 12}",,,,,,,,,,,,
2023Q4,refit,0.001,paired_sensitivity,sequential_1_minus_uniform_1,,,descriptive_not_confidence_interval,,,,,,,,,,,,,,,,,,,,,,,,,,,"{""brier"": {""delete_week_max"": 0.004422211360277518, ""delete_week_min"": 0.002227401900513507, ""delta"": 0.0034860588418125543}, ""log_loss"": {""delete_week_max"": 0.012226665331794562, ""delete_week_min"": 0.006779586989463704, ""delta"": 0.009952027557859785}, ""status"": ""descriptive_not_confidence_interval"", ""weekly_support"": [{""negative"": 87, ""positive"": 36, ""rows"": 123, ""week_start_epoch"": 1696204800}, {""negative"": 58, ""positive"": 28, ""rows"": 86, ""week_start_epoch"": 1696809600}, {""negative"": 82, ""positive"": 23, ""rows"": 105, ""week_start_epoch"": 1697414400}, {""negative"": 58, ""positive"": 28, ""rows"": 86, ""week_start_epoch"": 1698019200}, {""negative"": 74, ""positive"": 36, ""rows"": 110, ""week_start_epoch"": 1698624000}, {""negative"": 72, ""positive"": 27, ""rows"": 99, ""week_start_epoch"": 1699228800}, {""negative"": 90, ""positive"": 24, ""rows"": 114, ""week_start_epoch"": 1699833600}, {""negative"": 73, ""positive"": 28, ""rows"": 101, ""week_start_epoch"": 1700438400}, {""negative"": 97, ""positive"": 43, ""rows"": 140, ""week_start_epoch"": 1701043200}, {""negative"": 100, ""positive"": 29, ""rows"": 129, ""week_start_epoch"": 1701648000}, {""negative"": 105, ""positive"": 46, ""rows"": 151, ""week_start_epoch"": 1702252800}, {""negative"": 67, ""positive"": 24, ""rows"": 91, ""week_start_epoch"": 1702857600}], ""weeks"": 12}",,,,,,,,,,,,
2023Q4,refit,0.001,paired_sensitivity,sequential_1_minus_weighted_constant,,,descriptive_not_confidence_interval,,,,,,,,,,,,,,,,,,,,,,,,,,,"{""brier"": {""delete_week_max"": 0.0055779318949834575, ""delete_week_min"": 0.004303824082377526, ""delta"": 0.004997090743252174}, ""log_loss"": {""delete_week_max"": 0.015975090542276187, ""delete_week_min"": 0.01287061011977448, ""delta"": 0.014362164029916977}, ""status"": ""descriptive_not_confidence_interval"", ""weekly_support"": [{""negative"": 87, ""positive"": 36, ""rows"": 123, ""week_start_epoch"": 1696204800}, {""negative"": 58, ""positive"": 28, ""rows"": 86, ""week_start_epoch"": 1696809600}, {""negative"": 82, ""positive"": 23, ""rows"": 105, ""week_start_epoch"": 1697414400}, {""negative"": 58, ""positive"": 28, ""rows"": 86, ""week_start_epoch"": 1698019200}, {""negative"": 74, ""positive"": 36, ""rows"": 110, ""week_start_epoch"": 1698624000}, {""negative"": 72, ""positive"": 27, ""rows"": 99, ""week_start_epoch"": 1699228800}, {""negative"": 90, ""positive"": 24, ""rows"": 114, ""week_start_epoch"": 1699833600}, {""negative"": 73, ""positive"": 28, ""rows"": 101, ""week_start_epoch"": 1700438400}, {""negative"": 97, ""positive"": 43, ""rows"": 140, ""week_start_epoch"": 1701043200}, {""negative"": 100, ""positive"": 29, ""rows"": 129, ""week_start_epoch"": 1701648000}, {""negative"": 105, ""positive"": 46, ""rows"": 151, ""week_start_epoch"": 1702252800}, {""negative"": 67, ""positive"": 24, ""rows"": 91, ""week_start_epoch"": 1702857600}], ""weeks"": 12}",,,,,,,,,,,,
2023Q4,refit,0.001,paired_sensitivity,sequential_1_minus_weighted_logistic,,,descriptive_not_confidence_interval,,,,,,,,,,,,,,,,,,,,,,,,,,,"{""brier"": {""delete_week_max"": 0.0036364112768803624, ""delete_week_min"": 0.0017152899604023523, ""delta"": 0.0028727518671177736}, ""log_loss"": {""delete_week_max"": 0.010078154907081626, ""delete_week_min"": 0.00520834552283259, ""delta"": 0.008062796231124082}, ""status"": ""descriptive_not_confidence_interval"", ""weekly_support"": [{""negative"": 87, ""positive"": 36, ""rows"": 123, ""week_start_epoch"": 1696204800}, {""negative"": 58, ""positive"": 28, ""rows"": 86, ""week_start_epoch"": 1696809600}, {""negative"": 82, ""positive"": 23, ""rows"": 105, ""week_start_epoch"": 1697414400}, {""negative"": 58, ""positive"": 28, ""rows"": 86, ""week_start_epoch"": 1698019200}, {""negative"": 74, ""positive"": 36, ""rows"": 110, ""week_start_epoch"": 1698624000}, {""negative"": 72, ""positive"": 27, ""rows"": 99, ""week_start_epoch"": 1699228800}, {""negative"": 90, ""positive"": 24, ""rows"": 114, ""week_start_epoch"": 1699833600}, {""negative"": 73, ""positive"": 28, ""rows"": 101, ""week_start_epoch"": 1700438400}, {""negative"": 97, ""positive"": 43, ""rows"": 140, ""week_start_epoch"": 1701043200}, {""negative"": 100, ""positive"": 29, ""rows"": 129, ""week_start_epoch"": 1701648000}, {""negative"": 105, ""positive"": 46, ""rows"": 151, ""week_start_epoch"": 1702252800}, {""negative"": 67, ""positive"": 24, ""rows"": 91, ""week_start_epoch"": 1702857600}], ""weeks"": 12}",,,,,,,,,,,,
2023Q4,refit,0.001,paired_sensitivity,uniform_0_minus_full,,,descriptive_not_confidence_interval,,,,,,,,,,,,,,,,,,,,,,,,,,,"{""brier"": {""delete_week_max"": 0.003830931815588785, ""delete_week_min"": 0.0017627993629354395, ""delta"": 0.0025305343141034426}, ""log_loss"": {""delete_week_max"": 0.011020836278841777, ""delete_week_min"": 0.0055055503011879935, ""delta"": 0.007359464086196272}, ""status"": ""descriptive_not_confidence_interval"", ""weekly_support"": [{""negative"": 87, ""positive"": 36, ""rows"": 123, ""week_start_epoch"": 1696204800}, {""negative"": 58, ""positive"": 28, ""rows"": 86, ""week_start_epoch"": 1696809600}, {""negative"": 82, ""positive"": 23, ""rows"": 105, ""week_start_epoch"": 1697414400}, {""negative"": 58, ""positive"": 28, ""rows"": 86, ""week_start_epoch"": 1698019200}, {""negative"": 74, ""positive"": 36, ""rows"": 110, ""week_start_epoch"": 1698624000}, {""negative"": 72, ""positive"": 27, ""rows"": 99, ""week_start_epoch"": 1699228800}, {""negative"": 90, ""positive"": 24, ""rows"": 114, ""week_start_epoch"": 1699833600}, {""negative"": 73, ""positive"": 28, ""rows"": 101, ""week_start_epoch"": 1700438400}, {""negative"": 97, ""positive"": 43, ""rows"": 140, ""week_start_epoch"": 1701043200}, {""negative"": 100, ""positive"": 29, ""rows"": 129, ""week_start_epoch"": 1701648000}, {""negative"": 105, ""positive"": 46, ""rows"": 151, ""week_start_epoch"": 1702252800}, {""negative"": 67, ""positive"": 24, ""rows"": 91, ""week_start_epoch"": 1702857600}], ""weeks"": 12}",,,,,,,,,,,,
2023Q4,refit,0.001,paired_sensitivity,uniform_0_minus_weighted_constant,,,descriptive_not_confidence_interval,,,,,,,,,,,,,,,,,,,,,,,,,,,"{""brier"": {""delete_week_max"": 0.004281000979666649, ""delete_week_min"": 0.0021467821237164232, ""delta"": 0.0031922071841336015}, ""log_loss"": {""delete_week_max"": 0.01222408236661748, ""delete_week_min"": 0.006898919938381284, ""delta"": 0.009100199245088599}, ""status"": ""descriptive_not_confidence_interval"", ""weekly_support"": [{""negative"": 87, ""positive"": 36, ""rows"": 123, ""week_start_epoch"": 1696204800}, {""negative"": 58, ""positive"": 28, ""rows"": 86, ""week_start_epoch"": 1696809600}, {""negative"": 82, ""positive"": 23, ""rows"": 105, ""week_start_epoch"": 1697414400}, {""negative"": 58, ""positive"": 28, ""rows"": 86, ""week_start_epoch"": 1698019200}, {""negative"": 74, ""positive"": 36, ""rows"": 110, ""week_start_epoch"": 1698624000}, {""negative"": 72, ""positive"": 27, ""rows"": 99, ""week_start_epoch"": 1699228800}, {""negative"": 90, ""positive"": 24, ""rows"": 114, ""week_start_epoch"": 1699833600}, {""negative"": 73, ""positive"": 28, ""rows"": 101, ""week_start_epoch"": 1700438400}, {""negative"": 97, ""positive"": 43, ""rows"": 140, ""week_start_epoch"": 1701043200}, {""negative"": 100, ""positive"": 29, ""rows"": 129, ""week_start_epoch"": 1701648000}, {""negative"": 105, ""positive"": 46, ""rows"": 151, ""week_start_epoch"": 1702252800}, {""negative"": 67, ""positive"": 24, ""rows"": 91, ""week_start_epoch"": 1702857600}], ""weeks"": 12}",,,,,,,,,,,,
2023Q4,refit,0.001,paired_sensitivity,uniform_0_minus_weighted_logistic,,,descriptive_not_confidence_interval,,,,,,,,,,,,,,,,,,,,,,,,,,,"{""brier"": {""delete_week_max"": 0.0025210913596225323, ""delete_week_min"": -0.00044175199825875115, ""delta"": 0.0010678683079992023}, ""log_loss"": {""delete_week_max"": 0.006897019428227582, ""delete_week_min"": -0.0007633446585606065, ""delta"": 0.0028008314462957054}, ""status"": ""descriptive_not_confidence_interval"", ""weekly_support"": [{""negative"": 87, ""positive"": 36, ""rows"": 123, ""week_start_epoch"": 1696204800}, {""negative"": 58, ""positive"": 28, ""rows"": 86, ""week_start_epoch"": 1696809600}, {""negative"": 82, ""positive"": 23, ""rows"": 105, ""week_start_epoch"": 1697414400}, {""negative"": 58, ""positive"": 28, ""rows"": 86, ""week_start_epoch"": 1698019200}, {""negative"": 74, ""positive"": 36, ""rows"": 110, ""week_start_epoch"": 1698624000}, {""negative"": 72, ""positive"": 27, ""rows"": 99, ""week_start_epoch"": 1699228800}, {""negative"": 90, ""positive"": 24, ""rows"": 114, ""week_start_epoch"": 1699833600}, {""negative"": 73, ""positive"": 28, ""rows"": 101, ""week_start_epoch"": 1700438400}, {""negative"": 97, ""positive"": 43, ""rows"": 140, ""week_start_epoch"": 1701043200}, {""negative"": 100, ""positive"": 29, ""rows"": 129, ""week_start_epoch"": 1701648000}, {""negative"": 105, ""positive"": 46, ""rows"": 151, ""week_start_epoch"": 1702252800}, {""negative"": 67, ""positive"": 24, ""rows"": 91, ""week_start_epoch"": 1702857600}], ""weeks"": 12}",,,,,,,,,,,,
2023Q4,refit,0.001,paired_sensitivity,uniform_1_minus_full,,,descriptive_not_confidence_interval,,,,,,,,,,,,,,,,,,,,,,,,,,,"{""brier"": {""delete_week_max"": 0.0016284148976132345, ""delete_week_min"": 0.00014895542408893068, ""delta"": 0.0008493590314094591}, ""log_loss"": {""delete_week_max"": 0.004608956489930765, ""delete_week_min"": 0.0009395898326285244, ""delta"": 0.0026694013131648635}, ""status"": ""descriptive_not_confidence_interval"", ""weekly_support"": [{""negative"": 87, ""positive"": 36, ""rows"": 123, ""week_start_epoch"": 1696204800}, {""negative"": 58, ""positive"": 28, ""rows"": 86, ""week_start_epoch"": 1696809600}, {""negative"": 82, ""positive"": 23, ""rows"": 105, ""week_start_epoch"": 1697414400}, {""negative"": 58, ""positive"": 28, ""rows"": 86, ""week_start_epoch"": 1698019200}, {""negative"": 74, ""positive"": 36, ""rows"": 110, ""week_start_epoch"": 1698624000}, {""negative"": 72, ""positive"": 27, ""rows"": 99, ""week_start_epoch"": 1699228800}, {""negative"": 90, ""positive"": 24, ""rows"": 114, ""week_start_epoch"": 1699833600}, {""negative"": 73, ""positive"": 28, ""rows"": 101, ""week_start_epoch"": 1700438400}, {""negative"": 97, ""positive"": 43, ""rows"": 140, ""week_start_epoch"": 1701043200}, {""negative"": 100, ""positive"": 29, ""rows"": 129, ""week_start_epoch"": 1701648000}, {""negative"": 105, ""positive"": 46, ""rows"": 151, ""week_start_epoch"": 1702252800}, {""negative"": 67, ""positive"": 24, ""rows"": 91, ""week_start_epoch"": 1702857600}], ""weeks"": 12}",,,,,,,,,,,,
2023Q4,refit,0.001,paired_sensitivity,uniform_1_minus_weighted_constant,,,descriptive_not_confidence_interval,,,,,,,,,,,,,,,,,,,,,,,,,,,"{""brier"": {""delete_week_max"": 0.0024540725833986886, ""delete_week_min"": 0.0008584111314179985, ""delta"": 0.0015110319014396186}, ""log_loss"": {""delete_week_max"": 0.0067673102087221736, ""delete_week_min"": 0.0028427038120693742, ""delta"": 0.004410136472057192}, ""status"": ""descriptive_not_confidence_interval"", ""weekly_support"": [{""negative"": 87, ""positive"": 36, ""rows"": 123, ""week_start_epoch"": 1696204800}, {""negative"": 58, ""positive"": 28, ""rows"": 86, ""week_start_epoch"": 1696809600}, {""negative"": 82, ""positive"": 23, ""rows"": 105, ""week_start_epoch"": 1697414400}, {""negative"": 58, ""positive"": 28, ""rows"": 86, ""week_start_epoch"": 1698019200}, {""negative"": 74, ""positive"": 36, ""rows"": 110, ""week_start_epoch"": 1698624000}, {""negative"": 72, ""positive"": 27, ""rows"": 99, ""week_start_epoch"": 1699228800}, {""negative"": 90, ""positive"": 24, ""rows"": 114, ""week_start_epoch"": 1699833600}, {""negative"": 73, ""positive"": 28, ""rows"": 101, ""week_start_epoch"": 1700438400}, {""negative"": 97, ""positive"": 43, ""rows"": 140, ""week_start_epoch"": 1701043200}, {""negative"": 100, ""positive"": 29, ""rows"": 129, ""week_start_epoch"": 1701648000}, {""negative"": 105, ""positive"": 46, ""rows"": 151, ""week_start_epoch"": 1702252800}, {""negative"": 67, ""positive"": 24, ""rows"": 91, ""week_start_epoch"": 1702857600}], ""weeks"": 12}",,,,,,,,,,,,
2023Q4,refit,0.001,paired_sensitivity,uniform_1_minus_weighted_logistic,,,descriptive_not_confidence_interval,,,,,,,,,,,,,,,,,,,,,,,,,,,"{""brier"": {""delete_week_max"": 0.0006278400007925958, ""delete_week_min"": -0.001705471820682996, ""delta"": -0.0006133069746947809}, ""log_loss"": {""delete_week_max"": 0.0012676298529944751, ""delete_week_min"": -0.004581596673668064, ""delta"": -0.0018892313267357024}, ""status"": ""descriptive_not_confidence_interval"", ""weekly_support"": [{""negative"": 87, ""positive"": 36, ""rows"": 123, ""week_start_epoch"": 1696204800}, {""negative"": 58, ""positive"": 28, ""rows"": 86, ""week_start_epoch"": 1696809600}, {""negative"": 82, ""positive"": 23, ""rows"": 105, ""week_start_epoch"": 1697414400}, {""negative"": 58, ""positive"": 28, ""rows"": 86, ""week_start_epoch"": 1698019200}, {""negative"": 74, ""positive"": 36, ""rows"": 110, ""week_start_epoch"": 1698624000}, {""negative"": 72, ""positive"": 27, ""rows"": 99, ""week_start_epoch"": 1699228800}, {""negative"": 90, ""positive"": 24, ""rows"": 114, ""week_start_epoch"": 1699833600}, {""negative"": 73, ""positive"": 28, ""rows"": 101, ""week_start_epoch"": 1700438400}, {""negative"": 97, ""positive"": 43, ""rows"": 140, ""week_start_epoch"": 1701043200}, {""negative"": 100, ""positive"": 29, ""rows"": 129, ""week_start_epoch"": 1701648000}, {""negative"": 105, ""positive"": 46, ""rows"": 151, ""week_start_epoch"": 1702252800}, {""negative"": 67, ""positive"": 24, ""rows"": 91, ""week_start_epoch"": 1702857600}], ""weeks"": 12}",,,,,,,,,,,,
2023Q4,refit,0.001,member_diversity,sequential_0,0,0-1,,,,,,,,,,,,,,,,,,,,,,,,,,,,,0.08037501954511678,0.10492438488573771,,,,,,,,,,
2023Q4,refit,0.001,member_diversity,sequential_0,0,0-2,,,,,,,,,,,,,,,,,,,,,,,,,,,,,0.09103364299455934,0.08314104966896502,,,,,,,,,,
2023Q4,refit,0.001,member_diversity,sequential_0,0,1-2,,,,,,,,,,,,,,,,,,,,,,,,,,,,,0.09049192509872188,0.08945183723577403,,,,,,,,,,
2023Q4,refit,0.001,member_diversity,sequential_1,1,0-1,,,,,,,,,,,,,,,,,,,,,,,,,,,,,-0.06777875783167917,0.08321855951959997,,,,,,,,,,
2023Q4,refit,0.001,member_diversity,sequential_1,1,0-2,,,,,,,,,,,,,,,,,,,,,,,,,,,,,0.1459876382913808,0.08530231731796437,,,,,,,,,,
2023Q4,refit,0.001,member_diversity,sequential_1,1,1-2,,,,,,,,,,,,,,,,,,,,,,,,,,,,,0.11413089737761975,0.07981130183921017,,,,,,,,,,
2023Q4,refit,0.001,member_diversity,uniform_0,0,0-1,,,,,,,,,,,,,,,,,,,,,,,,,,,,,0.32942647265908254,0.07217862771503426,,,,,,,,,,
2023Q4,refit,0.001,member_diversity,uniform_0,0,0-2,,,,,,,,,,,,,,,,,,,,,,,,,,,,,0.3404141844343667,0.07658368786174727,,,,,,,,,,
2023Q4,refit,0.001,member_diversity,uniform_0,0,1-2,,,,,,,,,,,,,,,,,,,,,,,,,,,,,0.0058231934064556885,0.09379798312347676,,,,,,,,,,
2023Q4,refit,0.001,member_diversity,uniform_1,1,0-1,,,,,,,,,,,,,,,,,,,,,,,,,,,,,0.05831528990169859,0.12639389851025262,,,,,,,,,,
2023Q4,refit,0.001,member_diversity,uniform_1,1,0-2,,,,,,,,,,,,,,,,,,,,,,,,,,,,,0.42054502370535674,0.10399659417902732,,,,,,,,,,
2023Q4,refit,0.001,member_diversity,uniform_1,1,1-2,,,,,,,,,,,,,,,,,,,,,,,,,,,,,-0.2243705111713225,0.09768175881367792,,,,,,,,,,
2023Q4,refit,0.001,fit_slot,full,,,succeeded,,,,,,,,,,,,,,,,,,,,,,,,,,,,,,,2023Q4:refit:0.001:full,,False,"{""negative"": 9074, ""positive"": 3350, ""rows"": 12424}",0682696243eda0eb7a584c315261ed0d15b918ae74411cae295b247b671eebd7,f57b87d3965245f311dcfed18643fc2fc3ed8b99605ee1920a864dfb617ca34d,0.044404,[25],Individual member scores not recorded in frozen JSON; no new calculation from prediction payloads
2023Q4,refit,0.001,fit_slot,sequential_0,0,0,succeeded,,,,,,,,,,,,,,,,,,,,,,,,,,,,,,,2023Q4:refit:0.001:sequential_0:0,,False,"{""negative"": 375, ""positive"": 137, ""rows"": 512}",60bde364ec436609798c50818862ca99576a7657587417b8f67378ff9043ff59,6686bf8e1e2fb528847a55308048a88c6df915aa71f0c79300d2f3f811346fc8,0.031573,[33],Individual member scores not recorded in frozen JSON; no new calculation from prediction payloads
2023Q4,refit,0.001,fit_slot,sequential_0,0,1,succeeded,,,,,,,,,,,,,,,,,,,,,,,,,,,,,,,2023Q4:refit:0.001:sequential_0:1,,False,"{""negative"": 365, ""positive"": 147, ""rows"": 512}",0f6e9019662bd8d2ae9e5bb9134873f616f18b4c063769be307faa181863b95a,9309fe8d2df4aa605e006bed3cfb67c5ade906cd104ed4dbbf2fb571b5e1641a,0.032617,[36],Individual member scores not recorded in frozen JSON; no new calculation from prediction payloads
2023Q4,refit,0.001,fit_slot,sequential_0,0,2,succeeded,,,,,,,,,,,,,,,,,,,,,,,,,,,,,,,2023Q4:refit:0.001:sequential_0:2,,False,"{""negative"": 378, ""positive"": 134, ""rows"": 512}",e08955356ec7b6d94df88e3bea23a4c075b8e2d2dc73e1bc7e4a9ad3025a132a,7d35620f5b94013d415ef44d6935badec0ee24b2371e53cef873b4490f4e3d07,0.032608,[28],Individual member scores not recorded in frozen JSON; no new calculation from prediction payloads
2023Q4,refit,0.001,fit_slot,sequential_1,1,0,succeeded,,,,,,,,,,,,,,,,,,,,,,,,,,,,,,,2023Q4:refit:0.001:sequential_1:0,,False,"{""negative"": 389, ""positive"": 123, ""rows"": 512}",e302a2cb58c76ec1237c502e9eeb9ce3464ccbb12de6bf0069c171a1c9a4d79d,fb4f99f03f78d1040c868b5eb2978a43cd298f0085b9033dde15771f7a7107f1,0.032581,[33],Individual member scores not recorded in frozen JSON; no new calculation from prediction payloads
2023Q4,refit,0.001,fit_slot,sequential_1,1,1,succeeded,,,,,,,,,,,,,,,,,,,,,,,,,,,,,,,2023Q4:refit:0.001:sequential_1:1,,False,"{""negative"": 377, ""positive"": 135, ""rows"": 512}",ff3da62a009baa11c1142214a3de686bfca9f80936a22d69d9167d9ecbee912b,b998a3ac99aae1acef47f08590863cdb089379482e418ec074aa45e96e8ff73c,0.034314,[28],Individual member scores not recorded in frozen JSON; no new calculation from prediction payloads
2023Q4,refit,0.001,fit_slot,sequential_1,1,2,succeeded,,,,,,,,,,,,,,,,,,,,,,,,,,,,,,,2023Q4:refit:0.001:sequential_1:2,,False,"{""negative"": 369, ""positive"": 143, ""rows"": 512}",1e9fc57ac476d5ad6985884252a059b06362fd42a7e445b7a108ba561e55996c,d89df2d5d24e6acf8f9efef2313eac73a684b92a66d370211b0c5a2131200d45,0.03367,[28],Individual member scores not recorded in frozen JSON; no new calculation from prediction payloads
2023Q4,refit,0.001,fit_slot,uniform_0,0,0,succeeded,,,,,,,,,,,,,,,,,,,,,,,,,,,,,,,2023Q4:refit:0.001:uniform_0:0,,False,"{""negative"": 370, ""positive"": 142, ""rows"": 512}",44773bb9dc328371749fc86f7d732ed757f47d38333d8f57af1b27c3b1cfb171,49147f0f14d0aebc5231c51bd4f3aab3b5ba77ffe7919fb948f69be0158af208,0.031482,[35],Individual member scores not recorded in frozen JSON; no new calculation from prediction payloads
2023Q4,refit,0.001,fit_slot,uniform_0,0,1,succeeded,,,,,,,,,,,,,,,,,,,,,,,,,,,,,,,2023Q4:refit:0.001:uniform_0:1,,False,"{""negative"": 388, ""positive"": 124, ""rows"": 512}",10dc6c229738218f54c2e8e9df6c2dc173a7476051a6f070f819916262f76076,7f2b9becfcbca1e287747e677dc7c9f4443c05ae9e9e4439a354120ba2f3c3a5,0.031309,[34],Individual member scores not recorded in frozen JSON; no new calculation from prediction payloads
2023Q4,refit,0.001,fit_slot,uniform_0,0,2,succeeded,,,,,,,,,,,,,,,,,,,,,,,,,,,,,,,2023Q4:refit:0.001:uniform_0:2,,False,"{""negative"": 376, ""positive"": 136, ""rows"": 512}",d571abd3bbd892f4426ea89d053267c1d20f0eaadaba867fc98f24ea0c9bd173,ef163991d7246e8bcfba5ceccf60a59345577e90fe5c7d4758a3401964732494,0.031483,[33],Individual member scores not recorded in frozen JSON; no new calculation from prediction payloads
2023Q4,refit,0.001,fit_slot,uniform_1,1,0,succeeded,,,,,,,,,,,,,,,,,,,,,,,,,,,,,,,2023Q4:refit:0.001:uniform_1:0,,False,"{""negative"": 368, ""positive"": 144, ""rows"": 512}",3a2a7ab7cbfb089fd079bab9692691364d14d177fb97215eb8a1fd6208a7d234,0bf45471335a139ba0e1d3f8407a5fc99fc3804b47eaba464a53f5c0c6bf4aee,0.031761,[27],Individual member scores not recorded in frozen JSON; no new calculation from prediction payloads
2023Q4,refit,0.001,fit_slot,uniform_1,1,1,succeeded,,,,,,,,,,,,,,,,,,,,,,,,,,,,,,,2023Q4:refit:0.001:uniform_1:1,,False,"{""negative"": 395, ""positive"": 117, ""rows"": 512}",e6abbfc726881d33d3c878dab987597bdf697e7da1174aca1182bb5815f0f1ca,4961db9948c1d1d802cea8dc005e7462e96f5ede2a6953d2c89a6effef2ee7e5,0.032703,[34],Individual member scores not recorded in frozen JSON; no new calculation from prediction payloads
2023Q4,refit,0.001,fit_slot,uniform_1,1,2,succeeded,,,,,,,,,,,,,,,,,,,,,,,,,,,,,,,2023Q4:refit:0.001:uniform_1:2,,False,"{""negative"": 373, ""positive"": 139, ""rows"": 512}",97b950380f8e9135c4c3d443db5c85e56f24314eb9c1c11496b920fbdfb438f9,c95be133cadfa989fcd5982484fe18f502a349a16ff3b72496b3db76a60c83f8,0.032831,[27],Individual member scores not recorded in frozen JSON; no new calculation from prediction payloads
2023Q4,refit,temporal,primary,primary_unfiltered,,,available,76144,0.4223764632756656,0,55758,55758,20386,0.26772956503467116,1.0,0,76144,0,20386,"{""all_outcomes"": {""ambiguous"": 178, ""causally_ineligible"": 9056, ""censored"": 1543, ""no_primary_signal"": 1058, ""stop_loss"": 58465, ""take_profit"": 21420, ""timeout"": 174}, ""causal_eligible"": 81780, ""causal_reasons"": {"""": 82339, ""insufficient_history"": 9555}, ""eligible_outcomes"": {""ambiguous"": 178, ""censored"": 1543, ""stop_loss"": 58465, ""take_profit"": 21420, ""timeout"": 174}, ""metric_rows"": 76144, ""openings"": 91894, ""primary_accepted"": 81780, ""primary_event"": 90836, ""primary_reasons"": {""no_momentum"": 629, ""primary_history"": 429, ""signal"": 90836}, ""primary_signals"": 90836}",,,,,,,,,,,,,,,,,,,,,,,,,,
2023Q4,refit,temporal,model,full,,,available,1965,,,,,,,,79815,,,,"{""all_outcomes"": {""ambiguous"": 178, ""causally_ineligible"": 9056, ""censored"": 1543, ""no_primary_signal"": 1058, ""stop_loss"": 58465, ""take_profit"": 21420, ""timeout"": 174}, ""causal_eligible"": 81780, ""causal_reasons"": {"""": 82339, ""insufficient_history"": 9555}, ""eligible_outcomes"": {""ambiguous"": 178, ""censored"": 1543, ""stop_loss"": 58465, ""take_profit"": 21420, ""timeout"": 174}, ""metric_rows"": 76144, ""openings"": 91894, ""primary_accepted"": 81780, ""primary_event"": 90836, ""primary_reasons"": {""no_momentum"": 629, ""primary_history"": 429, ""signal"": 90836}, ""primary_signals"": 90836}",conclusive_metric_rows,"{""negative"": 55758, ""positive"": 20386, ""rows"": 76144}",0.5820202922952709,0.1964487369815013,0.4939896932775044,0.26583333729312403,"{""thresholds.0.4.precision"": ""no_signals"", ""thresholds.0.5.precision"": ""no_signals""}",0.3,True,,81780,81780,"{""accepted"": 1816, ""f1"": 0.04504098729844158, ""fn"": 19886, ""fp"": 1316, ""negative"": 55758, ""positive"": 20386, ""precision"": 0.2753303964757709, ""recall"": 0.024526635926616306, ""rejected"": 74328, ""rows"": 76144, ""tn"": 54442, ""tp"": 500}",,,,,,,,,,,,,
2023Q4,refit,temporal,model,sequential_0,0,,available,12686,,,,,,,,69094,,,,"{""all_outcomes"": {""ambiguous"": 178, ""causally_ineligible"": 9056, ""censored"": 1543, ""no_primary_signal"": 1058, ""stop_loss"": 58465, ""take_profit"": 21420, ""timeout"": 174}, ""causal_eligible"": 81780, ""causal_reasons"": {"""": 82339, ""insufficient_history"": 9555}, ""eligible_outcomes"": {""ambiguous"": 178, ""censored"": 1543, ""stop_loss"": 58465, ""take_profit"": 21420, ""timeout"": 174}, ""metric_rows"": 76144, ""openings"": 91894, ""primary_accepted"": 81780, ""primary_event"": 90836, ""primary_reasons"": {""no_momentum"": 629, ""primary_history"": 429, ""signal"": 90836}, ""primary_signals"": 90836}",conclusive_metric_rows,"{""negative"": 55758, ""positive"": 20386, ""rows"": 76144}",0.5884573292695269,0.19863435094161627,0.5083443558475622,0.27398388950066266,{},0.3,True,,81780,81780,"{""accepted"": 11765, ""f1"": 0.204223818854779, ""fn"": 17103, ""fp"": 8482, ""negative"": 55758, ""positive"": 20386, ""precision"": 0.279048023799405, ""recall"": 0.16104189149416265, ""rejected"": 64379, ""rows"": 76144, ""tn"": 47276, ""tp"": 3283}",,,,,,,,,,,,,
2023Q4,refit,temporal,model,sequential_1,1,,available,36376,,,,,,,,45404,,,,"{""all_outcomes"": {""ambiguous"": 178, ""causally_ineligible"": 9056, ""censored"": 1543, ""no_primary_signal"": 1058, ""stop_loss"": 58465, ""take_profit"": 21420, ""timeout"": 174}, ""causal_eligible"": 81780, ""causal_reasons"": {"""": 82339, ""insufficient_history"": 9555}, ""eligible_outcomes"": {""ambiguous"": 178, ""censored"": 1543, ""stop_loss"": 58465, ""take_profit"": 21420, ""timeout"": 174}, ""metric_rows"": 76144, ""openings"": 91894, ""primary_accepted"": 81780, ""primary_event"": 90836, ""primary_reasons"": {""no_momentum"": 629, ""primary_history"": 429, ""signal"": 90836}, ""primary_signals"": 90836}",conclusive_metric_rows,"{""negative"": 55758, ""positive"": 20386, ""rows"": 76144}",0.5936555687489637,0.20076804914135185,0.48811736526749716,0.26173729388461925,{},0.3,True,,81780,81780,"{""accepted"": 33720, ""f1"": 0.3264332976010054, ""fn"": 11555, ""fp"": 24889, ""negative"": 55758, ""positive"": 20386, ""precision"": 0.2618920521945433, ""recall"": 0.4331894437358972, ""rejected"": 42424, ""rows"": 76144, ""tn"": 30869, ""tp"": 8831}",,,,,,,,,,,,,
2023Q4,refit,temporal,model,uniform_0,0,,available,22386,,,,,,,,59394,,,,"{""all_outcomes"": {""ambiguous"": 178, ""causally_ineligible"": 9056, ""censored"": 1543, ""no_primary_signal"": 1058, ""stop_loss"": 58465, ""take_profit"": 21420, ""timeout"": 174}, ""causal_eligible"": 81780, ""causal_reasons"": {"""": 82339, ""insufficient_history"": 9555}, ""eligible_outcomes"": {""ambiguous"": 178, ""censored"": 1543, ""stop_loss"": 58465, ""take_profit"": 21420, ""timeout"": 174}, ""metric_rows"": 76144, ""openings"": 91894, ""primary_accepted"": 81780, ""primary_event"": 90836, ""primary_reasons"": {""no_momentum"": 629, ""primary_history"": 429, ""signal"": 90836}, ""primary_signals"": 90836}",conclusive_metric_rows,"{""negative"": 55758, ""positive"": 20386, ""rows"": 76144}",0.5949640940269703,0.201273316722011,0.48897916609944586,0.26075813526607405,{},0.3,True,,81780,81780,"{""accepted"": 20634, ""f1"": 0.2599707459775719, ""fn"": 15054, ""fp"": 15302, ""negative"": 55758, ""positive"": 20386, ""precision"": 0.2584084520694, ""recall"": 0.2615520455214363, ""rejected"": 55510, ""rows"": 76144, ""tn"": 40456, ""tp"": 5332}",,,,,,,,,,,,,
2023Q4,refit,temporal,model,uniform_1,1,,available,13395,,,,,,,,68385,,,,"{""all_outcomes"": {""ambiguous"": 178, ""causally_ineligible"": 9056, ""censored"": 1543, ""no_primary_signal"": 1058, ""stop_loss"": 58465, ""take_profit"": 21420, ""timeout"": 174}, ""causal_eligible"": 81780, ""causal_reasons"": {"""": 82339, ""insufficient_history"": 9555}, ""eligible_outcomes"": {""ambiguous"": 178, ""censored"": 1543, ""stop_loss"": 58465, ""take_profit"": 21420, ""timeout"": 174}, ""metric_rows"": 76144, ""openings"": 91894, ""primary_accepted"": 81780, ""primary_event"": 90836, ""primary_reasons"": {""no_momentum"": 629, ""primary_history"": 429, ""signal"": 90836}, ""primary_signals"": 90836}",conclusive_metric_rows,"{""negative"": 55758, ""positive"": 20386, ""rows"": 76144}",0.5933318762656365,0.20031520172082357,0.49298669647607907,0.2601653498168672,{},0.3,True,,81780,81780,"{""accepted"": 12357, ""f1"": 0.18562746235836666, ""fn"": 17347, ""fp"": 9318, ""negative"": 55758, ""positive"": 20386, ""precision"": 0.24593347899975723, ""recall"": 0.1490728931619739, ""rejected"": 63787, ""rows"": 76144, ""tn"": 46440, ""tp"": 3039}",,,,,,,,,,,,,
2023Q4,refit,temporal,model,weighted_constant,,,available,0,,,,,,,,81780,,,,"{""all_outcomes"": {""ambiguous"": 178, ""causally_ineligible"": 9056, ""censored"": 1543, ""no_primary_signal"": 1058, ""stop_loss"": 58465, ""take_profit"": 21420, ""timeout"": 174}, ""causal_eligible"": 81780, ""causal_reasons"": {"""": 82339, ""insufficient_history"": 9555}, ""eligible_outcomes"": {""ambiguous"": 178, ""censored"": 1543, ""stop_loss"": 58465, ""take_profit"": 21420, ""timeout"": 174}, ""metric_rows"": 76144, ""openings"": 91894, ""primary_accepted"": 81780, ""primary_event"": 90836, ""primary_reasons"": {""no_momentum"": 629, ""primary_history"": 429, ""signal"": 90836}, ""primary_signals"": 90836}",conclusive_metric_rows,"{""negative"": 55758, ""positive"": 20386, ""rows"": 76144}",0.5810508201150554,0.19607507099303878,0.5,0.26772956503467116,"{""thresholds.0.3.precision"": ""no_signals"", ""thresholds.0.4.precision"": ""no_signals"", ""thresholds.0.5.precision"": ""no_signals""}",0.5,True,,81780,81780,"{""accepted"": 0, ""f1"": 0.0, ""fn"": 20386, ""fp"": 0, ""negative"": 55758, ""positive"": 20386, ""precision"": null, ""recall"": 0.0, ""rejected"": 76144, ""rows"": 76144, ""tn"": 55758, ""tp"": 0}",,,,,,,,,,,,,
2023Q4,refit,temporal,model,weighted_logistic,,,available,11896,,,,,,,,69884,,,,"{""all_outcomes"": {""ambiguous"": 178, ""causally_ineligible"": 9056, ""censored"": 1543, ""no_primary_signal"": 1058, ""stop_loss"": 58465, ""take_profit"": 21420, ""timeout"": 174}, ""causal_eligible"": 81780, ""causal_reasons"": {"""": 82339, ""insufficient_history"": 9555}, ""eligible_outcomes"": {""ambiguous"": 178, ""censored"": 1543, ""stop_loss"": 58465, ""take_profit"": 21420, ""timeout"": 174}, ""metric_rows"": 76144, ""openings"": 91894, ""primary_accepted"": 81780, ""primary_event"": 90836, ""primary_reasons"": {""no_momentum"": 629, ""primary_history"": 429, ""signal"": 90836}, ""primary_signals"": 90836}",conclusive_metric_rows,"{""negative"": 55758, ""positive"": 20386, ""rows"": 76144}",0.5844823376107445,0.19727531294056916,0.4981745713166498,0.2751498684042235,"{""thresholds.0.5.precision"": ""no_signals""}",0.3,True,,81780,81780,"{""accepted"": 11487, ""f1"": 0.2053148432842845, ""fn"": 17114, ""fp"": 8215, ""negative"": 55758, ""positive"": 20386, ""precision"": 0.2848437363976669, ""recall"": 0.16050230550377712, ""rejected"": 64657, ""rows"": 76144, ""tn"": 47543, ""tp"": 3272}",,,,,,,,,,,,,
2023Q4,refit,temporal,paired_sensitivity,sequential_0_minus_full,,,descriptive_not_confidence_interval,,,,,,,,,,,,,,,,,,,,,,,,,,,"{""brier"": {""delete_week_max"": 0.0026802131333977576, ""delete_week_min"": 0.0017872506794937004, ""delta"": 0.0021856139601149644}, ""log_loss"": {""delete_week_max"": 0.007839449427811139, ""delete_week_min"": 0.005256010601122413, ""delta"": 0.006437036974256057}, ""status"": ""descriptive_not_confidence_interval"", ""weekly_support"": [{""negative"": 3947, ""positive"": 1361, ""rows"": 5308, ""week_start_epoch"": 1696204800}, {""negative"": 3695, ""positive"": 1551, ""rows"": 5246, ""week_start_epoch"": 1696809600}, {""negative"": 4151, ""positive"": 1178, ""rows"": 5329, ""week_start_epoch"": 1697414400}, {""negative"": 3891, ""positive"": 1467, ""rows"": 5358, ""week_start_epoch"": 1698019200}, {""negative"": 3918, ""positive"": 1568, ""rows"": 5486, ""week_start_epoch"": 1698624000}, {""negative"": 5055, ""positive"": 2069, ""rows"": 7124, ""week_start_epoch"": 1699228800}, {""negative"": 5378, ""positive"": 1638, ""rows"": 7016, ""week_start_epoch"": 1699833600}, {""negative"": 4801, ""positive"": 2295, ""rows"": 7096, ""week_start_epoch"": 1700438400}, {""negative"": 5089, ""positive"": 2055, ""rows"": 7144, ""week_start_epoch"": 1701043200}, {""negative"": 5544, ""positive"": 1596, ""rows"": 7140, ""week_start_epoch"": 1701648000}, {""negative"": 5535, ""positive"": 1556, ""rows"": 7091, ""week_start_epoch"": 1702252800}, {""negative"": 4750, ""positive"": 2052, ""rows"": 6802, ""week_start_epoch"": 1702857600}, {""negative"": 4, ""positive"": 0, ""rows"": 4, ""week_start_epoch"": 1703462400}], ""weeks"": 13}",,,,,,,,,,,,
2023Q4,refit,temporal,paired_sensitivity,sequential_0_minus_uniform_0,,,descriptive_not_confidence_interval,,,,,,,,,,,,,,,,,,,,,,,,,,,"{""brier"": {""delete_week_max"": -0.002049946116663744, ""delete_week_min"": -0.003040967699612904, ""delta"": -0.0026389657803946994}, ""log_loss"": {""delete_week_max"": -0.004926395426768731, ""delete_week_min"": -0.0075666688315796935, ""delta"": -0.006506764757443417}, ""status"": ""descriptive_not_confidence_interval"", ""weekly_support"": [{""negative"": 3947, ""positive"": 1361, ""rows"": 5308, ""week_start_epoch"": 1696204800}, {""negative"": 3695, ""positive"": 1551, ""rows"": 5246, ""week_start_epoch"": 1696809600}, {""negative"": 4151, ""positive"": 1178, ""rows"": 5329, ""week_start_epoch"": 1697414400}, {""negative"": 3891, ""positive"": 1467, ""rows"": 5358, ""week_start_epoch"": 1698019200}, {""negative"": 3918, ""positive"": 1568, ""rows"": 5486, ""week_start_epoch"": 1698624000}, {""negative"": 5055, ""positive"": 2069, ""rows"": 7124, ""week_start_epoch"": 1699228800}, {""negative"": 5378, ""positive"": 1638, ""rows"": 7016, ""week_start_epoch"": 1699833600}, {""negative"": 4801, ""positive"": 2295, ""rows"": 7096, ""week_start_epoch"": 1700438400}, {""negative"": 5089, ""positive"": 2055, ""rows"": 7144, ""week_start_epoch"": 1701043200}, {""negative"": 5544, ""positive"": 1596, ""rows"": 7140, ""week_start_epoch"": 1701648000}, {""negative"": 5535, ""positive"": 1556, ""rows"": 7091, ""week_start_epoch"": 1702252800}, {""negative"": 4750, ""positive"": 2052, ""rows"": 6802, ""week_start_epoch"": 1702857600}, {""negative"": 4, ""positive"": 0, ""rows"": 4, ""week_start_epoch"": 1703462400}], ""weeks"": 13}",,,,,,,,,,,,
2023Q4,refit,temporal,paired_sensitivity,sequential_0_minus_weighted_constant,,,descriptive_not_confidence_interval,,,,,,,,,,,,,,,,,,,,,,,,,,,"{""brier"": {""delete_week_max"": 0.0030714245977463326, ""delete_week_min"": 0.0020755244821715566, ""delta"": 0.002559279948577476}, ""log_loss"": {""delete_week_max"": 0.008863491408851955, ""delete_week_min"": 0.006001477576063949, ""delta"": 0.007406509154471504}, ""status"": ""descriptive_not_confidence_interval"", ""weekly_support"": [{""negative"": 3947, ""positive"": 1361, ""rows"": 5308, ""week_start_epoch"": 1696204800}, {""negative"": 3695, ""positive"": 1551, ""rows"": 5246, ""week_start_epoch"": 1696809600}, {""negative"": 4151, ""positive"": 1178, ""rows"": 5329, ""week_start_epoch"": 1697414400}, {""negative"": 3891, ""positive"": 1467, ""rows"": 5358, ""week_start_epoch"": 1698019200}, {""negative"": 3918, ""positive"": 1568, ""rows"": 5486, ""week_start_epoch"": 1698624000}, {""negative"": 5055, ""positive"": 2069, ""rows"": 7124, ""week_start_epoch"": 1699228800}, {""negative"": 5378, ""positive"": 1638, ""rows"": 7016, ""week_start_epoch"": 1699833600}, {""negative"": 4801, ""positive"": 2295, ""rows"": 7096, ""week_start_epoch"": 1700438400}, {""negative"": 5089, ""positive"": 2055, ""rows"": 7144, ""week_start_epoch"": 1701043200}, {""negative"": 5544, ""positive"": 1596, ""rows"": 7140, ""week_start_epoch"": 1701648000}, {""negative"": 5535, ""positive"": 1556, ""rows"": 7091, ""week_start_epoch"": 1702252800}, {""negative"": 4750, ""positive"": 2052, ""rows"": 6802, ""week_start_epoch"": 1702857600}, {""negative"": 4, ""positive"": 0, ""rows"": 4, ""week_start_epoch"": 1703462400}], ""weeks"": 13}",,,,,,,,,,,,
2023Q4,refit,temporal,paired_sensitivity,sequential_0_minus_weighted_logistic,,,descriptive_not_confidence_interval,,,,,,,,,,,,,,,,,,,,,,,,,,,"{""brier"": {""delete_week_max"": 0.0019091480589105746, ""delete_week_min"": 0.001070857489997188, ""delta"": 0.001359038001047108}, ""log_loss"": {""delete_week_max"": 0.005502300331505843, ""delete_week_min"": 0.0030497951033725324, ""delta"": 0.003974991658782465}, ""status"": ""descriptive_not_confidence_interval"", ""weekly_support"": [{""negative"": 3947, ""positive"": 1361, ""rows"": 5308, ""week_start_epoch"": 1696204800}, {""negative"": 3695, ""positive"": 1551, ""rows"": 5246, ""week_start_epoch"": 1696809600}, {""negative"": 4151, ""positive"": 1178, ""rows"": 5329, ""week_start_epoch"": 1697414400}, {""negative"": 3891, ""positive"": 1467, ""rows"": 5358, ""week_start_epoch"": 1698019200}, {""negative"": 3918, ""positive"": 1568, ""rows"": 5486, ""week_start_epoch"": 1698624000}, {""negative"": 5055, ""positive"": 2069, ""rows"": 7124, ""week_start_epoch"": 1699228800}, {""negative"": 5378, ""positive"": 1638, ""rows"": 7016, ""week_start_epoch"": 1699833600}, {""negative"": 4801, ""positive"": 2295, ""rows"": 7096, ""week_start_epoch"": 1700438400}, {""negative"": 5089, ""positive"": 2055, ""rows"": 7144, ""week_start_epoch"": 1701043200}, {""negative"": 5544, ""positive"": 1596, ""rows"": 7140, ""week_start_epoch"": 1701648000}, {""negative"": 5535, ""positive"": 1556, ""rows"": 7091, ""week_start_epoch"": 1702252800}, {""negative"": 4750, ""positive"": 2052, ""rows"": 6802, ""week_start_epoch"": 1702857600}, {""negative"": 4, ""positive"": 0, ""rows"": 4, ""week_start_epoch"": 1703462400}], ""weeks"": 13}",,,,,,,,,,,,
2023Q4,refit,temporal,paired_sensitivity,sequential_1_minus_full,,,descriptive_not_confidence_interval,,,,,,,,,,,,,,,,,,,,,,,,,,,"{""brier"": {""delete_week_max"": 0.0050284011643035725, ""delete_week_min"": 0.0035950037660726726, ""delta"": 0.004319312159850546}, ""log_loss"": {""delete_week_max"": 0.013505779065978806, ""delete_week_min"": 0.009276580681005113, ""delta"": 0.011635276453692847}, ""status"": ""descriptive_not_confidence_interval"", ""weekly_support"": [{""negative"": 3947, ""positive"": 1361, ""rows"": 5308, ""week_start_epoch"": 1696204800}, {""negative"": 3695, ""positive"": 1551, ""rows"": 5246, ""week_start_epoch"": 1696809600}, {""negative"": 4151, ""positive"": 1178, ""rows"": 5329, ""week_start_epoch"": 1697414400}, {""negative"": 3891, ""positive"": 1467, ""rows"": 5358, ""week_start_epoch"": 1698019200}, {""negative"": 3918, ""positive"": 1568, ""rows"": 5486, ""week_start_epoch"": 1698624000}, {""negative"": 5055, ""positive"": 2069, ""rows"": 7124, ""week_start_epoch"": 1699228800}, {""negative"": 5378, ""positive"": 1638, ""rows"": 7016, ""week_start_epoch"": 1699833600}, {""negative"": 4801, ""positive"": 2295, ""rows"": 7096, ""week_start_epoch"": 1700438400}, {""negative"": 5089, ""positive"": 2055, ""rows"": 7144, ""week_start_epoch"": 1701043200}, {""negative"": 5544, ""positive"": 1596, ""rows"": 7140, ""week_start_epoch"": 1701648000}, {""negative"": 5535, ""positive"": 1556, ""rows"": 7091, ""week_start_epoch"": 1702252800}, {""negative"": 4750, ""positive"": 2052, ""rows"": 6802, ""week_start_epoch"": 1702857600}, {""negative"": 4, ""positive"": 0, ""rows"": 4, ""week_start_epoch"": 1703462400}], ""weeks"": 13}",,,,,,,,,,,,
2023Q4,refit,temporal,paired_sensitivity,sequential_1_minus_uniform_1,,,descriptive_not_confidence_interval,,,,,,,,,,,,,,,,,,,,,,,,,,,"{""brier"": {""delete_week_max"": 0.00147367075289929, ""delete_week_min"": -0.0003354187697648643, ""delta"": 0.0004528474205282971}, ""log_loss"": {""delete_week_max"": 0.0030655154527486615, ""delete_week_min"": -0.0016833579368735645, ""delta"": 0.0003236924833272149}, ""status"": ""descriptive_not_confidence_interval"", ""weekly_support"": [{""negative"": 3947, ""positive"": 1361, ""rows"": 5308, ""week_start_epoch"": 1696204800}, {""negative"": 3695, ""positive"": 1551, ""rows"": 5246, ""week_start_epoch"": 1696809600}, {""negative"": 4151, ""positive"": 1178, ""rows"": 5329, ""week_start_epoch"": 1697414400}, {""negative"": 3891, ""positive"": 1467, ""rows"": 5358, ""week_start_epoch"": 1698019200}, {""negative"": 3918, ""positive"": 1568, ""rows"": 5486, ""week_start_epoch"": 1698624000}, {""negative"": 5055, ""positive"": 2069, ""rows"": 7124, ""week_start_epoch"": 1699228800}, {""negative"": 5378, ""positive"": 1638, ""rows"": 7016, ""week_start_epoch"": 1699833600}, {""negative"": 4801, ""positive"": 2295, ""rows"": 7096, ""week_start_epoch"": 1700438400}, {""negative"": 5089, ""positive"": 2055, ""rows"": 7144, ""week_start_epoch"": 1701043200}, {""negative"": 5544, ""positive"": 1596, ""rows"": 7140, ""week_start_epoch"": 1701648000}, {""negative"": 5535, ""positive"": 1556, ""rows"": 7091, ""week_start_epoch"": 1702252800}, {""negative"": 4750, ""positive"": 2052, ""rows"": 6802, ""week_start_epoch"": 1702857600}, {""negative"": 4, ""positive"": 0, ""rows"": 4, ""week_start_epoch"": 1703462400}], ""weeks"": 13}",,,,,,,,,,,,
2023Q4,refit,temporal,paired_sensitivity,sequential_1_minus_weighted_constant,,,descriptive_not_confidence_interval,,,,,,,,,,,,,,,,,,,,,,,,,,,"{""brier"": {""delete_week_max"": 0.0053166749669814285, ""delete_week_min"": 0.003914817772149137, ""delta"": 0.004692978148313058}, ""log_loss"": {""delete_week_max"": 0.014251246040920342, ""delete_week_min"": 0.010100099312091807, ""delta"": 0.012604748633908295}, ""status"": ""descriptive_not_confidence_interval"", ""weekly_support"": [{""negative"": 3947, ""positive"": 1361, ""rows"": 5308, ""week_start_epoch"": 1696204800}, {""negative"": 3695, ""positive"": 1551, ""rows"": 5246, ""week_start_epoch"": 1696809600}, {""negative"": 4151, ""positive"": 1178, ""rows"": 5329, ""week_start_epoch"": 1697414400}, {""negative"": 3891, ""positive"": 1467, ""rows"": 5358, ""week_start_epoch"": 1698019200}, {""negative"": 3918, ""positive"": 1568, ""rows"": 5486, ""week_start_epoch"": 1698624000}, {""negative"": 5055, ""positive"": 2069, ""rows"": 7124, ""week_start_epoch"": 1699228800}, {""negative"": 5378, ""positive"": 1638, ""rows"": 7016, ""week_start_epoch"": 1699833600}, {""negative"": 4801, ""positive"": 2295, ""rows"": 7096, ""week_start_epoch"": 1700438400}, {""negative"": 5089, ""positive"": 2055, ""rows"": 7144, ""week_start_epoch"": 1701043200}, {""negative"": 5544, ""positive"": 1596, ""rows"": 7140, ""week_start_epoch"": 1701648000}, {""negative"": 5535, ""positive"": 1556, ""rows"": 7091, ""week_start_epoch"": 1702252800}, {""negative"": 4750, ""positive"": 2052, ""rows"": 6802, ""week_start_epoch"": 1702857600}, {""negative"": 4, ""positive"": 0, ""rows"": 4, ""week_start_epoch"": 1703462400}], ""weeks"": 13}",,,,,,,,,,,,
2023Q4,refit,temporal,paired_sensitivity,sequential_1_minus_weighted_logistic,,,descriptive_not_confidence_interval,,,,,,,,,,,,,,,,,,,,,,,,,,,"{""brier"": {""delete_week_max"": 0.004453154926878287, ""delete_week_min"": 0.002910630370296309, ""delta"": 0.0034927362007826893}, ""log_loss"": {""delete_week_max"": 0.01168143021693091, ""delete_week_min"": 0.00724704511754276, ""delta"": 0.009173231138219256}, ""status"": ""descriptive_not_confidence_interval"", ""weekly_support"": [{""negative"": 3947, ""positive"": 1361, ""rows"": 5308, ""week_start_epoch"": 1696204800}, {""negative"": 3695, ""positive"": 1551, ""rows"": 5246, ""week_start_epoch"": 1696809600}, {""negative"": 4151, ""positive"": 1178, ""rows"": 5329, ""week_start_epoch"": 1697414400}, {""negative"": 3891, ""positive"": 1467, ""rows"": 5358, ""week_start_epoch"": 1698019200}, {""negative"": 3918, ""positive"": 1568, ""rows"": 5486, ""week_start_epoch"": 1698624000}, {""negative"": 5055, ""positive"": 2069, ""rows"": 7124, ""week_start_epoch"": 1699228800}, {""negative"": 5378, ""positive"": 1638, ""rows"": 7016, ""week_start_epoch"": 1699833600}, {""negative"": 4801, ""positive"": 2295, ""rows"": 7096, ""week_start_epoch"": 1700438400}, {""negative"": 5089, ""positive"": 2055, ""rows"": 7144, ""week_start_epoch"": 1701043200}, {""negative"": 5544, ""positive"": 1596, ""rows"": 7140, ""week_start_epoch"": 1701648000}, {""negative"": 5535, ""positive"": 1556, ""rows"": 7091, ""week_start_epoch"": 1702252800}, {""negative"": 4750, ""positive"": 2052, ""rows"": 6802, ""week_start_epoch"": 1702857600}, {""negative"": 4, ""positive"": 0, ""rows"": 4, ""week_start_epoch"": 1703462400}], ""weeks"": 13}",,,,,,,,,,,,
2023Q4,refit,temporal,paired_sensitivity,uniform_0_minus_full,,,descriptive_not_confidence_interval,,,,,,,,,,,,,,,,,,,,,,,,,,,"{""brier"": {""delete_week_max"": 0.005319803719415721, ""delete_week_min"": 0.004190021635095265, ""delta"": 0.004824579740509665}, ""log_loss"": {""delete_week_max"": 0.014435835068459728, ""delete_week_min"": 0.011064930018250057, ""delta"": 0.012943801731699471}, ""status"": ""descriptive_not_confidence_interval"", ""weekly_support"": [{""negative"": 3947, ""positive"": 1361, ""rows"": 5308, ""week_start_epoch"": 1696204800}, {""negative"": 3695, ""positive"": 1551, ""rows"": 5246, ""week_start_epoch"": 1696809600}, {""negative"": 4151, ""positive"": 1178, ""rows"": 5329, ""week_start_epoch"": 1697414400}, {""negative"": 3891, ""positive"": 1467, ""rows"": 5358, ""week_start_epoch"": 1698019200}, {""negative"": 3918, ""positive"": 1568, ""rows"": 5486, ""week_start_epoch"": 1698624000}, {""negative"": 5055, ""positive"": 2069, ""rows"": 7124, ""week_start_epoch"": 1699228800}, {""negative"": 5378, ""positive"": 1638, ""rows"": 7016, ""week_start_epoch"": 1699833600}, {""negative"": 4801, ""positive"": 2295, ""rows"": 7096, ""week_start_epoch"": 1700438400}, {""negative"": 5089, ""positive"": 2055, ""rows"": 7144, ""week_start_epoch"": 1701043200}, {""negative"": 5544, ""positive"": 1596, ""rows"": 7140, ""week_start_epoch"": 1701648000}, {""negative"": 5535, ""positive"": 1556, ""rows"": 7091, ""week_start_epoch"": 1702252800}, {""negative"": 4750, ""positive"": 2052, ""rows"": 6802, ""week_start_epoch"": 1702857600}, {""negative"": 4, ""positive"": 0, ""rows"": 4, ""week_start_epoch"": 1703462400}], ""weeks"": 13}",,,,,,,,,,,,
2023Q4,refit,temporal,paired_sensitivity,uniform_0_minus_weighted_constant,,,descriptive_not_confidence_interval,,,,,,,,,,,,,,,,,,,,,,,,,,,"{""brier"": {""delete_week_max"": 0.005711015183764297, ""delete_week_min"": 0.004434397065905262, ""delta"": 0.005198245728972176}, ""log_loss"": {""delete_week_max"": 0.015459877049500548, ""delete_week_min"": 0.011702524257277856, ""delta"": 0.013913273911914919}, ""status"": ""descriptive_not_confidence_interval"", ""weekly_support"": [{""negative"": 3947, ""positive"": 1361, ""rows"": 5308, ""week_start_epoch"": 1696204800}, {""negative"": 3695, ""positive"": 1551, ""rows"": 5246, ""week_start_epoch"": 1696809600}, {""negative"": 4151, ""positive"": 1178, ""rows"": 5329, ""week_start_epoch"": 1697414400}, {""negative"": 3891, ""positive"": 1467, ""rows"": 5358, ""week_start_epoch"": 1698019200}, {""negative"": 3918, ""positive"": 1568, ""rows"": 5486, ""week_start_epoch"": 1698624000}, {""negative"": 5055, ""positive"": 2069, ""rows"": 7124, ""week_start_epoch"": 1699228800}, {""negative"": 5378, ""positive"": 1638, ""rows"": 7016, ""week_start_epoch"": 1699833600}, {""negative"": 4801, ""positive"": 2295, ""rows"": 7096, ""week_start_epoch"": 1700438400}, {""negative"": 5089, ""positive"": 2055, ""rows"": 7144, ""week_start_epoch"": 1701043200}, {""negative"": 5544, ""positive"": 1596, ""rows"": 7140, ""week_start_epoch"": 1701648000}, {""negative"": 5535, ""positive"": 1556, ""rows"": 7091, ""week_start_epoch"": 1702252800}, {""negative"": 4750, ""positive"": 2052, ""rows"": 6802, ""week_start_epoch"": 1702857600}, {""negative"": 4, ""positive"": 0, ""rows"": 4, ""week_start_epoch"": 1703462400}], ""weeks"": 13}",,,,,,,,,,,,
2023Q4,refit,temporal,paired_sensitivity,uniform_0_minus_weighted_logistic,,,descriptive_not_confidence_interval,,,,,,,,,,,,,,,,,,,,,,,,,,,"{""brier"": {""delete_week_max"": 0.0044413069436597665, ""delete_week_min"": 0.0033863746540134148, ""delta"": 0.003998003781441807}, ""log_loss"": {""delete_week_max"": 0.011818219810047676, ""delete_week_min"": 0.008773712225896301, ""delta"": 0.01048175641622588}, ""status"": ""descriptive_not_confidence_interval"", ""weekly_support"": [{""negative"": 3947, ""positive"": 1361, ""rows"": 5308, ""week_start_epoch"": 1696204800}, {""negative"": 3695, ""positive"": 1551, ""rows"": 5246, ""week_start_epoch"": 1696809600}, {""negative"": 4151, ""positive"": 1178, ""rows"": 5329, ""week_start_epoch"": 1697414400}, {""negative"": 3891, ""positive"": 1467, ""rows"": 5358, ""week_start_epoch"": 1698019200}, {""negative"": 3918, ""positive"": 1568, ""rows"": 5486, ""week_start_epoch"": 1698624000}, {""negative"": 5055, ""positive"": 2069, ""rows"": 7124, ""week_start_epoch"": 1699228800}, {""negative"": 5378, ""positive"": 1638, ""rows"": 7016, ""week_start_epoch"": 1699833600}, {""negative"": 4801, ""positive"": 2295, ""rows"": 7096, ""week_start_epoch"": 1700438400}, {""negative"": 5089, ""positive"": 2055, ""rows"": 7144, ""week_start_epoch"": 1701043200}, {""negative"": 5544, ""positive"": 1596, ""rows"": 7140, ""week_start_epoch"": 1701648000}, {""negative"": 5535, ""positive"": 1556, ""rows"": 7091, ""week_start_epoch"": 1702252800}, {""negative"": 4750, ""positive"": 2052, ""rows"": 6802, ""week_start_epoch"": 1702857600}, {""negative"": 4, ""positive"": 0, ""rows"": 4, ""week_start_epoch"": 1703462400}], ""weeks"": 13}",,,,,,,,,,,,
2023Q4,refit,temporal,paired_sensitivity,uniform_1_minus_full,,,descriptive_not_confidence_interval,,,,,,,,,,,,,,,,,,,,,,,,,,,"{""brier"": {""delete_week_max"": 0.004515012231766452, ""delete_week_min"": 0.0035430462461387867, ""delta"": 0.0038664647393222493}, ""log_loss"": {""delete_week_max"": 0.01316421902308991, ""delete_week_min"": 0.010167159224444786, ""delta"": 0.011311583970365633}, ""status"": ""descriptive_not_confidence_interval"", ""weekly_support"": [{""negative"": 3947, ""positive"": 1361, ""rows"": 5308, ""week_start_epoch"": 1696204800}, {""negative"": 3695, ""positive"": 1551, ""rows"": 5246, ""week_start_epoch"": 1696809600}, {""negative"": 4151, ""positive"": 1178, ""rows"": 5329, ""week_start_epoch"": 1697414400}, {""negative"": 3891, ""positive"": 1467, ""rows"": 5358, ""week_start_epoch"": 1698019200}, {""negative"": 3918, ""positive"": 1568, ""rows"": 5486, ""week_start_epoch"": 1698624000}, {""negative"": 5055, ""positive"": 2069, ""rows"": 7124, ""week_start_epoch"": 1699228800}, {""negative"": 5378, ""positive"": 1638, ""rows"": 7016, ""week_start_epoch"": 1699833600}, {""negative"": 4801, ""positive"": 2295, ""rows"": 7096, ""week_start_epoch"": 1700438400}, {""negative"": 5089, ""positive"": 2055, ""rows"": 7144, ""week_start_epoch"": 1701043200}, {""negative"": 5544, ""positive"": 1596, ""rows"": 7140, ""week_start_epoch"": 1701648000}, {""negative"": 5535, ""positive"": 1556, ""rows"": 7091, ""week_start_epoch"": 1702252800}, {""negative"": 4750, ""positive"": 2052, ""rows"": 6802, ""week_start_epoch"": 1702857600}, {""negative"": 4, ""positive"": 0, ""rows"": 4, ""week_start_epoch"": 1703462400}], ""weeks"": 13}",,,,,,,,,,,,
2023Q4,refit,temporal,paired_sensitivity,uniform_1_minus_weighted_constant,,,descriptive_not_confidence_interval,,,,,,,,,,,,,,,,,,,,,,,,,,,"{""brier"": {""delete_week_max"": 0.004906223696115028, ""delete_week_min"": 0.003809737990890428, ""delta"": 0.00424013072778476}, ""log_loss"": {""delete_week_max"": 0.014188261004130728, ""delete_week_min"": 0.01099067785553148, ""delta"": 0.012281056150581079}, ""status"": ""descriptive_not_confidence_interval"", ""weekly_support"": [{""negative"": 3947, ""positive"": 1361, ""rows"": 5308, ""week_start_epoch"": 1696204800}, {""negative"": 3695, ""positive"": 1551, ""rows"": 5246, ""week_start_epoch"": 1696809600}, {""negative"": 4151, ""positive"": 1178, ""rows"": 5329, ""week_start_epoch"": 1697414400}, {""negative"": 3891, ""positive"": 1467, ""rows"": 5358, ""week_start_epoch"": 1698019200}, {""negative"": 3918, ""positive"": 1568, ""rows"": 5486, ""week_start_epoch"": 1698624000}, {""negative"": 5055, ""positive"": 2069, ""rows"": 7124, ""week_start_epoch"": 1699228800}, {""negative"": 5378, ""positive"": 1638, ""rows"": 7016, ""week_start_epoch"": 1699833600}, {""negative"": 4801, ""positive"": 2295, ""rows"": 7096, ""week_start_epoch"": 1700438400}, {""negative"": 5089, ""positive"": 2055, ""rows"": 7144, ""week_start_epoch"": 1701043200}, {""negative"": 5544, ""positive"": 1596, ""rows"": 7140, ""week_start_epoch"": 1701648000}, {""negative"": 5535, ""positive"": 1556, ""rows"": 7091, ""week_start_epoch"": 1702252800}, {""negative"": 4750, ""positive"": 2052, ""rows"": 6802, ""week_start_epoch"": 1702857600}, {""negative"": 4, ""positive"": 0, ""rows"": 4, ""week_start_epoch"": 1703462400}], ""weeks"": 13}",,,,,,,,,,,,
2023Q4,refit,temporal,paired_sensitivity,uniform_1_minus_weighted_logistic,,,descriptive_not_confidence_interval,,,,,,,,,,,,,,,,,,,,,,,,,,,"{""brier"": {""delete_week_max"": 0.0035539207762051747, ""delete_week_min"": 0.0027696073481423824, ""delta"": 0.003039888780254392}, ""log_loss"": {""delete_week_max"": 0.01030579513088476, ""delete_week_min"": 0.008078974322559712, ""delta"": 0.008849538654892042}, ""status"": ""descriptive_not_confidence_interval"", ""weekly_support"": [{""negative"": 3947, ""positive"": 1361, ""rows"": 5308, ""week_start_epoch"": 1696204800}, {""negative"": 3695, ""positive"": 1551, ""rows"": 5246, ""week_start_epoch"": 1696809600}, {""negative"": 4151, ""positive"": 1178, ""rows"": 5329, ""week_start_epoch"": 1697414400}, {""negative"": 3891, ""positive"": 1467, ""rows"": 5358, ""week_start_epoch"": 1698019200}, {""negative"": 3918, ""positive"": 1568, ""rows"": 5486, ""week_start_epoch"": 1698624000}, {""negative"": 5055, ""positive"": 2069, ""rows"": 7124, ""week_start_epoch"": 1699228800}, {""negative"": 5378, ""positive"": 1638, ""rows"": 7016, ""week_start_epoch"": 1699833600}, {""negative"": 4801, ""positive"": 2295, ""rows"": 7096, ""week_start_epoch"": 1700438400}, {""negative"": 5089, ""positive"": 2055, ""rows"": 7144, ""week_start_epoch"": 1701043200}, {""negative"": 5544, ""positive"": 1596, ""rows"": 7140, ""week_start_epoch"": 1701648000}, {""negative"": 5535, ""positive"": 1556, ""rows"": 7091, ""week_start_epoch"": 1702252800}, {""negative"": 4750, ""positive"": 2052, ""rows"": 6802, ""week_start_epoch"": 1702857600}, {""negative"": 4, ""positive"": 0, ""rows"": 4, ""week_start_epoch"": 1703462400}], ""weeks"": 13}",,,,,,,,,,,,
2023Q4,refit,temporal,member_diversity,sequential_0,0,0-1,,,,,,,,,,,,,,,,,,,,,,,,,,,,,0.23595360092249587,0.08732942227683886,,,,,,,,,,
2023Q4,refit,temporal,member_diversity,sequential_0,0,0-2,,,,,,,,,,,,,,,,,,,,,,,,,,,,,0.03220051814113177,0.0887857370955031,,,,,,,,,,
2023Q4,refit,temporal,member_diversity,sequential_0,0,1-2,,,,,,,,,,,,,,,,,,,,,,,,,,,,,0.04214740148023851,0.10185539244292514,,,,,,,,,,
2023Q4,refit,temporal,member_diversity,sequential_1,1,0-1,,,,,,,,,,,,,,,,,,,,,,,,,,,,,0.13081627593715664,0.09819867514885072,,,,,,,,,,
2023Q4,refit,temporal,member_diversity,sequential_1,1,0-2,,,,,,,,,,,,,,,,,,,,,,,,,,,,,-0.031268416710941764,0.10636096657630273,,,,,,,,,,
2023Q4,refit,temporal,member_diversity,sequential_1,1,1-2,,,,,,,,,,,,,,,,,,,,,,,,,,,,,0.23901419353411163,0.08164432418840117,,,,,,,,,,
2023Q4,refit,temporal,member_diversity,uniform_0,0,0-1,,,,,,,,,,,,,,,,,,,,,,,,,,,,,0.2581720608161814,0.094049758631586,,,,,,,,,,
2023Q4,refit,temporal,member_diversity,uniform_0,0,0-2,,,,,,,,,,,,,,,,,,,,,,,,,,,,,0.22532870504458663,0.100960126098152,,,,,,,,,,
2023Q4,refit,temporal,member_diversity,uniform_0,0,1-2,,,,,,,,,,,,,,,,,,,,,,,,,,,,,0.15764347990379024,0.11713320595810893,,,,,,,,,,
2023Q4,refit,temporal,member_diversity,uniform_1,1,0-1,,,,,,,,,,,,,,,,,,,,,,,,,,,,,0.269379381459733,0.08877050835774913,,,,,,,,,,
2023Q4,refit,temporal,member_diversity,uniform_1,1,0-2,,,,,,,,,,,,,,,,,,,,,,,,,,,,,-0.13108506859872981,0.1272226909695736,,,,,,,,,,
2023Q4,refit,temporal,member_diversity,uniform_1,1,1-2,,,,,,,,,,,,,,,,,,,,,,,,,,,,,-0.018459976825434342,0.11250362609533969,,,,,,,,,,
2023Q4,refit,temporal,fit_slot,full,,,succeeded,,,,,,,,,,,,,,,,,,,,,,,,,,,,,,,2023Q4:refit:temporal:full,,False,"{""negative"": 290174, ""positive"": 107586, ""rows"": 397760}",600df4dc3f0304c5a3ce2a895ec613b3ef435512a694838347d43a20487841e9,3bcf6d6d492c502a7850a267a307d5e85a2f65279cffaf47adb00bb1c5c9f914,0.454009,[21],Individual member scores not recorded in frozen JSON; no new calculation from prediction payloads
2023Q4,refit,temporal,fit_slot,sequential_0,0,0,succeeded,,,,,,,,,,,,,,,,,,,,,,,,,,,,,,,2023Q4:refit:temporal:sequential_0:0,,False,"{""negative"": 381, ""positive"": 131, ""rows"": 512}",1bdc817f7607720be16ff22b1dd2a71baefae6065477ecceddbcffbd3a3e9bcf,3f69032b3ed468644c3871cd06e89aad9025e70f5915ee8a34f954e4e7adea66,0.028671,[27],Individual member scores not recorded in frozen JSON; no new calculation from prediction payloads
2023Q4,refit,temporal,fit_slot,sequential_0,0,1,succeeded,,,,,,,,,,,,,,,,,,,,,,,,,,,,,,,2023Q4:refit:temporal:sequential_0:1,,False,"{""negative"": 390, ""positive"": 122, ""rows"": 512}",8b3949338b4774fa1f5f77c308239a0c9147fada35c6a5effd91ee4b3f20b620,6eeafd76bba4dcebef248add5f75ca4caf8653c87865f9fa8887347971cc80c9,0.028287,[28],Individual member scores not recorded in frozen JSON; no new calculation from prediction payloads
2023Q4,refit,temporal,fit_slot,sequential_0,0,2,succeeded,,,,,,,,,,,,,,,,,,,,,,,,,,,,,,,2023Q4:refit:temporal:sequential_0:2,,False,"{""negative"": 379, ""positive"": 133, ""rows"": 512}",1804e98c49d55e9ac577da41e685a3a4a95e1a62b30406b1af18fa56c49c1992,6fb878d1877eee91ce22dd70f3296f1bd60023eaa795588b30be7f96bf25131d,0.03591,[28],Individual member scores not recorded in frozen JSON; no new calculation from prediction payloads
2023Q4,refit,temporal,fit_slot,sequential_1,1,0,succeeded,,,,,,,,,,,,,,,,,,,,,,,,,,,,,,,2023Q4:refit:temporal:sequential_1:0,,False,"{""negative"": 373, ""positive"": 139, ""rows"": 512}",8e2686d656193b37774f542a63da075652cb367ec5d88252c617ed1d80e147bc,df961f2f1af1d1d763d71b8600745678034d4dfca1d1cddcdde5af50aaa47a59,0.030669,[35],Individual member scores not recorded in frozen JSON; no new calculation from prediction payloads
2023Q4,refit,temporal,fit_slot,sequential_1,1,1,succeeded,,,,,,,,,,,,,,,,,,,,,,,,,,,,,,,2023Q4:refit:temporal:sequential_1:1,,False,"{""negative"": 358, ""positive"": 154, ""rows"": 512}",dbf8d69ce893c1c3c9b4e559352cdc11e4f5fe0b8bed0acd8cb33570ce282aa2,3e305e749e29a7c4ef4820e01c17f0518c6bf7ff8098b9333d611c47a6933159,0.0296,[34],Individual member scores not recorded in frozen JSON; no new calculation from prediction payloads
2023Q4,refit,temporal,fit_slot,sequential_1,1,2,succeeded,,,,,,,,,,,,,,,,,,,,,,,,,,,,,,,2023Q4:refit:temporal:sequential_1:2,,False,"{""negative"": 366, ""positive"": 146, ""rows"": 512}",610810838f9a2464e888656d624a84a9d31670f7ec0bf73380df4d3197c312ac,a7992b7029f1f21cc7f4849126981e729c3d4a0d8d0e8605b3e6f0fd97ba05ff,0.029701,[23],Individual member scores not recorded in frozen JSON; no new calculation from prediction payloads
2023Q4,refit,temporal,fit_slot,uniform_0,0,0,succeeded,,,,,,,,,,,,,,,,,,,,,,,,,,,,,,,2023Q4:refit:temporal:uniform_0:0,,False,"{""negative"": 377, ""positive"": 135, ""rows"": 512}",dad8efc1b3650f191d5336ab573b2e66674568562365a3514dc8ed156531ca49,c422ecea82bced73559b747b821cbd12cfec28cf2bc608dad4fded9fe10c3c25,0.028542,[31],Individual member scores not recorded in frozen JSON; no new calculation from prediction payloads
2023Q4,refit,temporal,fit_slot,uniform_0,0,1,succeeded,,,,,,,,,,,,,,,,,,,,,,,,,,,,,,,2023Q4:refit:temporal:uniform_0:1,,False,"{""negative"": 394, ""positive"": 118, ""rows"": 512}",46e4d72367042c4e24aeea20f7c57232f9ef80cf1c7e761ee353ff15dfb81508,ce2c71dded0acf60e76a1bcc64c9bcc13803d268423ed8dfcedb2b25c77d9450,0.028838,[31],Individual member scores not recorded in frozen JSON; no new calculation from prediction payloads
2023Q4,refit,temporal,fit_slot,uniform_0,0,2,succeeded,,,,,,,,,,,,,,,,,,,,,,,,,,,,,,,2023Q4:refit:temporal:uniform_0:2,,False,"{""negative"": 357, ""positive"": 155, ""rows"": 512}",f96a636fc3345f3eeee480ff2d441905e324f92745efaeb5c6280160cb2c3e57,2fe5f8142cbc00279334bf2390dd5a228db1990ba4a2c65da67bdaace6fb944c,0.029554,[33],Individual member scores not recorded in frozen JSON; no new calculation from prediction payloads
2023Q4,refit,temporal,fit_slot,uniform_1,1,0,succeeded,,,,,,,,,,,,,,,,,,,,,,,,,,,,,,,2023Q4:refit:temporal:uniform_1:0,,False,"{""negative"": 370, ""positive"": 142, ""rows"": 512}",e29553de4751192ebd7f37575569bcbf8e0982798ae46e2969c349fd46ede6dc,bf46b8d7d9f694b37b34a3058bf5c73e23b46d9eba63ede8bf66fc79c6c172ce,0.037277,[27],Individual member scores not recorded in frozen JSON; no new calculation from prediction payloads
2023Q4,refit,temporal,fit_slot,uniform_1,1,1,succeeded,,,,,,,,,,,,,,,,,,,,,,,,,,,,,,,2023Q4:refit:temporal:uniform_1:1,,False,"{""negative"": 366, ""positive"": 146, ""rows"": 512}",246640b34dc9c51f028ad13e2d782dabc832d1c1e73863e93ef68b886dea44a4,f40c6cc5b8fcde0407e2ef718a4202021cc123f547c03d41e8f8128d809ff52d,0.035274,[34],Individual member scores not recorded in frozen JSON; no new calculation from prediction payloads
2023Q4,refit,temporal,fit_slot,uniform_1,1,2,succeeded,,,,,,,,,,,,,,,,,,,,,,,,,,,,,,,2023Q4:refit:temporal:uniform_1:2,,False,"{""negative"": 392, ""positive"": 120, ""rows"": 512}",b5137f2082eed19be64084f665ccd50954d448bdc030b69bdd1f88e76775916e,9839b836e7ccdc5f9e4b0af3e9fac8368c0a0374e7156cc7f075a7c2ea0069df,0.029958,[32],Individual member scores not recorded in frozen JSON; no new calculation from prediction payloads
