fold,phase,population,model,master_seed,scope,threshold,status,selected,selection_available,selection_reason,selection_source_identity_sha256,accepted,f1,fn,fp,negative,positive,precision,recall,rejected,rows,tn,tp
2023Q2,inner,0.0005,full,,phase_diagnostic,0.3,diagnostic,True,True,,42aaaf4e09edf6a7d4e95eca923bc0a18cca4aa7c29ae5165d32dfaebee123f3,438,0.19852448021462105,905,290,2583,1053,0.3378995433789954,0.14055080721747387,3198,3636,2293,148
2023Q2,inner,0.0005,full,,phase_diagnostic,0.4,diagnostic,False,True,,42aaaf4e09edf6a7d4e95eca923bc0a18cca4aa7c29ae5165d32dfaebee123f3,3,0.0,1053,3,2583,1053,0.0,0.0,3633,3636,2580,0
2023Q2,inner,0.0005,full,,phase_diagnostic,0.5,diagnostic,False,True,,42aaaf4e09edf6a7d4e95eca923bc0a18cca4aa7c29ae5165d32dfaebee123f3,0,0.0,1053,0,2583,1053,,0.0,3636,3636,2583,0
2023Q2,inner,0.0005,full,,inner_selection,0.3,diagnostic,True,True,,42aaaf4e09edf6a7d4e95eca923bc0a18cca4aa7c29ae5165d32dfaebee123f3,438,0.19852448021462105,905,290,2583,1053,0.3378995433789954,0.14055080721747387,3198,3636,2293,148
2023Q2,inner,0.0005,full,,inner_selection,0.4,diagnostic,False,True,,42aaaf4e09edf6a7d4e95eca923bc0a18cca4aa7c29ae5165d32dfaebee123f3,3,0.0,1053,3,2583,1053,0.0,0.0,3633,3636,2580,0
2023Q2,inner,0.0005,full,,inner_selection,0.5,diagnostic,False,True,,42aaaf4e09edf6a7d4e95eca923bc0a18cca4aa7c29ae5165d32dfaebee123f3,0,0.0,1053,0,2583,1053,,0.0,3636,3636,2583,0
2023Q2,inner,0.0005,sequential_0,0,phase_diagnostic,0.3,diagnostic,True,True,,42aaaf4e09edf6a7d4e95eca923bc0a18cca4aa7c29ae5165d32dfaebee123f3,1670,0.36136614028644876,561,1178,2583,1053,0.2946107784431138,0.4672364672364672,1966,3636,1405,492
2023Q2,inner,0.0005,sequential_0,0,phase_diagnostic,0.4,diagnostic,False,True,,42aaaf4e09edf6a7d4e95eca923bc0a18cca4aa7c29ae5165d32dfaebee123f3,36,0.025711662075298437,1039,22,2583,1053,0.3888888888888889,0.013295346628679962,3600,3636,2561,14
2023Q2,inner,0.0005,sequential_0,0,phase_diagnostic,0.5,diagnostic,False,True,,42aaaf4e09edf6a7d4e95eca923bc0a18cca4aa7c29ae5165d32dfaebee123f3,1,0.0,1053,1,2583,1053,0.0,0.0,3635,3636,2582,0
2023Q2,inner,0.0005,sequential_0,0,inner_selection,0.3,diagnostic,True,True,,42aaaf4e09edf6a7d4e95eca923bc0a18cca4aa7c29ae5165d32dfaebee123f3,1670,0.36136614028644876,561,1178,2583,1053,0.2946107784431138,0.4672364672364672,1966,3636,1405,492
2023Q2,inner,0.0005,sequential_0,0,inner_selection,0.4,diagnostic,False,True,,42aaaf4e09edf6a7d4e95eca923bc0a18cca4aa7c29ae5165d32dfaebee123f3,36,0.025711662075298437,1039,22,2583,1053,0.3888888888888889,0.013295346628679962,3600,3636,2561,14
2023Q2,inner,0.0005,sequential_0,0,inner_selection,0.5,diagnostic,False,True,,42aaaf4e09edf6a7d4e95eca923bc0a18cca4aa7c29ae5165d32dfaebee123f3,1,0.0,1053,1,2583,1053,0.0,0.0,3635,3636,2582,0
2023Q2,inner,0.0005,sequential_1,1,phase_diagnostic,0.3,diagnostic,True,True,,42aaaf4e09edf6a7d4e95eca923bc0a18cca4aa7c29ae5165d32dfaebee123f3,1355,0.29983388704318936,692,994,2583,1053,0.26642066420664207,0.34283000949667614,2281,3636,1589,361
2023Q2,inner,0.0005,sequential_1,1,phase_diagnostic,0.4,diagnostic,False,True,,42aaaf4e09edf6a7d4e95eca923bc0a18cca4aa7c29ae5165d32dfaebee123f3,124,0.07306711979609176,1010,81,2583,1053,0.3467741935483871,0.04083570750237417,3512,3636,2502,43
2023Q2,inner,0.0005,sequential_1,1,phase_diagnostic,0.5,diagnostic,False,True,,42aaaf4e09edf6a7d4e95eca923bc0a18cca4aa7c29ae5165d32dfaebee123f3,11,0.0037593984962406013,1051,9,2583,1053,0.18181818181818182,0.001899335232668566,3625,3636,2574,2
2023Q2,inner,0.0005,sequential_1,1,inner_selection,0.3,diagnostic,True,True,,42aaaf4e09edf6a7d4e95eca923bc0a18cca4aa7c29ae5165d32dfaebee123f3,1355,0.29983388704318936,692,994,2583,1053,0.26642066420664207,0.34283000949667614,2281,3636,1589,361
2023Q2,inner,0.0005,sequential_1,1,inner_selection,0.4,diagnostic,False,True,,42aaaf4e09edf6a7d4e95eca923bc0a18cca4aa7c29ae5165d32dfaebee123f3,124,0.07306711979609176,1010,81,2583,1053,0.3467741935483871,0.04083570750237417,3512,3636,2502,43
2023Q2,inner,0.0005,sequential_1,1,inner_selection,0.5,diagnostic,False,True,,42aaaf4e09edf6a7d4e95eca923bc0a18cca4aa7c29ae5165d32dfaebee123f3,11,0.0037593984962406013,1051,9,2583,1053,0.18181818181818182,0.001899335232668566,3625,3636,2574,2
2023Q2,inner,0.0005,uniform_0,0,phase_diagnostic,0.3,diagnostic,True,True,,42aaaf4e09edf6a7d4e95eca923bc0a18cca4aa7c29ae5165d32dfaebee123f3,1188,0.32663989290495316,687,822,2583,1053,0.30808080808080807,0.3475783475783476,2448,3636,1761,366
2023Q2,inner,0.0005,uniform_0,0,phase_diagnostic,0.4,diagnostic,False,True,,42aaaf4e09edf6a7d4e95eca923bc0a18cca4aa7c29ae5165d32dfaebee123f3,163,0.09703947368421052,994,104,2583,1053,0.3619631901840491,0.0560303893637227,3473,3636,2479,59
2023Q2,inner,0.0005,uniform_0,0,phase_diagnostic,0.5,diagnostic,False,True,,42aaaf4e09edf6a7d4e95eca923bc0a18cca4aa7c29ae5165d32dfaebee123f3,32,0.03133640552995392,1036,15,2583,1053,0.53125,0.016144349477682812,3604,3636,2568,17
2023Q2,inner,0.0005,uniform_0,0,inner_selection,0.3,diagnostic,True,True,,42aaaf4e09edf6a7d4e95eca923bc0a18cca4aa7c29ae5165d32dfaebee123f3,1188,0.32663989290495316,687,822,2583,1053,0.30808080808080807,0.3475783475783476,2448,3636,1761,366
2023Q2,inner,0.0005,uniform_0,0,inner_selection,0.4,diagnostic,False,True,,42aaaf4e09edf6a7d4e95eca923bc0a18cca4aa7c29ae5165d32dfaebee123f3,163,0.09703947368421052,994,104,2583,1053,0.3619631901840491,0.0560303893637227,3473,3636,2479,59
2023Q2,inner,0.0005,uniform_0,0,inner_selection,0.5,diagnostic,False,True,,42aaaf4e09edf6a7d4e95eca923bc0a18cca4aa7c29ae5165d32dfaebee123f3,32,0.03133640552995392,1036,15,2583,1053,0.53125,0.016144349477682812,3604,3636,2568,17
2023Q2,inner,0.0005,uniform_1,1,phase_diagnostic,0.3,diagnostic,True,True,,42aaaf4e09edf6a7d4e95eca923bc0a18cca4aa7c29ae5165d32dfaebee123f3,1369,0.34516928158546656,635,951,2583,1053,0.30533235938641345,0.3969610636277303,2267,3636,1632,418
2023Q2,inner,0.0005,uniform_1,1,phase_diagnostic,0.4,diagnostic,False,True,,42aaaf4e09edf6a7d4e95eca923bc0a18cca4aa7c29ae5165d32dfaebee123f3,214,0.10891870560378848,984,145,2583,1053,0.32242990654205606,0.06552706552706553,3422,3636,2438,69
2023Q2,inner,0.0005,uniform_1,1,phase_diagnostic,0.5,diagnostic,False,True,,42aaaf4e09edf6a7d4e95eca923bc0a18cca4aa7c29ae5165d32dfaebee123f3,21,0.0148975791433892,1045,13,2583,1053,0.38095238095238093,0.007597340930674264,3615,3636,2570,8
2023Q2,inner,0.0005,uniform_1,1,inner_selection,0.3,diagnostic,True,True,,42aaaf4e09edf6a7d4e95eca923bc0a18cca4aa7c29ae5165d32dfaebee123f3,1369,0.34516928158546656,635,951,2583,1053,0.30533235938641345,0.3969610636277303,2267,3636,1632,418
2023Q2,inner,0.0005,uniform_1,1,inner_selection,0.4,diagnostic,False,True,,42aaaf4e09edf6a7d4e95eca923bc0a18cca4aa7c29ae5165d32dfaebee123f3,214,0.10891870560378848,984,145,2583,1053,0.32242990654205606,0.06552706552706553,3422,3636,2438,69
2023Q2,inner,0.0005,uniform_1,1,inner_selection,0.5,diagnostic,False,True,,42aaaf4e09edf6a7d4e95eca923bc0a18cca4aa7c29ae5165d32dfaebee123f3,21,0.0148975791433892,1045,13,2583,1053,0.38095238095238093,0.007597340930674264,3615,3636,2570,8
2023Q2,inner,0.0005,weighted_constant,,phase_diagnostic,0.3,diagnostic,False,True,,42aaaf4e09edf6a7d4e95eca923bc0a18cca4aa7c29ae5165d32dfaebee123f3,0,0.0,1053,0,2583,1053,,0.0,3636,3636,2583,0
2023Q2,inner,0.0005,weighted_constant,,phase_diagnostic,0.4,diagnostic,False,True,,42aaaf4e09edf6a7d4e95eca923bc0a18cca4aa7c29ae5165d32dfaebee123f3,0,0.0,1053,0,2583,1053,,0.0,3636,3636,2583,0
2023Q2,inner,0.0005,weighted_constant,,phase_diagnostic,0.5,diagnostic,True,True,,42aaaf4e09edf6a7d4e95eca923bc0a18cca4aa7c29ae5165d32dfaebee123f3,0,0.0,1053,0,2583,1053,,0.0,3636,3636,2583,0
2023Q2,inner,0.0005,weighted_constant,,inner_selection,0.3,diagnostic,False,True,,42aaaf4e09edf6a7d4e95eca923bc0a18cca4aa7c29ae5165d32dfaebee123f3,0,0.0,1053,0,2583,1053,,0.0,3636,3636,2583,0
2023Q2,inner,0.0005,weighted_constant,,inner_selection,0.4,diagnostic,False,True,,42aaaf4e09edf6a7d4e95eca923bc0a18cca4aa7c29ae5165d32dfaebee123f3,0,0.0,1053,0,2583,1053,,0.0,3636,3636,2583,0
2023Q2,inner,0.0005,weighted_constant,,inner_selection,0.5,diagnostic,True,True,,42aaaf4e09edf6a7d4e95eca923bc0a18cca4aa7c29ae5165d32dfaebee123f3,0,0.0,1053,0,2583,1053,,0.0,3636,3636,2583,0
2023Q2,inner,0.0005,weighted_logistic,,phase_diagnostic,0.3,diagnostic,True,True,,42aaaf4e09edf6a7d4e95eca923bc0a18cca4aa7c29ae5165d32dfaebee123f3,591,0.22384428223844283,869,407,2583,1053,0.311336717428088,0.17473884140550808,3045,3636,2176,184
2023Q2,inner,0.0005,weighted_logistic,,phase_diagnostic,0.4,diagnostic,False,True,,42aaaf4e09edf6a7d4e95eca923bc0a18cca4aa7c29ae5165d32dfaebee123f3,1,0.0,1053,1,2583,1053,0.0,0.0,3635,3636,2582,0
2023Q2,inner,0.0005,weighted_logistic,,phase_diagnostic,0.5,diagnostic,False,True,,42aaaf4e09edf6a7d4e95eca923bc0a18cca4aa7c29ae5165d32dfaebee123f3,0,0.0,1053,0,2583,1053,,0.0,3636,3636,2583,0
2023Q2,inner,0.0005,weighted_logistic,,inner_selection,0.3,diagnostic,True,True,,42aaaf4e09edf6a7d4e95eca923bc0a18cca4aa7c29ae5165d32dfaebee123f3,591,0.22384428223844283,869,407,2583,1053,0.311336717428088,0.17473884140550808,3045,3636,2176,184
2023Q2,inner,0.0005,weighted_logistic,,inner_selection,0.4,diagnostic,False,True,,42aaaf4e09edf6a7d4e95eca923bc0a18cca4aa7c29ae5165d32dfaebee123f3,1,0.0,1053,1,2583,1053,0.0,0.0,3635,3636,2582,0
2023Q2,inner,0.0005,weighted_logistic,,inner_selection,0.5,diagnostic,False,True,,42aaaf4e09edf6a7d4e95eca923bc0a18cca4aa7c29ae5165d32dfaebee123f3,0,0.0,1053,0,2583,1053,,0.0,3636,3636,2583,0
2023Q2,inner,0.001,full,,phase_diagnostic,0.3,diagnostic,True,True,,d063b4fc94946a113f1915707b7c126cc64b741f1d7970221cbf28e69f644cd9,198,0.2116788321167883,292,140,930,350,0.29292929292929293,0.1657142857142857,1082,1280,790,58
2023Q2,inner,0.001,full,,phase_diagnostic,0.4,diagnostic,False,True,,d063b4fc94946a113f1915707b7c126cc64b741f1d7970221cbf28e69f644cd9,1,0.0,350,1,930,350,0.0,0.0,1279,1280,929,0
2023Q2,inner,0.001,full,,phase_diagnostic,0.5,diagnostic,False,True,,d063b4fc94946a113f1915707b7c126cc64b741f1d7970221cbf28e69f644cd9,0,0.0,350,0,930,350,,0.0,1280,1280,930,0
2023Q2,inner,0.001,full,,inner_selection,0.3,diagnostic,True,True,,d063b4fc94946a113f1915707b7c126cc64b741f1d7970221cbf28e69f644cd9,198,0.2116788321167883,292,140,930,350,0.29292929292929293,0.1657142857142857,1082,1280,790,58
2023Q2,inner,0.001,full,,inner_selection,0.4,diagnostic,False,True,,d063b4fc94946a113f1915707b7c126cc64b741f1d7970221cbf28e69f644cd9,1,0.0,350,1,930,350,0.0,0.0,1279,1280,929,0
2023Q2,inner,0.001,full,,inner_selection,0.5,diagnostic,False,True,,d063b4fc94946a113f1915707b7c126cc64b741f1d7970221cbf28e69f644cd9,0,0.0,350,0,930,350,,0.0,1280,1280,930,0
2023Q2,inner,0.001,sequential_0,0,phase_diagnostic,0.3,diagnostic,True,True,,d063b4fc94946a113f1915707b7c126cc64b741f1d7970221cbf28e69f644cd9,307,0.2496194824961948,268,225,930,350,0.2671009771986971,0.2342857142857143,973,1280,705,82
2023Q2,inner,0.001,sequential_0,0,phase_diagnostic,0.4,diagnostic,False,True,,d063b4fc94946a113f1915707b7c126cc64b741f1d7970221cbf28e69f644cd9,32,0.04712041884816754,341,23,930,350,0.28125,0.025714285714285714,1248,1280,907,9
2023Q2,inner,0.001,sequential_0,0,phase_diagnostic,0.5,diagnostic,False,True,,d063b4fc94946a113f1915707b7c126cc64b741f1d7970221cbf28e69f644cd9,4,0.011299435028248588,348,2,930,350,0.5,0.005714285714285714,1276,1280,928,2
2023Q2,inner,0.001,sequential_0,0,inner_selection,0.3,diagnostic,True,True,,d063b4fc94946a113f1915707b7c126cc64b741f1d7970221cbf28e69f644cd9,307,0.2496194824961948,268,225,930,350,0.2671009771986971,0.2342857142857143,973,1280,705,82
2023Q2,inner,0.001,sequential_0,0,inner_selection,0.4,diagnostic,False,True,,d063b4fc94946a113f1915707b7c126cc64b741f1d7970221cbf28e69f644cd9,32,0.04712041884816754,341,23,930,350,0.28125,0.025714285714285714,1248,1280,907,9
2023Q2,inner,0.001,sequential_0,0,inner_selection,0.5,diagnostic,False,True,,d063b4fc94946a113f1915707b7c126cc64b741f1d7970221cbf28e69f644cd9,4,0.011299435028248588,348,2,930,350,0.5,0.005714285714285714,1276,1280,928,2
2023Q2,inner,0.001,sequential_1,1,phase_diagnostic,0.3,diagnostic,True,True,,d063b4fc94946a113f1915707b7c126cc64b741f1d7970221cbf28e69f644cd9,352,0.30484330484330485,243,245,930,350,0.3039772727272727,0.3057142857142857,928,1280,685,107
2023Q2,inner,0.001,sequential_1,1,phase_diagnostic,0.4,diagnostic,False,True,,d063b4fc94946a113f1915707b7c126cc64b741f1d7970221cbf28e69f644cd9,24,0.06417112299465241,338,12,930,350,0.5,0.03428571428571429,1256,1280,918,12
2023Q2,inner,0.001,sequential_1,1,phase_diagnostic,0.5,diagnostic,False,True,,d063b4fc94946a113f1915707b7c126cc64b741f1d7970221cbf28e69f644cd9,0,0.0,350,0,930,350,,0.0,1280,1280,930,0
2023Q2,inner,0.001,sequential_1,1,inner_selection,0.3,diagnostic,True,True,,d063b4fc94946a113f1915707b7c126cc64b741f1d7970221cbf28e69f644cd9,352,0.30484330484330485,243,245,930,350,0.3039772727272727,0.3057142857142857,928,1280,685,107
2023Q2,inner,0.001,sequential_1,1,inner_selection,0.4,diagnostic,False,True,,d063b4fc94946a113f1915707b7c126cc64b741f1d7970221cbf28e69f644cd9,24,0.06417112299465241,338,12,930,350,0.5,0.03428571428571429,1256,1280,918,12
2023Q2,inner,0.001,sequential_1,1,inner_selection,0.5,diagnostic,False,True,,d063b4fc94946a113f1915707b7c126cc64b741f1d7970221cbf28e69f644cd9,0,0.0,350,0,930,350,,0.0,1280,1280,930,0
2023Q2,inner,0.001,uniform_0,0,phase_diagnostic,0.3,diagnostic,True,True,,d063b4fc94946a113f1915707b7c126cc64b741f1d7970221cbf28e69f644cd9,513,0.3499420625724218,199,362,930,350,0.29434697855750486,0.43142857142857144,767,1280,568,151
2023Q2,inner,0.001,uniform_0,0,phase_diagnostic,0.4,diagnostic,False,True,,d063b4fc94946a113f1915707b7c126cc64b741f1d7970221cbf28e69f644cd9,105,0.14065934065934066,318,73,930,350,0.3047619047619048,0.09142857142857143,1175,1280,857,32
2023Q2,inner,0.001,uniform_0,0,phase_diagnostic,0.5,diagnostic,False,True,,d063b4fc94946a113f1915707b7c126cc64b741f1d7970221cbf28e69f644cd9,12,0.022099447513812154,346,8,930,350,0.3333333333333333,0.011428571428571429,1268,1280,922,4
2023Q2,inner,0.001,uniform_0,0,inner_selection,0.3,diagnostic,True,True,,d063b4fc94946a113f1915707b7c126cc64b741f1d7970221cbf28e69f644cd9,513,0.3499420625724218,199,362,930,350,0.29434697855750486,0.43142857142857144,767,1280,568,151
2023Q2,inner,0.001,uniform_0,0,inner_selection,0.4,diagnostic,False,True,,d063b4fc94946a113f1915707b7c126cc64b741f1d7970221cbf28e69f644cd9,105,0.14065934065934066,318,73,930,350,0.3047619047619048,0.09142857142857143,1175,1280,857,32
2023Q2,inner,0.001,uniform_0,0,inner_selection,0.5,diagnostic,False,True,,d063b4fc94946a113f1915707b7c126cc64b741f1d7970221cbf28e69f644cd9,12,0.022099447513812154,346,8,930,350,0.3333333333333333,0.011428571428571429,1268,1280,922,4
2023Q2,inner,0.001,uniform_1,1,phase_diagnostic,0.3,diagnostic,True,True,,d063b4fc94946a113f1915707b7c126cc64b741f1d7970221cbf28e69f644cd9,348,0.25787965616045844,260,258,930,350,0.25862068965517243,0.2571428571428571,932,1280,672,90
2023Q2,inner,0.001,uniform_1,1,phase_diagnostic,0.4,diagnostic,False,True,,d063b4fc94946a113f1915707b7c126cc64b741f1d7970221cbf28e69f644cd9,30,0.031578947368421054,344,24,930,350,0.2,0.017142857142857144,1250,1280,906,6
2023Q2,inner,0.001,uniform_1,1,phase_diagnostic,0.5,diagnostic,False,True,,d063b4fc94946a113f1915707b7c126cc64b741f1d7970221cbf28e69f644cd9,1,0.0,350,1,930,350,0.0,0.0,1279,1280,929,0
2023Q2,inner,0.001,uniform_1,1,inner_selection,0.3,diagnostic,True,True,,d063b4fc94946a113f1915707b7c126cc64b741f1d7970221cbf28e69f644cd9,348,0.25787965616045844,260,258,930,350,0.25862068965517243,0.2571428571428571,932,1280,672,90
2023Q2,inner,0.001,uniform_1,1,inner_selection,0.4,diagnostic,False,True,,d063b4fc94946a113f1915707b7c126cc64b741f1d7970221cbf28e69f644cd9,30,0.031578947368421054,344,24,930,350,0.2,0.017142857142857144,1250,1280,906,6
2023Q2,inner,0.001,uniform_1,1,inner_selection,0.5,diagnostic,False,True,,d063b4fc94946a113f1915707b7c126cc64b741f1d7970221cbf28e69f644cd9,1,0.0,350,1,930,350,0.0,0.0,1279,1280,929,0
2023Q2,inner,0.001,weighted_constant,,phase_diagnostic,0.3,diagnostic,False,True,,d063b4fc94946a113f1915707b7c126cc64b741f1d7970221cbf28e69f644cd9,0,0.0,350,0,930,350,,0.0,1280,1280,930,0
2023Q2,inner,0.001,weighted_constant,,phase_diagnostic,0.4,diagnostic,False,True,,d063b4fc94946a113f1915707b7c126cc64b741f1d7970221cbf28e69f644cd9,0,0.0,350,0,930,350,,0.0,1280,1280,930,0
2023Q2,inner,0.001,weighted_constant,,phase_diagnostic,0.5,diagnostic,True,True,,d063b4fc94946a113f1915707b7c126cc64b741f1d7970221cbf28e69f644cd9,0,0.0,350,0,930,350,,0.0,1280,1280,930,0
2023Q2,inner,0.001,weighted_constant,,inner_selection,0.3,diagnostic,False,True,,d063b4fc94946a113f1915707b7c126cc64b741f1d7970221cbf28e69f644cd9,0,0.0,350,0,930,350,,0.0,1280,1280,930,0
2023Q2,inner,0.001,weighted_constant,,inner_selection,0.4,diagnostic,False,True,,d063b4fc94946a113f1915707b7c126cc64b741f1d7970221cbf28e69f644cd9,0,0.0,350,0,930,350,,0.0,1280,1280,930,0
2023Q2,inner,0.001,weighted_constant,,inner_selection,0.5,diagnostic,True,True,,d063b4fc94946a113f1915707b7c126cc64b741f1d7970221cbf28e69f644cd9,0,0.0,350,0,930,350,,0.0,1280,1280,930,0
2023Q2,inner,0.001,weighted_logistic,,phase_diagnostic,0.3,diagnostic,True,True,,d063b4fc94946a113f1915707b7c126cc64b741f1d7970221cbf28e69f644cd9,171,0.1689059500959693,306,127,930,350,0.2573099415204678,0.12571428571428572,1109,1280,803,44
2023Q2,inner,0.001,weighted_logistic,,phase_diagnostic,0.4,diagnostic,False,True,,d063b4fc94946a113f1915707b7c126cc64b741f1d7970221cbf28e69f644cd9,0,0.0,350,0,930,350,,0.0,1280,1280,930,0
2023Q2,inner,0.001,weighted_logistic,,phase_diagnostic,0.5,diagnostic,False,True,,d063b4fc94946a113f1915707b7c126cc64b741f1d7970221cbf28e69f644cd9,0,0.0,350,0,930,350,,0.0,1280,1280,930,0
2023Q2,inner,0.001,weighted_logistic,,inner_selection,0.3,diagnostic,True,True,,d063b4fc94946a113f1915707b7c126cc64b741f1d7970221cbf28e69f644cd9,171,0.1689059500959693,306,127,930,350,0.2573099415204678,0.12571428571428572,1109,1280,803,44
2023Q2,inner,0.001,weighted_logistic,,inner_selection,0.4,diagnostic,False,True,,d063b4fc94946a113f1915707b7c126cc64b741f1d7970221cbf28e69f644cd9,0,0.0,350,0,930,350,,0.0,1280,1280,930,0
2023Q2,inner,0.001,weighted_logistic,,inner_selection,0.5,diagnostic,False,True,,d063b4fc94946a113f1915707b7c126cc64b741f1d7970221cbf28e69f644cd9,0,0.0,350,0,930,350,,0.0,1280,1280,930,0
2023Q2,inner,temporal,full,,phase_diagnostic,0.3,diagnostic,True,True,,891fe1863ba9881a0add67cccb0ea9223c012f53fdbdff4f7b36b94ef433b16f,2177,0.09640806516223795,12079,1455,33439,12801,0.33164905833716124,0.05640184360596828,44063,46240,31984,722
2023Q2,inner,temporal,full,,phase_diagnostic,0.4,diagnostic,False,True,,891fe1863ba9881a0add67cccb0ea9223c012f53fdbdff4f7b36b94ef433b16f,0,0.0,12801,0,33439,12801,,0.0,46240,46240,33439,0
2023Q2,inner,temporal,full,,phase_diagnostic,0.5,diagnostic,False,True,,891fe1863ba9881a0add67cccb0ea9223c012f53fdbdff4f7b36b94ef433b16f,0,0.0,12801,0,33439,12801,,0.0,46240,46240,33439,0
2023Q2,inner,temporal,full,,inner_selection,0.3,diagnostic,True,True,,891fe1863ba9881a0add67cccb0ea9223c012f53fdbdff4f7b36b94ef433b16f,2177,0.09640806516223795,12079,1455,33439,12801,0.33164905833716124,0.05640184360596828,44063,46240,31984,722
2023Q2,inner,temporal,full,,inner_selection,0.4,diagnostic,False,True,,891fe1863ba9881a0add67cccb0ea9223c012f53fdbdff4f7b36b94ef433b16f,0,0.0,12801,0,33439,12801,,0.0,46240,46240,33439,0
2023Q2,inner,temporal,full,,inner_selection,0.5,diagnostic,False,True,,891fe1863ba9881a0add67cccb0ea9223c012f53fdbdff4f7b36b94ef433b16f,0,0.0,12801,0,33439,12801,,0.0,46240,46240,33439,0
2023Q2,inner,temporal,sequential_0,0,phase_diagnostic,0.3,diagnostic,True,True,,891fe1863ba9881a0add67cccb0ea9223c012f53fdbdff4f7b36b94ef433b16f,18539,0.31767708998085514,7823,13561,33439,12801,0.26851502238524194,0.3888758690727287,27701,46240,19878,4978
2023Q2,inner,temporal,sequential_0,0,phase_diagnostic,0.4,diagnostic,False,True,,891fe1863ba9881a0add67cccb0ea9223c012f53fdbdff4f7b36b94ef433b16f,2773,0.09811223834596122,12037,2009,33439,12801,0.2755138838802741,0.05968283727833763,43467,46240,31430,764
2023Q2,inner,temporal,sequential_0,0,phase_diagnostic,0.5,diagnostic,False,True,,891fe1863ba9881a0add67cccb0ea9223c012f53fdbdff4f7b36b94ef433b16f,188,0.006928939872199553,12756,143,33439,12801,0.2393617021276596,0.003515350363252871,46052,46240,33296,45
2023Q2,inner,temporal,sequential_0,0,inner_selection,0.3,diagnostic,True,True,,891fe1863ba9881a0add67cccb0ea9223c012f53fdbdff4f7b36b94ef433b16f,18539,0.31767708998085514,7823,13561,33439,12801,0.26851502238524194,0.3888758690727287,27701,46240,19878,4978
2023Q2,inner,temporal,sequential_0,0,inner_selection,0.4,diagnostic,False,True,,891fe1863ba9881a0add67cccb0ea9223c012f53fdbdff4f7b36b94ef433b16f,2773,0.09811223834596122,12037,2009,33439,12801,0.2755138838802741,0.05968283727833763,43467,46240,31430,764
2023Q2,inner,temporal,sequential_0,0,inner_selection,0.5,diagnostic,False,True,,891fe1863ba9881a0add67cccb0ea9223c012f53fdbdff4f7b36b94ef433b16f,188,0.006928939872199553,12756,143,33439,12801,0.2393617021276596,0.003515350363252871,46052,46240,33296,45
2023Q2,inner,temporal,sequential_1,1,phase_diagnostic,0.3,diagnostic,True,True,,891fe1863ba9881a0add67cccb0ea9223c012f53fdbdff4f7b36b94ef433b16f,13880,0.282748022937671,9029,10108,33439,12801,0.2717579250720461,0.29466447933755174,32360,46240,23331,3772
2023Q2,inner,temporal,sequential_1,1,phase_diagnostic,0.4,diagnostic,False,True,,891fe1863ba9881a0add67cccb0ea9223c012f53fdbdff4f7b36b94ef433b16f,486,0.014450214495371415,12705,390,33439,12801,0.19753086419753085,0.007499414108272791,45754,46240,33049,96
2023Q2,inner,temporal,sequential_1,1,phase_diagnostic,0.5,diagnostic,False,True,,891fe1863ba9881a0add67cccb0ea9223c012f53fdbdff4f7b36b94ef433b16f,4,0.00031237797735259666,12799,2,33439,12801,0.5,0.0001562377939223498,46236,46240,33437,2
2023Q2,inner,temporal,sequential_1,1,inner_selection,0.3,diagnostic,True,True,,891fe1863ba9881a0add67cccb0ea9223c012f53fdbdff4f7b36b94ef433b16f,13880,0.282748022937671,9029,10108,33439,12801,0.2717579250720461,0.29466447933755174,32360,46240,23331,3772
2023Q2,inner,temporal,sequential_1,1,inner_selection,0.4,diagnostic,False,True,,891fe1863ba9881a0add67cccb0ea9223c012f53fdbdff4f7b36b94ef433b16f,486,0.014450214495371415,12705,390,33439,12801,0.19753086419753085,0.007499414108272791,45754,46240,33049,96
2023Q2,inner,temporal,sequential_1,1,inner_selection,0.5,diagnostic,False,True,,891fe1863ba9881a0add67cccb0ea9223c012f53fdbdff4f7b36b94ef433b16f,4,0.00031237797735259666,12799,2,33439,12801,0.5,0.0001562377939223498,46236,46240,33437,2
2023Q2,inner,temporal,uniform_0,0,phase_diagnostic,0.3,diagnostic,True,True,,891fe1863ba9881a0add67cccb0ea9223c012f53fdbdff4f7b36b94ef433b16f,9553,0.25069338820792697,9999,6751,33439,12801,0.29331100177954567,0.21888914928521208,36687,46240,26688,2802
2023Q2,inner,temporal,uniform_0,0,phase_diagnostic,0.4,diagnostic,False,True,,891fe1863ba9881a0add67cccb0ea9223c012f53fdbdff4f7b36b94ef433b16f,1047,0.04737146158290006,12473,719,33439,12801,0.3132760267430755,0.02562299820326537,45193,46240,32720,328
2023Q2,inner,temporal,uniform_0,0,phase_diagnostic,0.5,diagnostic,False,True,,891fe1863ba9881a0add67cccb0ea9223c012f53fdbdff4f7b36b94ef433b16f,94,0.0046529662659945716,12771,64,33439,12801,0.3191489361702128,0.002343566908835247,46146,46240,33375,30
2023Q2,inner,temporal,uniform_0,0,inner_selection,0.3,diagnostic,True,True,,891fe1863ba9881a0add67cccb0ea9223c012f53fdbdff4f7b36b94ef433b16f,9553,0.25069338820792697,9999,6751,33439,12801,0.29331100177954567,0.21888914928521208,36687,46240,26688,2802
2023Q2,inner,temporal,uniform_0,0,inner_selection,0.4,diagnostic,False,True,,891fe1863ba9881a0add67cccb0ea9223c012f53fdbdff4f7b36b94ef433b16f,1047,0.04737146158290006,12473,719,33439,12801,0.3132760267430755,0.02562299820326537,45193,46240,32720,328
2023Q2,inner,temporal,uniform_0,0,inner_selection,0.5,diagnostic,False,True,,891fe1863ba9881a0add67cccb0ea9223c012f53fdbdff4f7b36b94ef433b16f,94,0.0046529662659945716,12771,64,33439,12801,0.3191489361702128,0.002343566908835247,46146,46240,33375,30
2023Q2,inner,temporal,uniform_1,1,phase_diagnostic,0.3,diagnostic,True,True,,891fe1863ba9881a0add67cccb0ea9223c012f53fdbdff4f7b36b94ef433b16f,9232,0.2271138746425816,10299,6730,33439,12801,0.27101386481802425,0.19545348019685962,37008,46240,26709,2502
2023Q2,inner,temporal,uniform_1,1,phase_diagnostic,0.4,diagnostic,False,True,,891fe1863ba9881a0add67cccb0ea9223c012f53fdbdff4f7b36b94ef433b16f,418,0.018306982373855814,12680,297,33439,12801,0.2894736842105263,0.009452386532302164,45822,46240,33142,121
2023Q2,inner,temporal,uniform_1,1,phase_diagnostic,0.5,diagnostic,False,True,,891fe1863ba9881a0add67cccb0ea9223c012f53fdbdff4f7b36b94ef433b16f,93,0.004343105320304018,12773,65,33439,12801,0.3010752688172043,0.0021873291149128973,46147,46240,33374,28
2023Q2,inner,temporal,uniform_1,1,inner_selection,0.3,diagnostic,True,True,,891fe1863ba9881a0add67cccb0ea9223c012f53fdbdff4f7b36b94ef433b16f,9232,0.2271138746425816,10299,6730,33439,12801,0.27101386481802425,0.19545348019685962,37008,46240,26709,2502
2023Q2,inner,temporal,uniform_1,1,inner_selection,0.4,diagnostic,False,True,,891fe1863ba9881a0add67cccb0ea9223c012f53fdbdff4f7b36b94ef433b16f,418,0.018306982373855814,12680,297,33439,12801,0.2894736842105263,0.009452386532302164,45822,46240,33142,121
2023Q2,inner,temporal,uniform_1,1,inner_selection,0.5,diagnostic,False,True,,891fe1863ba9881a0add67cccb0ea9223c012f53fdbdff4f7b36b94ef433b16f,93,0.004343105320304018,12773,65,33439,12801,0.3010752688172043,0.0021873291149128973,46147,46240,33374,28
2023Q2,inner,temporal,weighted_constant,,phase_diagnostic,0.3,diagnostic,False,True,,891fe1863ba9881a0add67cccb0ea9223c012f53fdbdff4f7b36b94ef433b16f,0,0.0,12801,0,33439,12801,,0.0,46240,46240,33439,0
2023Q2,inner,temporal,weighted_constant,,phase_diagnostic,0.4,diagnostic,False,True,,891fe1863ba9881a0add67cccb0ea9223c012f53fdbdff4f7b36b94ef433b16f,0,0.0,12801,0,33439,12801,,0.0,46240,46240,33439,0
2023Q2,inner,temporal,weighted_constant,,phase_diagnostic,0.5,diagnostic,True,True,,891fe1863ba9881a0add67cccb0ea9223c012f53fdbdff4f7b36b94ef433b16f,0,0.0,12801,0,33439,12801,,0.0,46240,46240,33439,0
2023Q2,inner,temporal,weighted_constant,,inner_selection,0.3,diagnostic,False,True,,891fe1863ba9881a0add67cccb0ea9223c012f53fdbdff4f7b36b94ef433b16f,0,0.0,12801,0,33439,12801,,0.0,46240,46240,33439,0
2023Q2,inner,temporal,weighted_constant,,inner_selection,0.4,diagnostic,False,True,,891fe1863ba9881a0add67cccb0ea9223c012f53fdbdff4f7b36b94ef433b16f,0,0.0,12801,0,33439,12801,,0.0,46240,46240,33439,0
2023Q2,inner,temporal,weighted_constant,,inner_selection,0.5,diagnostic,True,True,,891fe1863ba9881a0add67cccb0ea9223c012f53fdbdff4f7b36b94ef433b16f,0,0.0,12801,0,33439,12801,,0.0,46240,46240,33439,0
2023Q2,inner,temporal,weighted_logistic,,phase_diagnostic,0.3,diagnostic,True,True,,891fe1863ba9881a0add67cccb0ea9223c012f53fdbdff4f7b36b94ef433b16f,8351,0.23515506807866868,10314,5864,33439,12801,0.2978086456711771,0.194281696742442,37889,46240,27575,2487
2023Q2,inner,temporal,weighted_logistic,,phase_diagnostic,0.4,diagnostic,False,True,,891fe1863ba9881a0add67cccb0ea9223c012f53fdbdff4f7b36b94ef433b16f,1,0.0,12801,1,33439,12801,0.0,0.0,46239,46240,33438,0
2023Q2,inner,temporal,weighted_logistic,,phase_diagnostic,0.5,diagnostic,False,True,,891fe1863ba9881a0add67cccb0ea9223c012f53fdbdff4f7b36b94ef433b16f,0,0.0,12801,0,33439,12801,,0.0,46240,46240,33439,0
2023Q2,inner,temporal,weighted_logistic,,inner_selection,0.3,diagnostic,True,True,,891fe1863ba9881a0add67cccb0ea9223c012f53fdbdff4f7b36b94ef433b16f,8351,0.23515506807866868,10314,5864,33439,12801,0.2978086456711771,0.194281696742442,37889,46240,27575,2487
2023Q2,inner,temporal,weighted_logistic,,inner_selection,0.4,diagnostic,False,True,,891fe1863ba9881a0add67cccb0ea9223c012f53fdbdff4f7b36b94ef433b16f,1,0.0,12801,1,33439,12801,0.0,0.0,46239,46240,33438,0
2023Q2,inner,temporal,weighted_logistic,,inner_selection,0.5,diagnostic,False,True,,891fe1863ba9881a0add67cccb0ea9223c012f53fdbdff4f7b36b94ef433b16f,0,0.0,12801,0,33439,12801,,0.0,46240,46240,33439,0
2023Q2,refit,0.0005,full,,phase_diagnostic,0.3,diagnostic,True,True,,42aaaf4e09edf6a7d4e95eca923bc0a18cca4aa7c29ae5165d32dfaebee123f3,0,,0,0,0,0,,,0,0,0,0
2023Q2,refit,0.0005,full,,phase_diagnostic,0.4,diagnostic,False,True,,42aaaf4e09edf6a7d4e95eca923bc0a18cca4aa7c29ae5165d32dfaebee123f3,0,,0,0,0,0,,,0,0,0,0
2023Q2,refit,0.0005,full,,phase_diagnostic,0.5,diagnostic,False,True,,42aaaf4e09edf6a7d4e95eca923bc0a18cca4aa7c29ae5165d32dfaebee123f3,0,,0,0,0,0,,,0,0,0,0
2023Q2,refit,0.0005,full,,inner_selection,0.3,diagnostic,True,True,,42aaaf4e09edf6a7d4e95eca923bc0a18cca4aa7c29ae5165d32dfaebee123f3,438,0.19852448021462105,905,290,2583,1053,0.3378995433789954,0.14055080721747387,3198,3636,2293,148
2023Q2,refit,0.0005,full,,inner_selection,0.4,diagnostic,False,True,,42aaaf4e09edf6a7d4e95eca923bc0a18cca4aa7c29ae5165d32dfaebee123f3,3,0.0,1053,3,2583,1053,0.0,0.0,3633,3636,2580,0
2023Q2,refit,0.0005,full,,inner_selection,0.5,diagnostic,False,True,,42aaaf4e09edf6a7d4e95eca923bc0a18cca4aa7c29ae5165d32dfaebee123f3,0,0.0,1053,0,2583,1053,,0.0,3636,3636,2583,0
2023Q2,refit,0.0005,sequential_0,0,phase_diagnostic,0.3,diagnostic,True,True,,42aaaf4e09edf6a7d4e95eca923bc0a18cca4aa7c29ae5165d32dfaebee123f3,0,,0,0,0,0,,,0,0,0,0
2023Q2,refit,0.0005,sequential_0,0,phase_diagnostic,0.4,diagnostic,False,True,,42aaaf4e09edf6a7d4e95eca923bc0a18cca4aa7c29ae5165d32dfaebee123f3,0,,0,0,0,0,,,0,0,0,0
2023Q2,refit,0.0005,sequential_0,0,phase_diagnostic,0.5,diagnostic,False,True,,42aaaf4e09edf6a7d4e95eca923bc0a18cca4aa7c29ae5165d32dfaebee123f3,0,,0,0,0,0,,,0,0,0,0
2023Q2,refit,0.0005,sequential_0,0,inner_selection,0.3,diagnostic,True,True,,42aaaf4e09edf6a7d4e95eca923bc0a18cca4aa7c29ae5165d32dfaebee123f3,1670,0.36136614028644876,561,1178,2583,1053,0.2946107784431138,0.4672364672364672,1966,3636,1405,492
2023Q2,refit,0.0005,sequential_0,0,inner_selection,0.4,diagnostic,False,True,,42aaaf4e09edf6a7d4e95eca923bc0a18cca4aa7c29ae5165d32dfaebee123f3,36,0.025711662075298437,1039,22,2583,1053,0.3888888888888889,0.013295346628679962,3600,3636,2561,14
2023Q2,refit,0.0005,sequential_0,0,inner_selection,0.5,diagnostic,False,True,,42aaaf4e09edf6a7d4e95eca923bc0a18cca4aa7c29ae5165d32dfaebee123f3,1,0.0,1053,1,2583,1053,0.0,0.0,3635,3636,2582,0
2023Q2,refit,0.0005,sequential_1,1,phase_diagnostic,0.3,diagnostic,True,True,,42aaaf4e09edf6a7d4e95eca923bc0a18cca4aa7c29ae5165d32dfaebee123f3,0,,0,0,0,0,,,0,0,0,0
2023Q2,refit,0.0005,sequential_1,1,phase_diagnostic,0.4,diagnostic,False,True,,42aaaf4e09edf6a7d4e95eca923bc0a18cca4aa7c29ae5165d32dfaebee123f3,0,,0,0,0,0,,,0,0,0,0
2023Q2,refit,0.0005,sequential_1,1,phase_diagnostic,0.5,diagnostic,False,True,,42aaaf4e09edf6a7d4e95eca923bc0a18cca4aa7c29ae5165d32dfaebee123f3,0,,0,0,0,0,,,0,0,0,0
2023Q2,refit,0.0005,sequential_1,1,inner_selection,0.3,diagnostic,True,True,,42aaaf4e09edf6a7d4e95eca923bc0a18cca4aa7c29ae5165d32dfaebee123f3,1355,0.29983388704318936,692,994,2583,1053,0.26642066420664207,0.34283000949667614,2281,3636,1589,361
2023Q2,refit,0.0005,sequential_1,1,inner_selection,0.4,diagnostic,False,True,,42aaaf4e09edf6a7d4e95eca923bc0a18cca4aa7c29ae5165d32dfaebee123f3,124,0.07306711979609176,1010,81,2583,1053,0.3467741935483871,0.04083570750237417,3512,3636,2502,43
2023Q2,refit,0.0005,sequential_1,1,inner_selection,0.5,diagnostic,False,True,,42aaaf4e09edf6a7d4e95eca923bc0a18cca4aa7c29ae5165d32dfaebee123f3,11,0.0037593984962406013,1051,9,2583,1053,0.18181818181818182,0.001899335232668566,3625,3636,2574,2
2023Q2,refit,0.0005,uniform_0,0,phase_diagnostic,0.3,diagnostic,True,True,,42aaaf4e09edf6a7d4e95eca923bc0a18cca4aa7c29ae5165d32dfaebee123f3,0,,0,0,0,0,,,0,0,0,0
2023Q2,refit,0.0005,uniform_0,0,phase_diagnostic,0.4,diagnostic,False,True,,42aaaf4e09edf6a7d4e95eca923bc0a18cca4aa7c29ae5165d32dfaebee123f3,0,,0,0,0,0,,,0,0,0,0
2023Q2,refit,0.0005,uniform_0,0,phase_diagnostic,0.5,diagnostic,False,True,,42aaaf4e09edf6a7d4e95eca923bc0a18cca4aa7c29ae5165d32dfaebee123f3,0,,0,0,0,0,,,0,0,0,0
2023Q2,refit,0.0005,uniform_0,0,inner_selection,0.3,diagnostic,True,True,,42aaaf4e09edf6a7d4e95eca923bc0a18cca4aa7c29ae5165d32dfaebee123f3,1188,0.32663989290495316,687,822,2583,1053,0.30808080808080807,0.3475783475783476,2448,3636,1761,366
2023Q2,refit,0.0005,uniform_0,0,inner_selection,0.4,diagnostic,False,True,,42aaaf4e09edf6a7d4e95eca923bc0a18cca4aa7c29ae5165d32dfaebee123f3,163,0.09703947368421052,994,104,2583,1053,0.3619631901840491,0.0560303893637227,3473,3636,2479,59
2023Q2,refit,0.0005,uniform_0,0,inner_selection,0.5,diagnostic,False,True,,42aaaf4e09edf6a7d4e95eca923bc0a18cca4aa7c29ae5165d32dfaebee123f3,32,0.03133640552995392,1036,15,2583,1053,0.53125,0.016144349477682812,3604,3636,2568,17
2023Q2,refit,0.0005,uniform_1,1,phase_diagnostic,0.3,diagnostic,True,True,,42aaaf4e09edf6a7d4e95eca923bc0a18cca4aa7c29ae5165d32dfaebee123f3,0,,0,0,0,0,,,0,0,0,0
2023Q2,refit,0.0005,uniform_1,1,phase_diagnostic,0.4,diagnostic,False,True,,42aaaf4e09edf6a7d4e95eca923bc0a18cca4aa7c29ae5165d32dfaebee123f3,0,,0,0,0,0,,,0,0,0,0
2023Q2,refit,0.0005,uniform_1,1,phase_diagnostic,0.5,diagnostic,False,True,,42aaaf4e09edf6a7d4e95eca923bc0a18cca4aa7c29ae5165d32dfaebee123f3,0,,0,0,0,0,,,0,0,0,0
2023Q2,refit,0.0005,uniform_1,1,inner_selection,0.3,diagnostic,True,True,,42aaaf4e09edf6a7d4e95eca923bc0a18cca4aa7c29ae5165d32dfaebee123f3,1369,0.34516928158546656,635,951,2583,1053,0.30533235938641345,0.3969610636277303,2267,3636,1632,418
2023Q2,refit,0.0005,uniform_1,1,inner_selection,0.4,diagnostic,False,True,,42aaaf4e09edf6a7d4e95eca923bc0a18cca4aa7c29ae5165d32dfaebee123f3,214,0.10891870560378848,984,145,2583,1053,0.32242990654205606,0.06552706552706553,3422,3636,2438,69
2023Q2,refit,0.0005,uniform_1,1,inner_selection,0.5,diagnostic,False,True,,42aaaf4e09edf6a7d4e95eca923bc0a18cca4aa7c29ae5165d32dfaebee123f3,21,0.0148975791433892,1045,13,2583,1053,0.38095238095238093,0.007597340930674264,3615,3636,2570,8
2023Q2,refit,0.0005,weighted_constant,,phase_diagnostic,0.3,diagnostic,False,True,,42aaaf4e09edf6a7d4e95eca923bc0a18cca4aa7c29ae5165d32dfaebee123f3,0,,0,0,0,0,,,0,0,0,0
2023Q2,refit,0.0005,weighted_constant,,phase_diagnostic,0.4,diagnostic,False,True,,42aaaf4e09edf6a7d4e95eca923bc0a18cca4aa7c29ae5165d32dfaebee123f3,0,,0,0,0,0,,,0,0,0,0
2023Q2,refit,0.0005,weighted_constant,,phase_diagnostic,0.5,diagnostic,True,True,,42aaaf4e09edf6a7d4e95eca923bc0a18cca4aa7c29ae5165d32dfaebee123f3,0,,0,0,0,0,,,0,0,0,0
2023Q2,refit,0.0005,weighted_constant,,inner_selection,0.3,diagnostic,False,True,,42aaaf4e09edf6a7d4e95eca923bc0a18cca4aa7c29ae5165d32dfaebee123f3,0,0.0,1053,0,2583,1053,,0.0,3636,3636,2583,0
2023Q2,refit,0.0005,weighted_constant,,inner_selection,0.4,diagnostic,False,True,,42aaaf4e09edf6a7d4e95eca923bc0a18cca4aa7c29ae5165d32dfaebee123f3,0,0.0,1053,0,2583,1053,,0.0,3636,3636,2583,0
2023Q2,refit,0.0005,weighted_constant,,inner_selection,0.5,diagnostic,True,True,,42aaaf4e09edf6a7d4e95eca923bc0a18cca4aa7c29ae5165d32dfaebee123f3,0,0.0,1053,0,2583,1053,,0.0,3636,3636,2583,0
2023Q2,refit,0.0005,weighted_logistic,,phase_diagnostic,0.3,diagnostic,True,True,,42aaaf4e09edf6a7d4e95eca923bc0a18cca4aa7c29ae5165d32dfaebee123f3,0,,0,0,0,0,,,0,0,0,0
2023Q2,refit,0.0005,weighted_logistic,,phase_diagnostic,0.4,diagnostic,False,True,,42aaaf4e09edf6a7d4e95eca923bc0a18cca4aa7c29ae5165d32dfaebee123f3,0,,0,0,0,0,,,0,0,0,0
2023Q2,refit,0.0005,weighted_logistic,,phase_diagnostic,0.5,diagnostic,False,True,,42aaaf4e09edf6a7d4e95eca923bc0a18cca4aa7c29ae5165d32dfaebee123f3,0,,0,0,0,0,,,0,0,0,0
2023Q2,refit,0.0005,weighted_logistic,,inner_selection,0.3,diagnostic,True,True,,42aaaf4e09edf6a7d4e95eca923bc0a18cca4aa7c29ae5165d32dfaebee123f3,591,0.22384428223844283,869,407,2583,1053,0.311336717428088,0.17473884140550808,3045,3636,2176,184
2023Q2,refit,0.0005,weighted_logistic,,inner_selection,0.4,diagnostic,False,True,,42aaaf4e09edf6a7d4e95eca923bc0a18cca4aa7c29ae5165d32dfaebee123f3,1,0.0,1053,1,2583,1053,0.0,0.0,3635,3636,2582,0
2023Q2,refit,0.0005,weighted_logistic,,inner_selection,0.5,diagnostic,False,True,,42aaaf4e09edf6a7d4e95eca923bc0a18cca4aa7c29ae5165d32dfaebee123f3,0,0.0,1053,0,2583,1053,,0.0,3636,3636,2583,0
2023Q2,refit,0.001,full,,phase_diagnostic,0.3,diagnostic,True,True,,d063b4fc94946a113f1915707b7c126cc64b741f1d7970221cbf28e69f644cd9,0,,0,0,0,0,,,0,0,0,0
2023Q2,refit,0.001,full,,phase_diagnostic,0.4,diagnostic,False,True,,d063b4fc94946a113f1915707b7c126cc64b741f1d7970221cbf28e69f644cd9,0,,0,0,0,0,,,0,0,0,0
2023Q2,refit,0.001,full,,phase_diagnostic,0.5,diagnostic,False,True,,d063b4fc94946a113f1915707b7c126cc64b741f1d7970221cbf28e69f644cd9,0,,0,0,0,0,,,0,0,0,0
2023Q2,refit,0.001,full,,inner_selection,0.3,diagnostic,True,True,,d063b4fc94946a113f1915707b7c126cc64b741f1d7970221cbf28e69f644cd9,198,0.2116788321167883,292,140,930,350,0.29292929292929293,0.1657142857142857,1082,1280,790,58
2023Q2,refit,0.001,full,,inner_selection,0.4,diagnostic,False,True,,d063b4fc94946a113f1915707b7c126cc64b741f1d7970221cbf28e69f644cd9,1,0.0,350,1,930,350,0.0,0.0,1279,1280,929,0
2023Q2,refit,0.001,full,,inner_selection,0.5,diagnostic,False,True,,d063b4fc94946a113f1915707b7c126cc64b741f1d7970221cbf28e69f644cd9,0,0.0,350,0,930,350,,0.0,1280,1280,930,0
2023Q2,refit,0.001,sequential_0,0,phase_diagnostic,0.3,diagnostic,True,True,,d063b4fc94946a113f1915707b7c126cc64b741f1d7970221cbf28e69f644cd9,0,,0,0,0,0,,,0,0,0,0
2023Q2,refit,0.001,sequential_0,0,phase_diagnostic,0.4,diagnostic,False,True,,d063b4fc94946a113f1915707b7c126cc64b741f1d7970221cbf28e69f644cd9,0,,0,0,0,0,,,0,0,0,0
2023Q2,refit,0.001,sequential_0,0,phase_diagnostic,0.5,diagnostic,False,True,,d063b4fc94946a113f1915707b7c126cc64b741f1d7970221cbf28e69f644cd9,0,,0,0,0,0,,,0,0,0,0
2023Q2,refit,0.001,sequential_0,0,inner_selection,0.3,diagnostic,True,True,,d063b4fc94946a113f1915707b7c126cc64b741f1d7970221cbf28e69f644cd9,307,0.2496194824961948,268,225,930,350,0.2671009771986971,0.2342857142857143,973,1280,705,82
2023Q2,refit,0.001,sequential_0,0,inner_selection,0.4,diagnostic,False,True,,d063b4fc94946a113f1915707b7c126cc64b741f1d7970221cbf28e69f644cd9,32,0.04712041884816754,341,23,930,350,0.28125,0.025714285714285714,1248,1280,907,9
2023Q2,refit,0.001,sequential_0,0,inner_selection,0.5,diagnostic,False,True,,d063b4fc94946a113f1915707b7c126cc64b741f1d7970221cbf28e69f644cd9,4,0.011299435028248588,348,2,930,350,0.5,0.005714285714285714,1276,1280,928,2
2023Q2,refit,0.001,sequential_1,1,phase_diagnostic,0.3,diagnostic,True,True,,d063b4fc94946a113f1915707b7c126cc64b741f1d7970221cbf28e69f644cd9,0,,0,0,0,0,,,0,0,0,0
2023Q2,refit,0.001,sequential_1,1,phase_diagnostic,0.4,diagnostic,False,True,,d063b4fc94946a113f1915707b7c126cc64b741f1d7970221cbf28e69f644cd9,0,,0,0,0,0,,,0,0,0,0
2023Q2,refit,0.001,sequential_1,1,phase_diagnostic,0.5,diagnostic,False,True,,d063b4fc94946a113f1915707b7c126cc64b741f1d7970221cbf28e69f644cd9,0,,0,0,0,0,,,0,0,0,0
2023Q2,refit,0.001,sequential_1,1,inner_selection,0.3,diagnostic,True,True,,d063b4fc94946a113f1915707b7c126cc64b741f1d7970221cbf28e69f644cd9,352,0.30484330484330485,243,245,930,350,0.3039772727272727,0.3057142857142857,928,1280,685,107
2023Q2,refit,0.001,sequential_1,1,inner_selection,0.4,diagnostic,False,True,,d063b4fc94946a113f1915707b7c126cc64b741f1d7970221cbf28e69f644cd9,24,0.06417112299465241,338,12,930,350,0.5,0.03428571428571429,1256,1280,918,12
2023Q2,refit,0.001,sequential_1,1,inner_selection,0.5,diagnostic,False,True,,d063b4fc94946a113f1915707b7c126cc64b741f1d7970221cbf28e69f644cd9,0,0.0,350,0,930,350,,0.0,1280,1280,930,0
2023Q2,refit,0.001,uniform_0,0,phase_diagnostic,0.3,diagnostic,True,True,,d063b4fc94946a113f1915707b7c126cc64b741f1d7970221cbf28e69f644cd9,0,,0,0,0,0,,,0,0,0,0
2023Q2,refit,0.001,uniform_0,0,phase_diagnostic,0.4,diagnostic,False,True,,d063b4fc94946a113f1915707b7c126cc64b741f1d7970221cbf28e69f644cd9,0,,0,0,0,0,,,0,0,0,0
2023Q2,refit,0.001,uniform_0,0,phase_diagnostic,0.5,diagnostic,False,True,,d063b4fc94946a113f1915707b7c126cc64b741f1d7970221cbf28e69f644cd9,0,,0,0,0,0,,,0,0,0,0
2023Q2,refit,0.001,uniform_0,0,inner_selection,0.3,diagnostic,True,True,,d063b4fc94946a113f1915707b7c126cc64b741f1d7970221cbf28e69f644cd9,513,0.3499420625724218,199,362,930,350,0.29434697855750486,0.43142857142857144,767,1280,568,151
2023Q2,refit,0.001,uniform_0,0,inner_selection,0.4,diagnostic,False,True,,d063b4fc94946a113f1915707b7c126cc64b741f1d7970221cbf28e69f644cd9,105,0.14065934065934066,318,73,930,350,0.3047619047619048,0.09142857142857143,1175,1280,857,32
2023Q2,refit,0.001,uniform_0,0,inner_selection,0.5,diagnostic,False,True,,d063b4fc94946a113f1915707b7c126cc64b741f1d7970221cbf28e69f644cd9,12,0.022099447513812154,346,8,930,350,0.3333333333333333,0.011428571428571429,1268,1280,922,4
2023Q2,refit,0.001,uniform_1,1,phase_diagnostic,0.3,diagnostic,True,True,,d063b4fc94946a113f1915707b7c126cc64b741f1d7970221cbf28e69f644cd9,0,,0,0,0,0,,,0,0,0,0
2023Q2,refit,0.001,uniform_1,1,phase_diagnostic,0.4,diagnostic,False,True,,d063b4fc94946a113f1915707b7c126cc64b741f1d7970221cbf28e69f644cd9,0,,0,0,0,0,,,0,0,0,0
2023Q2,refit,0.001,uniform_1,1,phase_diagnostic,0.5,diagnostic,False,True,,d063b4fc94946a113f1915707b7c126cc64b741f1d7970221cbf28e69f644cd9,0,,0,0,0,0,,,0,0,0,0
2023Q2,refit,0.001,uniform_1,1,inner_selection,0.3,diagnostic,True,True,,d063b4fc94946a113f1915707b7c126cc64b741f1d7970221cbf28e69f644cd9,348,0.25787965616045844,260,258,930,350,0.25862068965517243,0.2571428571428571,932,1280,672,90
2023Q2,refit,0.001,uniform_1,1,inner_selection,0.4,diagnostic,False,True,,d063b4fc94946a113f1915707b7c126cc64b741f1d7970221cbf28e69f644cd9,30,0.031578947368421054,344,24,930,350,0.2,0.017142857142857144,1250,1280,906,6
2023Q2,refit,0.001,uniform_1,1,inner_selection,0.5,diagnostic,False,True,,d063b4fc94946a113f1915707b7c126cc64b741f1d7970221cbf28e69f644cd9,1,0.0,350,1,930,350,0.0,0.0,1279,1280,929,0
2023Q2,refit,0.001,weighted_constant,,phase_diagnostic,0.3,diagnostic,False,True,,d063b4fc94946a113f1915707b7c126cc64b741f1d7970221cbf28e69f644cd9,0,,0,0,0,0,,,0,0,0,0
2023Q2,refit,0.001,weighted_constant,,phase_diagnostic,0.4,diagnostic,False,True,,d063b4fc94946a113f1915707b7c126cc64b741f1d7970221cbf28e69f644cd9,0,,0,0,0,0,,,0,0,0,0
2023Q2,refit,0.001,weighted_constant,,phase_diagnostic,0.5,diagnostic,True,True,,d063b4fc94946a113f1915707b7c126cc64b741f1d7970221cbf28e69f644cd9,0,,0,0,0,0,,,0,0,0,0
2023Q2,refit,0.001,weighted_constant,,inner_selection,0.3,diagnostic,False,True,,d063b4fc94946a113f1915707b7c126cc64b741f1d7970221cbf28e69f644cd9,0,0.0,350,0,930,350,,0.0,1280,1280,930,0
2023Q2,refit,0.001,weighted_constant,,inner_selection,0.4,diagnostic,False,True,,d063b4fc94946a113f1915707b7c126cc64b741f1d7970221cbf28e69f644cd9,0,0.0,350,0,930,350,,0.0,1280,1280,930,0
2023Q2,refit,0.001,weighted_constant,,inner_selection,0.5,diagnostic,True,True,,d063b4fc94946a113f1915707b7c126cc64b741f1d7970221cbf28e69f644cd9,0,0.0,350,0,930,350,,0.0,1280,1280,930,0
2023Q2,refit,0.001,weighted_logistic,,phase_diagnostic,0.3,diagnostic,True,True,,d063b4fc94946a113f1915707b7c126cc64b741f1d7970221cbf28e69f644cd9,0,,0,0,0,0,,,0,0,0,0
2023Q2,refit,0.001,weighted_logistic,,phase_diagnostic,0.4,diagnostic,False,True,,d063b4fc94946a113f1915707b7c126cc64b741f1d7970221cbf28e69f644cd9,0,,0,0,0,0,,,0,0,0,0
2023Q2,refit,0.001,weighted_logistic,,phase_diagnostic,0.5,diagnostic,False,True,,d063b4fc94946a113f1915707b7c126cc64b741f1d7970221cbf28e69f644cd9,0,,0,0,0,0,,,0,0,0,0
2023Q2,refit,0.001,weighted_logistic,,inner_selection,0.3,diagnostic,True,True,,d063b4fc94946a113f1915707b7c126cc64b741f1d7970221cbf28e69f644cd9,171,0.1689059500959693,306,127,930,350,0.2573099415204678,0.12571428571428572,1109,1280,803,44
2023Q2,refit,0.001,weighted_logistic,,inner_selection,0.4,diagnostic,False,True,,d063b4fc94946a113f1915707b7c126cc64b741f1d7970221cbf28e69f644cd9,0,0.0,350,0,930,350,,0.0,1280,1280,930,0
2023Q2,refit,0.001,weighted_logistic,,inner_selection,0.5,diagnostic,False,True,,d063b4fc94946a113f1915707b7c126cc64b741f1d7970221cbf28e69f644cd9,0,0.0,350,0,930,350,,0.0,1280,1280,930,0
2023Q2,refit,temporal,full,,phase_diagnostic,0.3,diagnostic,True,True,,891fe1863ba9881a0add67cccb0ea9223c012f53fdbdff4f7b36b94ef433b16f,0,,0,0,3,0,,,3,3,3,0
2023Q2,refit,temporal,full,,phase_diagnostic,0.4,diagnostic,False,True,,891fe1863ba9881a0add67cccb0ea9223c012f53fdbdff4f7b36b94ef433b16f,0,,0,0,3,0,,,3,3,3,0
2023Q2,refit,temporal,full,,phase_diagnostic,0.5,diagnostic,False,True,,891fe1863ba9881a0add67cccb0ea9223c012f53fdbdff4f7b36b94ef433b16f,0,,0,0,3,0,,,3,3,3,0
2023Q2,refit,temporal,full,,inner_selection,0.3,diagnostic,True,True,,891fe1863ba9881a0add67cccb0ea9223c012f53fdbdff4f7b36b94ef433b16f,2177,0.09640806516223795,12079,1455,33439,12801,0.33164905833716124,0.05640184360596828,44063,46240,31984,722
2023Q2,refit,temporal,full,,inner_selection,0.4,diagnostic,False,True,,891fe1863ba9881a0add67cccb0ea9223c012f53fdbdff4f7b36b94ef433b16f,0,0.0,12801,0,33439,12801,,0.0,46240,46240,33439,0
2023Q2,refit,temporal,full,,inner_selection,0.5,diagnostic,False,True,,891fe1863ba9881a0add67cccb0ea9223c012f53fdbdff4f7b36b94ef433b16f,0,0.0,12801,0,33439,12801,,0.0,46240,46240,33439,0
2023Q2,refit,temporal,sequential_0,0,phase_diagnostic,0.3,diagnostic,True,True,,891fe1863ba9881a0add67cccb0ea9223c012f53fdbdff4f7b36b94ef433b16f,3,0.0,0,3,3,0,0.0,,0,3,0,0
2023Q2,refit,temporal,sequential_0,0,phase_diagnostic,0.4,diagnostic,False,True,,891fe1863ba9881a0add67cccb0ea9223c012f53fdbdff4f7b36b94ef433b16f,2,0.0,0,2,3,0,0.0,,1,3,1,0
2023Q2,refit,temporal,sequential_0,0,phase_diagnostic,0.5,diagnostic,False,True,,891fe1863ba9881a0add67cccb0ea9223c012f53fdbdff4f7b36b94ef433b16f,0,,0,0,3,0,,,3,3,3,0
2023Q2,refit,temporal,sequential_0,0,inner_selection,0.3,diagnostic,True,True,,891fe1863ba9881a0add67cccb0ea9223c012f53fdbdff4f7b36b94ef433b16f,18539,0.31767708998085514,7823,13561,33439,12801,0.26851502238524194,0.3888758690727287,27701,46240,19878,4978
2023Q2,refit,temporal,sequential_0,0,inner_selection,0.4,diagnostic,False,True,,891fe1863ba9881a0add67cccb0ea9223c012f53fdbdff4f7b36b94ef433b16f,2773,0.09811223834596122,12037,2009,33439,12801,0.2755138838802741,0.05968283727833763,43467,46240,31430,764
2023Q2,refit,temporal,sequential_0,0,inner_selection,0.5,diagnostic,False,True,,891fe1863ba9881a0add67cccb0ea9223c012f53fdbdff4f7b36b94ef433b16f,188,0.006928939872199553,12756,143,33439,12801,0.2393617021276596,0.003515350363252871,46052,46240,33296,45
2023Q2,refit,temporal,sequential_1,1,phase_diagnostic,0.3,diagnostic,True,True,,891fe1863ba9881a0add67cccb0ea9223c012f53fdbdff4f7b36b94ef433b16f,3,0.0,0,3,3,0,0.0,,0,3,0,0
2023Q2,refit,temporal,sequential_1,1,phase_diagnostic,0.4,diagnostic,False,True,,891fe1863ba9881a0add67cccb0ea9223c012f53fdbdff4f7b36b94ef433b16f,0,,0,0,3,0,,,3,3,3,0
2023Q2,refit,temporal,sequential_1,1,phase_diagnostic,0.5,diagnostic,False,True,,891fe1863ba9881a0add67cccb0ea9223c012f53fdbdff4f7b36b94ef433b16f,0,,0,0,3,0,,,3,3,3,0
2023Q2,refit,temporal,sequential_1,1,inner_selection,0.3,diagnostic,True,True,,891fe1863ba9881a0add67cccb0ea9223c012f53fdbdff4f7b36b94ef433b16f,13880,0.282748022937671,9029,10108,33439,12801,0.2717579250720461,0.29466447933755174,32360,46240,23331,3772
2023Q2,refit,temporal,sequential_1,1,inner_selection,0.4,diagnostic,False,True,,891fe1863ba9881a0add67cccb0ea9223c012f53fdbdff4f7b36b94ef433b16f,486,0.014450214495371415,12705,390,33439,12801,0.19753086419753085,0.007499414108272791,45754,46240,33049,96
2023Q2,refit,temporal,sequential_1,1,inner_selection,0.5,diagnostic,False,True,,891fe1863ba9881a0add67cccb0ea9223c012f53fdbdff4f7b36b94ef433b16f,4,0.00031237797735259666,12799,2,33439,12801,0.5,0.0001562377939223498,46236,46240,33437,2
2023Q2,refit,temporal,uniform_0,0,phase_diagnostic,0.3,diagnostic,True,True,,891fe1863ba9881a0add67cccb0ea9223c012f53fdbdff4f7b36b94ef433b16f,0,,0,0,3,0,,,3,3,3,0
2023Q2,refit,temporal,uniform_0,0,phase_diagnostic,0.4,diagnostic,False,True,,891fe1863ba9881a0add67cccb0ea9223c012f53fdbdff4f7b36b94ef433b16f,0,,0,0,3,0,,,3,3,3,0
2023Q2,refit,temporal,uniform_0,0,phase_diagnostic,0.5,diagnostic,False,True,,891fe1863ba9881a0add67cccb0ea9223c012f53fdbdff4f7b36b94ef433b16f,0,,0,0,3,0,,,3,3,3,0
2023Q2,refit,temporal,uniform_0,0,inner_selection,0.3,diagnostic,True,True,,891fe1863ba9881a0add67cccb0ea9223c012f53fdbdff4f7b36b94ef433b16f,9553,0.25069338820792697,9999,6751,33439,12801,0.29331100177954567,0.21888914928521208,36687,46240,26688,2802
2023Q2,refit,temporal,uniform_0,0,inner_selection,0.4,diagnostic,False,True,,891fe1863ba9881a0add67cccb0ea9223c012f53fdbdff4f7b36b94ef433b16f,1047,0.04737146158290006,12473,719,33439,12801,0.3132760267430755,0.02562299820326537,45193,46240,32720,328
2023Q2,refit,temporal,uniform_0,0,inner_selection,0.5,diagnostic,False,True,,891fe1863ba9881a0add67cccb0ea9223c012f53fdbdff4f7b36b94ef433b16f,94,0.0046529662659945716,12771,64,33439,12801,0.3191489361702128,0.002343566908835247,46146,46240,33375,30
2023Q2,refit,temporal,uniform_1,1,phase_diagnostic,0.3,diagnostic,True,True,,891fe1863ba9881a0add67cccb0ea9223c012f53fdbdff4f7b36b94ef433b16f,1,0.0,0,1,3,0,0.0,,2,3,2,0
2023Q2,refit,temporal,uniform_1,1,phase_diagnostic,0.4,diagnostic,False,True,,891fe1863ba9881a0add67cccb0ea9223c012f53fdbdff4f7b36b94ef433b16f,0,,0,0,3,0,,,3,3,3,0
2023Q2,refit,temporal,uniform_1,1,phase_diagnostic,0.5,diagnostic,False,True,,891fe1863ba9881a0add67cccb0ea9223c012f53fdbdff4f7b36b94ef433b16f,0,,0,0,3,0,,,3,3,3,0
2023Q2,refit,temporal,uniform_1,1,inner_selection,0.3,diagnostic,True,True,,891fe1863ba9881a0add67cccb0ea9223c012f53fdbdff4f7b36b94ef433b16f,9232,0.2271138746425816,10299,6730,33439,12801,0.27101386481802425,0.19545348019685962,37008,46240,26709,2502
2023Q2,refit,temporal,uniform_1,1,inner_selection,0.4,diagnostic,False,True,,891fe1863ba9881a0add67cccb0ea9223c012f53fdbdff4f7b36b94ef433b16f,418,0.018306982373855814,12680,297,33439,12801,0.2894736842105263,0.009452386532302164,45822,46240,33142,121
2023Q2,refit,temporal,uniform_1,1,inner_selection,0.5,diagnostic,False,True,,891fe1863ba9881a0add67cccb0ea9223c012f53fdbdff4f7b36b94ef433b16f,93,0.004343105320304018,12773,65,33439,12801,0.3010752688172043,0.0021873291149128973,46147,46240,33374,28
2023Q2,refit,temporal,weighted_constant,,phase_diagnostic,0.3,diagnostic,False,True,,891fe1863ba9881a0add67cccb0ea9223c012f53fdbdff4f7b36b94ef433b16f,0,,0,0,3,0,,,3,3,3,0
2023Q2,refit,temporal,weighted_constant,,phase_diagnostic,0.4,diagnostic,False,True,,891fe1863ba9881a0add67cccb0ea9223c012f53fdbdff4f7b36b94ef433b16f,0,,0,0,3,0,,,3,3,3,0
2023Q2,refit,temporal,weighted_constant,,phase_diagnostic,0.5,diagnostic,True,True,,891fe1863ba9881a0add67cccb0ea9223c012f53fdbdff4f7b36b94ef433b16f,0,,0,0,3,0,,,3,3,3,0
2023Q2,refit,temporal,weighted_constant,,inner_selection,0.3,diagnostic,False,True,,891fe1863ba9881a0add67cccb0ea9223c012f53fdbdff4f7b36b94ef433b16f,0,0.0,12801,0,33439,12801,,0.0,46240,46240,33439,0
2023Q2,refit,temporal,weighted_constant,,inner_selection,0.4,diagnostic,False,True,,891fe1863ba9881a0add67cccb0ea9223c012f53fdbdff4f7b36b94ef433b16f,0,0.0,12801,0,33439,12801,,0.0,46240,46240,33439,0
2023Q2,refit,temporal,weighted_constant,,inner_selection,0.5,diagnostic,True,True,,891fe1863ba9881a0add67cccb0ea9223c012f53fdbdff4f7b36b94ef433b16f,0,0.0,12801,0,33439,12801,,0.0,46240,46240,33439,0
2023Q2,refit,temporal,weighted_logistic,,phase_diagnostic,0.3,diagnostic,True,True,,891fe1863ba9881a0add67cccb0ea9223c012f53fdbdff4f7b36b94ef433b16f,0,,0,0,3,0,,,3,3,3,0
2023Q2,refit,temporal,weighted_logistic,,phase_diagnostic,0.4,diagnostic,False,True,,891fe1863ba9881a0add67cccb0ea9223c012f53fdbdff4f7b36b94ef433b16f,0,,0,0,3,0,,,3,3,3,0
2023Q2,refit,temporal,weighted_logistic,,phase_diagnostic,0.5,diagnostic,False,True,,891fe1863ba9881a0add67cccb0ea9223c012f53fdbdff4f7b36b94ef433b16f,0,,0,0,3,0,,,3,3,3,0
2023Q2,refit,temporal,weighted_logistic,,inner_selection,0.3,diagnostic,True,True,,891fe1863ba9881a0add67cccb0ea9223c012f53fdbdff4f7b36b94ef433b16f,8351,0.23515506807866868,10314,5864,33439,12801,0.2978086456711771,0.194281696742442,37889,46240,27575,2487
2023Q2,refit,temporal,weighted_logistic,,inner_selection,0.4,diagnostic,False,True,,891fe1863ba9881a0add67cccb0ea9223c012f53fdbdff4f7b36b94ef433b16f,1,0.0,12801,1,33439,12801,0.0,0.0,46239,46240,33438,0
2023Q2,refit,temporal,weighted_logistic,,inner_selection,0.5,diagnostic,False,True,,891fe1863ba9881a0add67cccb0ea9223c012f53fdbdff4f7b36b94ef433b16f,0,0.0,12801,0,33439,12801,,0.0,46240,46240,33439,0
2023Q3,inner,0.0005,full,,phase_diagnostic,0.3,diagnostic,False,False,empty_validation,b03fdfb6c468ed86f79f8132e4b0a55961d2cbcaac8357f67f384949e035ad7c,0,,0,0,0,0,,,0,0,0,0
2023Q3,inner,0.0005,full,,phase_diagnostic,0.4,diagnostic,False,False,empty_validation,b03fdfb6c468ed86f79f8132e4b0a55961d2cbcaac8357f67f384949e035ad7c,0,,0,0,0,0,,,0,0,0,0
2023Q3,inner,0.0005,full,,phase_diagnostic,0.5,diagnostic,False,False,empty_validation,b03fdfb6c468ed86f79f8132e4b0a55961d2cbcaac8357f67f384949e035ad7c,0,,0,0,0,0,,,0,0,0,0
2023Q3,inner,0.0005,full,,inner_selection,0.3,diagnostic,False,False,empty_validation,b03fdfb6c468ed86f79f8132e4b0a55961d2cbcaac8357f67f384949e035ad7c,0,,0,0,0,0,,,0,0,0,0
2023Q3,inner,0.0005,full,,inner_selection,0.4,diagnostic,False,False,empty_validation,b03fdfb6c468ed86f79f8132e4b0a55961d2cbcaac8357f67f384949e035ad7c,0,,0,0,0,0,,,0,0,0,0
2023Q3,inner,0.0005,full,,inner_selection,0.5,diagnostic,False,False,empty_validation,b03fdfb6c468ed86f79f8132e4b0a55961d2cbcaac8357f67f384949e035ad7c,0,,0,0,0,0,,,0,0,0,0
2023Q3,inner,0.0005,sequential_0,0,phase_diagnostic,0.3,diagnostic,False,False,empty_validation,b03fdfb6c468ed86f79f8132e4b0a55961d2cbcaac8357f67f384949e035ad7c,0,,0,0,0,0,,,0,0,0,0
2023Q3,inner,0.0005,sequential_0,0,phase_diagnostic,0.4,diagnostic,False,False,empty_validation,b03fdfb6c468ed86f79f8132e4b0a55961d2cbcaac8357f67f384949e035ad7c,0,,0,0,0,0,,,0,0,0,0
2023Q3,inner,0.0005,sequential_0,0,phase_diagnostic,0.5,diagnostic,False,False,empty_validation,b03fdfb6c468ed86f79f8132e4b0a55961d2cbcaac8357f67f384949e035ad7c,0,,0,0,0,0,,,0,0,0,0
2023Q3,inner,0.0005,sequential_0,0,inner_selection,0.3,diagnostic,False,False,empty_validation,b03fdfb6c468ed86f79f8132e4b0a55961d2cbcaac8357f67f384949e035ad7c,0,,0,0,0,0,,,0,0,0,0
2023Q3,inner,0.0005,sequential_0,0,inner_selection,0.4,diagnostic,False,False,empty_validation,b03fdfb6c468ed86f79f8132e4b0a55961d2cbcaac8357f67f384949e035ad7c,0,,0,0,0,0,,,0,0,0,0
2023Q3,inner,0.0005,sequential_0,0,inner_selection,0.5,diagnostic,False,False,empty_validation,b03fdfb6c468ed86f79f8132e4b0a55961d2cbcaac8357f67f384949e035ad7c,0,,0,0,0,0,,,0,0,0,0
2023Q3,inner,0.0005,sequential_1,1,phase_diagnostic,0.3,diagnostic,False,False,empty_validation,b03fdfb6c468ed86f79f8132e4b0a55961d2cbcaac8357f67f384949e035ad7c,0,,0,0,0,0,,,0,0,0,0
2023Q3,inner,0.0005,sequential_1,1,phase_diagnostic,0.4,diagnostic,False,False,empty_validation,b03fdfb6c468ed86f79f8132e4b0a55961d2cbcaac8357f67f384949e035ad7c,0,,0,0,0,0,,,0,0,0,0
2023Q3,inner,0.0005,sequential_1,1,phase_diagnostic,0.5,diagnostic,False,False,empty_validation,b03fdfb6c468ed86f79f8132e4b0a55961d2cbcaac8357f67f384949e035ad7c,0,,0,0,0,0,,,0,0,0,0
2023Q3,inner,0.0005,sequential_1,1,inner_selection,0.3,diagnostic,False,False,empty_validation,b03fdfb6c468ed86f79f8132e4b0a55961d2cbcaac8357f67f384949e035ad7c,0,,0,0,0,0,,,0,0,0,0
2023Q3,inner,0.0005,sequential_1,1,inner_selection,0.4,diagnostic,False,False,empty_validation,b03fdfb6c468ed86f79f8132e4b0a55961d2cbcaac8357f67f384949e035ad7c,0,,0,0,0,0,,,0,0,0,0
2023Q3,inner,0.0005,sequential_1,1,inner_selection,0.5,diagnostic,False,False,empty_validation,b03fdfb6c468ed86f79f8132e4b0a55961d2cbcaac8357f67f384949e035ad7c,0,,0,0,0,0,,,0,0,0,0
2023Q3,inner,0.0005,uniform_0,0,phase_diagnostic,0.3,diagnostic,False,False,empty_validation,b03fdfb6c468ed86f79f8132e4b0a55961d2cbcaac8357f67f384949e035ad7c,0,,0,0,0,0,,,0,0,0,0
2023Q3,inner,0.0005,uniform_0,0,phase_diagnostic,0.4,diagnostic,False,False,empty_validation,b03fdfb6c468ed86f79f8132e4b0a55961d2cbcaac8357f67f384949e035ad7c,0,,0,0,0,0,,,0,0,0,0
2023Q3,inner,0.0005,uniform_0,0,phase_diagnostic,0.5,diagnostic,False,False,empty_validation,b03fdfb6c468ed86f79f8132e4b0a55961d2cbcaac8357f67f384949e035ad7c,0,,0,0,0,0,,,0,0,0,0
2023Q3,inner,0.0005,uniform_0,0,inner_selection,0.3,diagnostic,False,False,empty_validation,b03fdfb6c468ed86f79f8132e4b0a55961d2cbcaac8357f67f384949e035ad7c,0,,0,0,0,0,,,0,0,0,0
2023Q3,inner,0.0005,uniform_0,0,inner_selection,0.4,diagnostic,False,False,empty_validation,b03fdfb6c468ed86f79f8132e4b0a55961d2cbcaac8357f67f384949e035ad7c,0,,0,0,0,0,,,0,0,0,0
2023Q3,inner,0.0005,uniform_0,0,inner_selection,0.5,diagnostic,False,False,empty_validation,b03fdfb6c468ed86f79f8132e4b0a55961d2cbcaac8357f67f384949e035ad7c,0,,0,0,0,0,,,0,0,0,0
2023Q3,inner,0.0005,uniform_1,1,phase_diagnostic,0.3,diagnostic,False,False,empty_validation,b03fdfb6c468ed86f79f8132e4b0a55961d2cbcaac8357f67f384949e035ad7c,0,,0,0,0,0,,,0,0,0,0
2023Q3,inner,0.0005,uniform_1,1,phase_diagnostic,0.4,diagnostic,False,False,empty_validation,b03fdfb6c468ed86f79f8132e4b0a55961d2cbcaac8357f67f384949e035ad7c,0,,0,0,0,0,,,0,0,0,0
2023Q3,inner,0.0005,uniform_1,1,phase_diagnostic,0.5,diagnostic,False,False,empty_validation,b03fdfb6c468ed86f79f8132e4b0a55961d2cbcaac8357f67f384949e035ad7c,0,,0,0,0,0,,,0,0,0,0
2023Q3,inner,0.0005,uniform_1,1,inner_selection,0.3,diagnostic,False,False,empty_validation,b03fdfb6c468ed86f79f8132e4b0a55961d2cbcaac8357f67f384949e035ad7c,0,,0,0,0,0,,,0,0,0,0
2023Q3,inner,0.0005,uniform_1,1,inner_selection,0.4,diagnostic,False,False,empty_validation,b03fdfb6c468ed86f79f8132e4b0a55961d2cbcaac8357f67f384949e035ad7c,0,,0,0,0,0,,,0,0,0,0
2023Q3,inner,0.0005,uniform_1,1,inner_selection,0.5,diagnostic,False,False,empty_validation,b03fdfb6c468ed86f79f8132e4b0a55961d2cbcaac8357f67f384949e035ad7c,0,,0,0,0,0,,,0,0,0,0
2023Q3,inner,0.0005,weighted_constant,,phase_diagnostic,0.3,diagnostic,False,False,empty_validation,b03fdfb6c468ed86f79f8132e4b0a55961d2cbcaac8357f67f384949e035ad7c,0,,0,0,0,0,,,0,0,0,0
2023Q3,inner,0.0005,weighted_constant,,phase_diagnostic,0.4,diagnostic,False,False,empty_validation,b03fdfb6c468ed86f79f8132e4b0a55961d2cbcaac8357f67f384949e035ad7c,0,,0,0,0,0,,,0,0,0,0
2023Q3,inner,0.0005,weighted_constant,,phase_diagnostic,0.5,diagnostic,False,False,empty_validation,b03fdfb6c468ed86f79f8132e4b0a55961d2cbcaac8357f67f384949e035ad7c,0,,0,0,0,0,,,0,0,0,0
2023Q3,inner,0.0005,weighted_constant,,inner_selection,0.3,diagnostic,False,False,empty_validation,b03fdfb6c468ed86f79f8132e4b0a55961d2cbcaac8357f67f384949e035ad7c,0,,0,0,0,0,,,0,0,0,0
2023Q3,inner,0.0005,weighted_constant,,inner_selection,0.4,diagnostic,False,False,empty_validation,b03fdfb6c468ed86f79f8132e4b0a55961d2cbcaac8357f67f384949e035ad7c,0,,0,0,0,0,,,0,0,0,0
2023Q3,inner,0.0005,weighted_constant,,inner_selection,0.5,diagnostic,False,False,empty_validation,b03fdfb6c468ed86f79f8132e4b0a55961d2cbcaac8357f67f384949e035ad7c,0,,0,0,0,0,,,0,0,0,0
2023Q3,inner,0.0005,weighted_logistic,,phase_diagnostic,0.3,diagnostic,False,False,empty_validation,b03fdfb6c468ed86f79f8132e4b0a55961d2cbcaac8357f67f384949e035ad7c,0,,0,0,0,0,,,0,0,0,0
2023Q3,inner,0.0005,weighted_logistic,,phase_diagnostic,0.4,diagnostic,False,False,empty_validation,b03fdfb6c468ed86f79f8132e4b0a55961d2cbcaac8357f67f384949e035ad7c,0,,0,0,0,0,,,0,0,0,0
2023Q3,inner,0.0005,weighted_logistic,,phase_diagnostic,0.5,diagnostic,False,False,empty_validation,b03fdfb6c468ed86f79f8132e4b0a55961d2cbcaac8357f67f384949e035ad7c,0,,0,0,0,0,,,0,0,0,0
2023Q3,inner,0.0005,weighted_logistic,,inner_selection,0.3,diagnostic,False,False,empty_validation,b03fdfb6c468ed86f79f8132e4b0a55961d2cbcaac8357f67f384949e035ad7c,0,,0,0,0,0,,,0,0,0,0
2023Q3,inner,0.0005,weighted_logistic,,inner_selection,0.4,diagnostic,False,False,empty_validation,b03fdfb6c468ed86f79f8132e4b0a55961d2cbcaac8357f67f384949e035ad7c,0,,0,0,0,0,,,0,0,0,0
2023Q3,inner,0.0005,weighted_logistic,,inner_selection,0.5,diagnostic,False,False,empty_validation,b03fdfb6c468ed86f79f8132e4b0a55961d2cbcaac8357f67f384949e035ad7c,0,,0,0,0,0,,,0,0,0,0
2023Q3,inner,0.001,full,,phase_diagnostic,0.3,diagnostic,False,False,empty_validation,b03fdfb6c468ed86f79f8132e4b0a55961d2cbcaac8357f67f384949e035ad7c,0,,0,0,0,0,,,0,0,0,0
2023Q3,inner,0.001,full,,phase_diagnostic,0.4,diagnostic,False,False,empty_validation,b03fdfb6c468ed86f79f8132e4b0a55961d2cbcaac8357f67f384949e035ad7c,0,,0,0,0,0,,,0,0,0,0
2023Q3,inner,0.001,full,,phase_diagnostic,0.5,diagnostic,False,False,empty_validation,b03fdfb6c468ed86f79f8132e4b0a55961d2cbcaac8357f67f384949e035ad7c,0,,0,0,0,0,,,0,0,0,0
2023Q3,inner,0.001,full,,inner_selection,0.3,diagnostic,False,False,empty_validation,b03fdfb6c468ed86f79f8132e4b0a55961d2cbcaac8357f67f384949e035ad7c,0,,0,0,0,0,,,0,0,0,0
2023Q3,inner,0.001,full,,inner_selection,0.4,diagnostic,False,False,empty_validation,b03fdfb6c468ed86f79f8132e4b0a55961d2cbcaac8357f67f384949e035ad7c,0,,0,0,0,0,,,0,0,0,0
2023Q3,inner,0.001,full,,inner_selection,0.5,diagnostic,False,False,empty_validation,b03fdfb6c468ed86f79f8132e4b0a55961d2cbcaac8357f67f384949e035ad7c,0,,0,0,0,0,,,0,0,0,0
2023Q3,inner,0.001,sequential_0,0,phase_diagnostic,0.3,diagnostic,False,False,empty_validation,b03fdfb6c468ed86f79f8132e4b0a55961d2cbcaac8357f67f384949e035ad7c,0,,0,0,0,0,,,0,0,0,0
2023Q3,inner,0.001,sequential_0,0,phase_diagnostic,0.4,diagnostic,False,False,empty_validation,b03fdfb6c468ed86f79f8132e4b0a55961d2cbcaac8357f67f384949e035ad7c,0,,0,0,0,0,,,0,0,0,0
2023Q3,inner,0.001,sequential_0,0,phase_diagnostic,0.5,diagnostic,False,False,empty_validation,b03fdfb6c468ed86f79f8132e4b0a55961d2cbcaac8357f67f384949e035ad7c,0,,0,0,0,0,,,0,0,0,0
2023Q3,inner,0.001,sequential_0,0,inner_selection,0.3,diagnostic,False,False,empty_validation,b03fdfb6c468ed86f79f8132e4b0a55961d2cbcaac8357f67f384949e035ad7c,0,,0,0,0,0,,,0,0,0,0
2023Q3,inner,0.001,sequential_0,0,inner_selection,0.4,diagnostic,False,False,empty_validation,b03fdfb6c468ed86f79f8132e4b0a55961d2cbcaac8357f67f384949e035ad7c,0,,0,0,0,0,,,0,0,0,0
2023Q3,inner,0.001,sequential_0,0,inner_selection,0.5,diagnostic,False,False,empty_validation,b03fdfb6c468ed86f79f8132e4b0a55961d2cbcaac8357f67f384949e035ad7c,0,,0,0,0,0,,,0,0,0,0
2023Q3,inner,0.001,sequential_1,1,phase_diagnostic,0.3,diagnostic,False,False,empty_validation,b03fdfb6c468ed86f79f8132e4b0a55961d2cbcaac8357f67f384949e035ad7c,0,,0,0,0,0,,,0,0,0,0
2023Q3,inner,0.001,sequential_1,1,phase_diagnostic,0.4,diagnostic,False,False,empty_validation,b03fdfb6c468ed86f79f8132e4b0a55961d2cbcaac8357f67f384949e035ad7c,0,,0,0,0,0,,,0,0,0,0
2023Q3,inner,0.001,sequential_1,1,phase_diagnostic,0.5,diagnostic,False,False,empty_validation,b03fdfb6c468ed86f79f8132e4b0a55961d2cbcaac8357f67f384949e035ad7c,0,,0,0,0,0,,,0,0,0,0
2023Q3,inner,0.001,sequential_1,1,inner_selection,0.3,diagnostic,False,False,empty_validation,b03fdfb6c468ed86f79f8132e4b0a55961d2cbcaac8357f67f384949e035ad7c,0,,0,0,0,0,,,0,0,0,0
2023Q3,inner,0.001,sequential_1,1,inner_selection,0.4,diagnostic,False,False,empty_validation,b03fdfb6c468ed86f79f8132e4b0a55961d2cbcaac8357f67f384949e035ad7c,0,,0,0,0,0,,,0,0,0,0
2023Q3,inner,0.001,sequential_1,1,inner_selection,0.5,diagnostic,False,False,empty_validation,b03fdfb6c468ed86f79f8132e4b0a55961d2cbcaac8357f67f384949e035ad7c,0,,0,0,0,0,,,0,0,0,0
2023Q3,inner,0.001,uniform_0,0,phase_diagnostic,0.3,diagnostic,False,False,empty_validation,b03fdfb6c468ed86f79f8132e4b0a55961d2cbcaac8357f67f384949e035ad7c,0,,0,0,0,0,,,0,0,0,0
2023Q3,inner,0.001,uniform_0,0,phase_diagnostic,0.4,diagnostic,False,False,empty_validation,b03fdfb6c468ed86f79f8132e4b0a55961d2cbcaac8357f67f384949e035ad7c,0,,0,0,0,0,,,0,0,0,0
2023Q3,inner,0.001,uniform_0,0,phase_diagnostic,0.5,diagnostic,False,False,empty_validation,b03fdfb6c468ed86f79f8132e4b0a55961d2cbcaac8357f67f384949e035ad7c,0,,0,0,0,0,,,0,0,0,0
2023Q3,inner,0.001,uniform_0,0,inner_selection,0.3,diagnostic,False,False,empty_validation,b03fdfb6c468ed86f79f8132e4b0a55961d2cbcaac8357f67f384949e035ad7c,0,,0,0,0,0,,,0,0,0,0
2023Q3,inner,0.001,uniform_0,0,inner_selection,0.4,diagnostic,False,False,empty_validation,b03fdfb6c468ed86f79f8132e4b0a55961d2cbcaac8357f67f384949e035ad7c,0,,0,0,0,0,,,0,0,0,0
2023Q3,inner,0.001,uniform_0,0,inner_selection,0.5,diagnostic,False,False,empty_validation,b03fdfb6c468ed86f79f8132e4b0a55961d2cbcaac8357f67f384949e035ad7c,0,,0,0,0,0,,,0,0,0,0
2023Q3,inner,0.001,uniform_1,1,phase_diagnostic,0.3,diagnostic,False,False,empty_validation,b03fdfb6c468ed86f79f8132e4b0a55961d2cbcaac8357f67f384949e035ad7c,0,,0,0,0,0,,,0,0,0,0
2023Q3,inner,0.001,uniform_1,1,phase_diagnostic,0.4,diagnostic,False,False,empty_validation,b03fdfb6c468ed86f79f8132e4b0a55961d2cbcaac8357f67f384949e035ad7c,0,,0,0,0,0,,,0,0,0,0
2023Q3,inner,0.001,uniform_1,1,phase_diagnostic,0.5,diagnostic,False,False,empty_validation,b03fdfb6c468ed86f79f8132e4b0a55961d2cbcaac8357f67f384949e035ad7c,0,,0,0,0,0,,,0,0,0,0
2023Q3,inner,0.001,uniform_1,1,inner_selection,0.3,diagnostic,False,False,empty_validation,b03fdfb6c468ed86f79f8132e4b0a55961d2cbcaac8357f67f384949e035ad7c,0,,0,0,0,0,,,0,0,0,0
2023Q3,inner,0.001,uniform_1,1,inner_selection,0.4,diagnostic,False,False,empty_validation,b03fdfb6c468ed86f79f8132e4b0a55961d2cbcaac8357f67f384949e035ad7c,0,,0,0,0,0,,,0,0,0,0
2023Q3,inner,0.001,uniform_1,1,inner_selection,0.5,diagnostic,False,False,empty_validation,b03fdfb6c468ed86f79f8132e4b0a55961d2cbcaac8357f67f384949e035ad7c,0,,0,0,0,0,,,0,0,0,0
2023Q3,inner,0.001,weighted_constant,,phase_diagnostic,0.3,diagnostic,False,False,empty_validation,b03fdfb6c468ed86f79f8132e4b0a55961d2cbcaac8357f67f384949e035ad7c,0,,0,0,0,0,,,0,0,0,0
2023Q3,inner,0.001,weighted_constant,,phase_diagnostic,0.4,diagnostic,False,False,empty_validation,b03fdfb6c468ed86f79f8132e4b0a55961d2cbcaac8357f67f384949e035ad7c,0,,0,0,0,0,,,0,0,0,0
2023Q3,inner,0.001,weighted_constant,,phase_diagnostic,0.5,diagnostic,False,False,empty_validation,b03fdfb6c468ed86f79f8132e4b0a55961d2cbcaac8357f67f384949e035ad7c,0,,0,0,0,0,,,0,0,0,0
2023Q3,inner,0.001,weighted_constant,,inner_selection,0.3,diagnostic,False,False,empty_validation,b03fdfb6c468ed86f79f8132e4b0a55961d2cbcaac8357f67f384949e035ad7c,0,,0,0,0,0,,,0,0,0,0
2023Q3,inner,0.001,weighted_constant,,inner_selection,0.4,diagnostic,False,False,empty_validation,b03fdfb6c468ed86f79f8132e4b0a55961d2cbcaac8357f67f384949e035ad7c,0,,0,0,0,0,,,0,0,0,0
2023Q3,inner,0.001,weighted_constant,,inner_selection,0.5,diagnostic,False,False,empty_validation,b03fdfb6c468ed86f79f8132e4b0a55961d2cbcaac8357f67f384949e035ad7c,0,,0,0,0,0,,,0,0,0,0
2023Q3,inner,0.001,weighted_logistic,,phase_diagnostic,0.3,diagnostic,False,False,empty_validation,b03fdfb6c468ed86f79f8132e4b0a55961d2cbcaac8357f67f384949e035ad7c,0,,0,0,0,0,,,0,0,0,0
2023Q3,inner,0.001,weighted_logistic,,phase_diagnostic,0.4,diagnostic,False,False,empty_validation,b03fdfb6c468ed86f79f8132e4b0a55961d2cbcaac8357f67f384949e035ad7c,0,,0,0,0,0,,,0,0,0,0
2023Q3,inner,0.001,weighted_logistic,,phase_diagnostic,0.5,diagnostic,False,False,empty_validation,b03fdfb6c468ed86f79f8132e4b0a55961d2cbcaac8357f67f384949e035ad7c,0,,0,0,0,0,,,0,0,0,0
2023Q3,inner,0.001,weighted_logistic,,inner_selection,0.3,diagnostic,False,False,empty_validation,b03fdfb6c468ed86f79f8132e4b0a55961d2cbcaac8357f67f384949e035ad7c,0,,0,0,0,0,,,0,0,0,0
2023Q3,inner,0.001,weighted_logistic,,inner_selection,0.4,diagnostic,False,False,empty_validation,b03fdfb6c468ed86f79f8132e4b0a55961d2cbcaac8357f67f384949e035ad7c,0,,0,0,0,0,,,0,0,0,0
2023Q3,inner,0.001,weighted_logistic,,inner_selection,0.5,diagnostic,False,False,empty_validation,b03fdfb6c468ed86f79f8132e4b0a55961d2cbcaac8357f67f384949e035ad7c,0,,0,0,0,0,,,0,0,0,0
2023Q3,inner,temporal,full,,phase_diagnostic,0.3,diagnostic,False,False,no_validation_positives,2c37bfb69b9e266007253eef5a12d92c116220e2022b9881849bfd7c10b4558a,0,,0,0,3,0,,,3,3,3,0
2023Q3,inner,temporal,full,,phase_diagnostic,0.4,diagnostic,False,False,no_validation_positives,2c37bfb69b9e266007253eef5a12d92c116220e2022b9881849bfd7c10b4558a,0,,0,0,3,0,,,3,3,3,0
2023Q3,inner,temporal,full,,phase_diagnostic,0.5,diagnostic,False,False,no_validation_positives,2c37bfb69b9e266007253eef5a12d92c116220e2022b9881849bfd7c10b4558a,0,,0,0,3,0,,,3,3,3,0
2023Q3,inner,temporal,full,,inner_selection,0.3,diagnostic,False,False,no_validation_positives,2c37bfb69b9e266007253eef5a12d92c116220e2022b9881849bfd7c10b4558a,0,,0,0,3,0,,,3,3,3,0
2023Q3,inner,temporal,full,,inner_selection,0.4,diagnostic,False,False,no_validation_positives,2c37bfb69b9e266007253eef5a12d92c116220e2022b9881849bfd7c10b4558a,0,,0,0,3,0,,,3,3,3,0
2023Q3,inner,temporal,full,,inner_selection,0.5,diagnostic,False,False,no_validation_positives,2c37bfb69b9e266007253eef5a12d92c116220e2022b9881849bfd7c10b4558a,0,,0,0,3,0,,,3,3,3,0
2023Q3,inner,temporal,sequential_0,0,phase_diagnostic,0.3,diagnostic,False,False,no_validation_positives,2c37bfb69b9e266007253eef5a12d92c116220e2022b9881849bfd7c10b4558a,3,0.0,0,3,3,0,0.0,,0,3,0,0
2023Q3,inner,temporal,sequential_0,0,phase_diagnostic,0.4,diagnostic,False,False,no_validation_positives,2c37bfb69b9e266007253eef5a12d92c116220e2022b9881849bfd7c10b4558a,2,0.0,0,2,3,0,0.0,,1,3,1,0
2023Q3,inner,temporal,sequential_0,0,phase_diagnostic,0.5,diagnostic,False,False,no_validation_positives,2c37bfb69b9e266007253eef5a12d92c116220e2022b9881849bfd7c10b4558a,0,,0,0,3,0,,,3,3,3,0
2023Q3,inner,temporal,sequential_0,0,inner_selection,0.3,diagnostic,False,False,no_validation_positives,2c37bfb69b9e266007253eef5a12d92c116220e2022b9881849bfd7c10b4558a,3,0.0,0,3,3,0,0.0,,0,3,0,0
2023Q3,inner,temporal,sequential_0,0,inner_selection,0.4,diagnostic,False,False,no_validation_positives,2c37bfb69b9e266007253eef5a12d92c116220e2022b9881849bfd7c10b4558a,2,0.0,0,2,3,0,0.0,,1,3,1,0
2023Q3,inner,temporal,sequential_0,0,inner_selection,0.5,diagnostic,False,False,no_validation_positives,2c37bfb69b9e266007253eef5a12d92c116220e2022b9881849bfd7c10b4558a,0,,0,0,3,0,,,3,3,3,0
2023Q3,inner,temporal,sequential_1,1,phase_diagnostic,0.3,diagnostic,False,False,no_validation_positives,2c37bfb69b9e266007253eef5a12d92c116220e2022b9881849bfd7c10b4558a,3,0.0,0,3,3,0,0.0,,0,3,0,0
2023Q3,inner,temporal,sequential_1,1,phase_diagnostic,0.4,diagnostic,False,False,no_validation_positives,2c37bfb69b9e266007253eef5a12d92c116220e2022b9881849bfd7c10b4558a,0,,0,0,3,0,,,3,3,3,0
2023Q3,inner,temporal,sequential_1,1,phase_diagnostic,0.5,diagnostic,False,False,no_validation_positives,2c37bfb69b9e266007253eef5a12d92c116220e2022b9881849bfd7c10b4558a,0,,0,0,3,0,,,3,3,3,0
2023Q3,inner,temporal,sequential_1,1,inner_selection,0.3,diagnostic,False,False,no_validation_positives,2c37bfb69b9e266007253eef5a12d92c116220e2022b9881849bfd7c10b4558a,3,0.0,0,3,3,0,0.0,,0,3,0,0
2023Q3,inner,temporal,sequential_1,1,inner_selection,0.4,diagnostic,False,False,no_validation_positives,2c37bfb69b9e266007253eef5a12d92c116220e2022b9881849bfd7c10b4558a,0,,0,0,3,0,,,3,3,3,0
2023Q3,inner,temporal,sequential_1,1,inner_selection,0.5,diagnostic,False,False,no_validation_positives,2c37bfb69b9e266007253eef5a12d92c116220e2022b9881849bfd7c10b4558a,0,,0,0,3,0,,,3,3,3,0
2023Q3,inner,temporal,uniform_0,0,phase_diagnostic,0.3,diagnostic,False,False,no_validation_positives,2c37bfb69b9e266007253eef5a12d92c116220e2022b9881849bfd7c10b4558a,0,,0,0,3,0,,,3,3,3,0
2023Q3,inner,temporal,uniform_0,0,phase_diagnostic,0.4,diagnostic,False,False,no_validation_positives,2c37bfb69b9e266007253eef5a12d92c116220e2022b9881849bfd7c10b4558a,0,,0,0,3,0,,,3,3,3,0
2023Q3,inner,temporal,uniform_0,0,phase_diagnostic,0.5,diagnostic,False,False,no_validation_positives,2c37bfb69b9e266007253eef5a12d92c116220e2022b9881849bfd7c10b4558a,0,,0,0,3,0,,,3,3,3,0
2023Q3,inner,temporal,uniform_0,0,inner_selection,0.3,diagnostic,False,False,no_validation_positives,2c37bfb69b9e266007253eef5a12d92c116220e2022b9881849bfd7c10b4558a,0,,0,0,3,0,,,3,3,3,0
2023Q3,inner,temporal,uniform_0,0,inner_selection,0.4,diagnostic,False,False,no_validation_positives,2c37bfb69b9e266007253eef5a12d92c116220e2022b9881849bfd7c10b4558a,0,,0,0,3,0,,,3,3,3,0
2023Q3,inner,temporal,uniform_0,0,inner_selection,0.5,diagnostic,False,False,no_validation_positives,2c37bfb69b9e266007253eef5a12d92c116220e2022b9881849bfd7c10b4558a,0,,0,0,3,0,,,3,3,3,0
2023Q3,inner,temporal,uniform_1,1,phase_diagnostic,0.3,diagnostic,False,False,no_validation_positives,2c37bfb69b9e266007253eef5a12d92c116220e2022b9881849bfd7c10b4558a,1,0.0,0,1,3,0,0.0,,2,3,2,0
2023Q3,inner,temporal,uniform_1,1,phase_diagnostic,0.4,diagnostic,False,False,no_validation_positives,2c37bfb69b9e266007253eef5a12d92c116220e2022b9881849bfd7c10b4558a,0,,0,0,3,0,,,3,3,3,0
2023Q3,inner,temporal,uniform_1,1,phase_diagnostic,0.5,diagnostic,False,False,no_validation_positives,2c37bfb69b9e266007253eef5a12d92c116220e2022b9881849bfd7c10b4558a,0,,0,0,3,0,,,3,3,3,0
2023Q3,inner,temporal,uniform_1,1,inner_selection,0.3,diagnostic,False,False,no_validation_positives,2c37bfb69b9e266007253eef5a12d92c116220e2022b9881849bfd7c10b4558a,1,0.0,0,1,3,0,0.0,,2,3,2,0
2023Q3,inner,temporal,uniform_1,1,inner_selection,0.4,diagnostic,False,False,no_validation_positives,2c37bfb69b9e266007253eef5a12d92c116220e2022b9881849bfd7c10b4558a,0,,0,0,3,0,,,3,3,3,0
2023Q3,inner,temporal,uniform_1,1,inner_selection,0.5,diagnostic,False,False,no_validation_positives,2c37bfb69b9e266007253eef5a12d92c116220e2022b9881849bfd7c10b4558a,0,,0,0,3,0,,,3,3,3,0
2023Q3,inner,temporal,weighted_constant,,phase_diagnostic,0.3,diagnostic,False,False,no_validation_positives,2c37bfb69b9e266007253eef5a12d92c116220e2022b9881849bfd7c10b4558a,0,,0,0,3,0,,,3,3,3,0
2023Q3,inner,temporal,weighted_constant,,phase_diagnostic,0.4,diagnostic,False,False,no_validation_positives,2c37bfb69b9e266007253eef5a12d92c116220e2022b9881849bfd7c10b4558a,0,,0,0,3,0,,,3,3,3,0
2023Q3,inner,temporal,weighted_constant,,phase_diagnostic,0.5,diagnostic,False,False,no_validation_positives,2c37bfb69b9e266007253eef5a12d92c116220e2022b9881849bfd7c10b4558a,0,,0,0,3,0,,,3,3,3,0
2023Q3,inner,temporal,weighted_constant,,inner_selection,0.3,diagnostic,False,False,no_validation_positives,2c37bfb69b9e266007253eef5a12d92c116220e2022b9881849bfd7c10b4558a,0,,0,0,3,0,,,3,3,3,0
2023Q3,inner,temporal,weighted_constant,,inner_selection,0.4,diagnostic,False,False,no_validation_positives,2c37bfb69b9e266007253eef5a12d92c116220e2022b9881849bfd7c10b4558a,0,,0,0,3,0,,,3,3,3,0
2023Q3,inner,temporal,weighted_constant,,inner_selection,0.5,diagnostic,False,False,no_validation_positives,2c37bfb69b9e266007253eef5a12d92c116220e2022b9881849bfd7c10b4558a,0,,0,0,3,0,,,3,3,3,0
2023Q3,inner,temporal,weighted_logistic,,phase_diagnostic,0.3,diagnostic,False,False,no_validation_positives,2c37bfb69b9e266007253eef5a12d92c116220e2022b9881849bfd7c10b4558a,0,,0,0,3,0,,,3,3,3,0
2023Q3,inner,temporal,weighted_logistic,,phase_diagnostic,0.4,diagnostic,False,False,no_validation_positives,2c37bfb69b9e266007253eef5a12d92c116220e2022b9881849bfd7c10b4558a,0,,0,0,3,0,,,3,3,3,0
2023Q3,inner,temporal,weighted_logistic,,phase_diagnostic,0.5,diagnostic,False,False,no_validation_positives,2c37bfb69b9e266007253eef5a12d92c116220e2022b9881849bfd7c10b4558a,0,,0,0,3,0,,,3,3,3,0
2023Q3,inner,temporal,weighted_logistic,,inner_selection,0.3,diagnostic,False,False,no_validation_positives,2c37bfb69b9e266007253eef5a12d92c116220e2022b9881849bfd7c10b4558a,0,,0,0,3,0,,,3,3,3,0
2023Q3,inner,temporal,weighted_logistic,,inner_selection,0.4,diagnostic,False,False,no_validation_positives,2c37bfb69b9e266007253eef5a12d92c116220e2022b9881849bfd7c10b4558a,0,,0,0,3,0,,,3,3,3,0
2023Q3,inner,temporal,weighted_logistic,,inner_selection,0.5,diagnostic,False,False,no_validation_positives,2c37bfb69b9e266007253eef5a12d92c116220e2022b9881849bfd7c10b4558a,0,,0,0,3,0,,,3,3,3,0
2023Q3,refit,0.0005,full,,phase_diagnostic,0.3,diagnostic,False,False,empty_validation,b03fdfb6c468ed86f79f8132e4b0a55961d2cbcaac8357f67f384949e035ad7c,226,0.1375,519,171,1600,574,0.24336283185840707,0.09581881533101046,1948,2174,1429,55
2023Q3,refit,0.0005,full,,phase_diagnostic,0.4,diagnostic,False,False,empty_validation,b03fdfb6c468ed86f79f8132e4b0a55961d2cbcaac8357f67f384949e035ad7c,0,0.0,574,0,1600,574,,0.0,2174,2174,1600,0
2023Q3,refit,0.0005,full,,phase_diagnostic,0.5,diagnostic,False,False,empty_validation,b03fdfb6c468ed86f79f8132e4b0a55961d2cbcaac8357f67f384949e035ad7c,0,0.0,574,0,1600,574,,0.0,2174,2174,1600,0
2023Q3,refit,0.0005,full,,inner_selection,0.3,diagnostic,False,False,empty_validation,b03fdfb6c468ed86f79f8132e4b0a55961d2cbcaac8357f67f384949e035ad7c,0,,0,0,0,0,,,0,0,0,0
2023Q3,refit,0.0005,full,,inner_selection,0.4,diagnostic,False,False,empty_validation,b03fdfb6c468ed86f79f8132e4b0a55961d2cbcaac8357f67f384949e035ad7c,0,,0,0,0,0,,,0,0,0,0
2023Q3,refit,0.0005,full,,inner_selection,0.5,diagnostic,False,False,empty_validation,b03fdfb6c468ed86f79f8132e4b0a55961d2cbcaac8357f67f384949e035ad7c,0,,0,0,0,0,,,0,0,0,0
2023Q3,refit,0.0005,sequential_0,0,phase_diagnostic,0.3,diagnostic,False,False,empty_validation,b03fdfb6c468ed86f79f8132e4b0a55961d2cbcaac8357f67f384949e035ad7c,588,0.27882960413080893,412,426,1600,574,0.2755102040816326,0.28222996515679444,1586,2174,1174,162
2023Q3,refit,0.0005,sequential_0,0,phase_diagnostic,0.4,diagnostic,False,False,empty_validation,b03fdfb6c468ed86f79f8132e4b0a55961d2cbcaac8357f67f384949e035ad7c,27,0.009983361064891847,571,24,1600,574,0.1111111111111111,0.005226480836236934,2147,2174,1576,3
2023Q3,refit,0.0005,sequential_0,0,phase_diagnostic,0.5,diagnostic,False,False,empty_validation,b03fdfb6c468ed86f79f8132e4b0a55961d2cbcaac8357f67f384949e035ad7c,0,0.0,574,0,1600,574,,0.0,2174,2174,1600,0
2023Q3,refit,0.0005,sequential_0,0,inner_selection,0.3,diagnostic,False,False,empty_validation,b03fdfb6c468ed86f79f8132e4b0a55961d2cbcaac8357f67f384949e035ad7c,0,,0,0,0,0,,,0,0,0,0
2023Q3,refit,0.0005,sequential_0,0,inner_selection,0.4,diagnostic,False,False,empty_validation,b03fdfb6c468ed86f79f8132e4b0a55961d2cbcaac8357f67f384949e035ad7c,0,,0,0,0,0,,,0,0,0,0
2023Q3,refit,0.0005,sequential_0,0,inner_selection,0.5,diagnostic,False,False,empty_validation,b03fdfb6c468ed86f79f8132e4b0a55961d2cbcaac8357f67f384949e035ad7c,0,,0,0,0,0,,,0,0,0,0
2023Q3,refit,0.0005,sequential_1,1,phase_diagnostic,0.3,diagnostic,False,False,empty_validation,b03fdfb6c468ed86f79f8132e4b0a55961d2cbcaac8357f67f384949e035ad7c,813,0.3446286950252343,335,574,1600,574,0.2939729397293973,0.4163763066202091,1361,2174,1026,239
2023Q3,refit,0.0005,sequential_1,1,phase_diagnostic,0.4,diagnostic,False,False,empty_validation,b03fdfb6c468ed86f79f8132e4b0a55961d2cbcaac8357f67f384949e035ad7c,91,0.08421052631578947,546,63,1600,574,0.3076923076923077,0.04878048780487805,2083,2174,1537,28
2023Q3,refit,0.0005,sequential_1,1,phase_diagnostic,0.5,diagnostic,False,False,empty_validation,b03fdfb6c468ed86f79f8132e4b0a55961d2cbcaac8357f67f384949e035ad7c,4,0.006920415224913495,572,2,1600,574,0.5,0.003484320557491289,2170,2174,1598,2
2023Q3,refit,0.0005,sequential_1,1,inner_selection,0.3,diagnostic,False,False,empty_validation,b03fdfb6c468ed86f79f8132e4b0a55961d2cbcaac8357f67f384949e035ad7c,0,,0,0,0,0,,,0,0,0,0
2023Q3,refit,0.0005,sequential_1,1,inner_selection,0.4,diagnostic,False,False,empty_validation,b03fdfb6c468ed86f79f8132e4b0a55961d2cbcaac8357f67f384949e035ad7c,0,,0,0,0,0,,,0,0,0,0
2023Q3,refit,0.0005,sequential_1,1,inner_selection,0.5,diagnostic,False,False,empty_validation,b03fdfb6c468ed86f79f8132e4b0a55961d2cbcaac8357f67f384949e035ad7c,0,,0,0,0,0,,,0,0,0,0
2023Q3,refit,0.0005,uniform_0,0,phase_diagnostic,0.3,diagnostic,False,False,empty_validation,b03fdfb6c468ed86f79f8132e4b0a55961d2cbcaac8357f67f384949e035ad7c,871,0.33771626297577856,330,627,1600,574,0.2801377726750861,0.4250871080139373,1303,2174,973,244
2023Q3,refit,0.0005,uniform_0,0,phase_diagnostic,0.4,diagnostic,False,False,empty_validation,b03fdfb6c468ed86f79f8132e4b0a55961d2cbcaac8357f67f384949e035ad7c,44,0.03559870550161812,563,33,1600,574,0.25,0.01916376306620209,2130,2174,1567,11
2023Q3,refit,0.0005,uniform_0,0,phase_diagnostic,0.5,diagnostic,False,False,empty_validation,b03fdfb6c468ed86f79f8132e4b0a55961d2cbcaac8357f67f384949e035ad7c,0,0.0,574,0,1600,574,,0.0,2174,2174,1600,0
2023Q3,refit,0.0005,uniform_0,0,inner_selection,0.3,diagnostic,False,False,empty_validation,b03fdfb6c468ed86f79f8132e4b0a55961d2cbcaac8357f67f384949e035ad7c,0,,0,0,0,0,,,0,0,0,0
2023Q3,refit,0.0005,uniform_0,0,inner_selection,0.4,diagnostic,False,False,empty_validation,b03fdfb6c468ed86f79f8132e4b0a55961d2cbcaac8357f67f384949e035ad7c,0,,0,0,0,0,,,0,0,0,0
2023Q3,refit,0.0005,uniform_0,0,inner_selection,0.5,diagnostic,False,False,empty_validation,b03fdfb6c468ed86f79f8132e4b0a55961d2cbcaac8357f67f384949e035ad7c,0,,0,0,0,0,,,0,0,0,0
2023Q3,refit,0.0005,uniform_1,1,phase_diagnostic,0.3,diagnostic,False,False,empty_validation,b03fdfb6c468ed86f79f8132e4b0a55961d2cbcaac8357f67f384949e035ad7c,706,0.2671875,403,535,1600,574,0.24220963172804533,0.2979094076655052,1468,2174,1065,171
2023Q3,refit,0.0005,uniform_1,1,phase_diagnostic,0.4,diagnostic,False,False,empty_validation,b03fdfb6c468ed86f79f8132e4b0a55961d2cbcaac8357f67f384949e035ad7c,59,0.03475513428120063,563,48,1600,574,0.1864406779661017,0.01916376306620209,2115,2174,1552,11
2023Q3,refit,0.0005,uniform_1,1,phase_diagnostic,0.5,diagnostic,False,False,empty_validation,b03fdfb6c468ed86f79f8132e4b0a55961d2cbcaac8357f67f384949e035ad7c,6,0.010344827586206896,571,3,1600,574,0.5,0.005226480836236934,2168,2174,1597,3
2023Q3,refit,0.0005,uniform_1,1,inner_selection,0.3,diagnostic,False,False,empty_validation,b03fdfb6c468ed86f79f8132e4b0a55961d2cbcaac8357f67f384949e035ad7c,0,,0,0,0,0,,,0,0,0,0
2023Q3,refit,0.0005,uniform_1,1,inner_selection,0.4,diagnostic,False,False,empty_validation,b03fdfb6c468ed86f79f8132e4b0a55961d2cbcaac8357f67f384949e035ad7c,0,,0,0,0,0,,,0,0,0,0
2023Q3,refit,0.0005,uniform_1,1,inner_selection,0.5,diagnostic,False,False,empty_validation,b03fdfb6c468ed86f79f8132e4b0a55961d2cbcaac8357f67f384949e035ad7c,0,,0,0,0,0,,,0,0,0,0
2023Q3,refit,0.0005,weighted_constant,,phase_diagnostic,0.3,diagnostic,False,False,empty_validation,b03fdfb6c468ed86f79f8132e4b0a55961d2cbcaac8357f67f384949e035ad7c,0,0.0,574,0,1600,574,,0.0,2174,2174,1600,0
2023Q3,refit,0.0005,weighted_constant,,phase_diagnostic,0.4,diagnostic,False,False,empty_validation,b03fdfb6c468ed86f79f8132e4b0a55961d2cbcaac8357f67f384949e035ad7c,0,0.0,574,0,1600,574,,0.0,2174,2174,1600,0
2023Q3,refit,0.0005,weighted_constant,,phase_diagnostic,0.5,diagnostic,False,False,empty_validation,b03fdfb6c468ed86f79f8132e4b0a55961d2cbcaac8357f67f384949e035ad7c,0,0.0,574,0,1600,574,,0.0,2174,2174,1600,0
2023Q3,refit,0.0005,weighted_constant,,inner_selection,0.3,diagnostic,False,False,empty_validation,b03fdfb6c468ed86f79f8132e4b0a55961d2cbcaac8357f67f384949e035ad7c,0,,0,0,0,0,,,0,0,0,0
2023Q3,refit,0.0005,weighted_constant,,inner_selection,0.4,diagnostic,False,False,empty_validation,b03fdfb6c468ed86f79f8132e4b0a55961d2cbcaac8357f67f384949e035ad7c,0,,0,0,0,0,,,0,0,0,0
2023Q3,refit,0.0005,weighted_constant,,inner_selection,0.5,diagnostic,False,False,empty_validation,b03fdfb6c468ed86f79f8132e4b0a55961d2cbcaac8357f67f384949e035ad7c,0,,0,0,0,0,,,0,0,0,0
2023Q3,refit,0.0005,weighted_logistic,,phase_diagnostic,0.3,diagnostic,False,False,empty_validation,b03fdfb6c468ed86f79f8132e4b0a55961d2cbcaac8357f67f384949e035ad7c,360,0.26124197002141325,452,238,1600,574,0.3388888888888889,0.21254355400696864,1814,2174,1362,122
2023Q3,refit,0.0005,weighted_logistic,,phase_diagnostic,0.4,diagnostic,False,False,empty_validation,b03fdfb6c468ed86f79f8132e4b0a55961d2cbcaac8357f67f384949e035ad7c,0,0.0,574,0,1600,574,,0.0,2174,2174,1600,0
2023Q3,refit,0.0005,weighted_logistic,,phase_diagnostic,0.5,diagnostic,False,False,empty_validation,b03fdfb6c468ed86f79f8132e4b0a55961d2cbcaac8357f67f384949e035ad7c,0,0.0,574,0,1600,574,,0.0,2174,2174,1600,0
2023Q3,refit,0.0005,weighted_logistic,,inner_selection,0.3,diagnostic,False,False,empty_validation,b03fdfb6c468ed86f79f8132e4b0a55961d2cbcaac8357f67f384949e035ad7c,0,,0,0,0,0,,,0,0,0,0
2023Q3,refit,0.0005,weighted_logistic,,inner_selection,0.4,diagnostic,False,False,empty_validation,b03fdfb6c468ed86f79f8132e4b0a55961d2cbcaac8357f67f384949e035ad7c,0,,0,0,0,0,,,0,0,0,0
2023Q3,refit,0.0005,weighted_logistic,,inner_selection,0.5,diagnostic,False,False,empty_validation,b03fdfb6c468ed86f79f8132e4b0a55961d2cbcaac8357f67f384949e035ad7c,0,,0,0,0,0,,,0,0,0,0
2023Q3,refit,0.001,full,,phase_diagnostic,0.3,diagnostic,False,False,empty_validation,b03fdfb6c468ed86f79f8132e4b0a55961d2cbcaac8357f67f384949e035ad7c,65,0.1245136186770428,176,49,522,192,0.24615384615384617,0.08333333333333333,649,714,473,16
2023Q3,refit,0.001,full,,phase_diagnostic,0.4,diagnostic,False,False,empty_validation,b03fdfb6c468ed86f79f8132e4b0a55961d2cbcaac8357f67f384949e035ad7c,1,0.0,192,1,522,192,0.0,0.0,713,714,521,0
2023Q3,refit,0.001,full,,phase_diagnostic,0.5,diagnostic,False,False,empty_validation,b03fdfb6c468ed86f79f8132e4b0a55961d2cbcaac8357f67f384949e035ad7c,0,0.0,192,0,522,192,,0.0,714,714,522,0
2023Q3,refit,0.001,full,,inner_selection,0.3,diagnostic,False,False,empty_validation,b03fdfb6c468ed86f79f8132e4b0a55961d2cbcaac8357f67f384949e035ad7c,0,,0,0,0,0,,,0,0,0,0
2023Q3,refit,0.001,full,,inner_selection,0.4,diagnostic,False,False,empty_validation,b03fdfb6c468ed86f79f8132e4b0a55961d2cbcaac8357f67f384949e035ad7c,0,,0,0,0,0,,,0,0,0,0
2023Q3,refit,0.001,full,,inner_selection,0.5,diagnostic,False,False,empty_validation,b03fdfb6c468ed86f79f8132e4b0a55961d2cbcaac8357f67f384949e035ad7c,0,,0,0,0,0,,,0,0,0,0
2023Q3,refit,0.001,sequential_0,0,phase_diagnostic,0.3,diagnostic,False,False,empty_validation,b03fdfb6c468ed86f79f8132e4b0a55961d2cbcaac8357f67f384949e035ad7c,111,0.2508250825082508,154,73,522,192,0.34234234234234234,0.19791666666666666,603,714,449,38
2023Q3,refit,0.001,sequential_0,0,phase_diagnostic,0.4,diagnostic,False,False,empty_validation,b03fdfb6c468ed86f79f8132e4b0a55961d2cbcaac8357f67f384949e035ad7c,7,0.03015075376884422,189,4,522,192,0.42857142857142855,0.015625,707,714,518,3
2023Q3,refit,0.001,sequential_0,0,phase_diagnostic,0.5,diagnostic,False,False,empty_validation,b03fdfb6c468ed86f79f8132e4b0a55961d2cbcaac8357f67f384949e035ad7c,0,0.0,192,0,522,192,,0.0,714,714,522,0
2023Q3,refit,0.001,sequential_0,0,inner_selection,0.3,diagnostic,False,False,empty_validation,b03fdfb6c468ed86f79f8132e4b0a55961d2cbcaac8357f67f384949e035ad7c,0,,0,0,0,0,,,0,0,0,0
2023Q3,refit,0.001,sequential_0,0,inner_selection,0.4,diagnostic,False,False,empty_validation,b03fdfb6c468ed86f79f8132e4b0a55961d2cbcaac8357f67f384949e035ad7c,0,,0,0,0,0,,,0,0,0,0
2023Q3,refit,0.001,sequential_0,0,inner_selection,0.5,diagnostic,False,False,empty_validation,b03fdfb6c468ed86f79f8132e4b0a55961d2cbcaac8357f67f384949e035ad7c,0,,0,0,0,0,,,0,0,0,0
2023Q3,refit,0.001,sequential_1,1,phase_diagnostic,0.3,diagnostic,False,False,empty_validation,b03fdfb6c468ed86f79f8132e4b0a55961d2cbcaac8357f67f384949e035ad7c,183,0.26666666666666666,142,133,522,192,0.273224043715847,0.2604166666666667,531,714,389,50
2023Q3,refit,0.001,sequential_1,1,phase_diagnostic,0.4,diagnostic,False,False,empty_validation,b03fdfb6c468ed86f79f8132e4b0a55961d2cbcaac8357f67f384949e035ad7c,16,0.009615384615384616,191,15,522,192,0.0625,0.005208333333333333,698,714,507,1
2023Q3,refit,0.001,sequential_1,1,phase_diagnostic,0.5,diagnostic,False,False,empty_validation,b03fdfb6c468ed86f79f8132e4b0a55961d2cbcaac8357f67f384949e035ad7c,1,0.0,192,1,522,192,0.0,0.0,713,714,521,0
2023Q3,refit,0.001,sequential_1,1,inner_selection,0.3,diagnostic,False,False,empty_validation,b03fdfb6c468ed86f79f8132e4b0a55961d2cbcaac8357f67f384949e035ad7c,0,,0,0,0,0,,,0,0,0,0
2023Q3,refit,0.001,sequential_1,1,inner_selection,0.4,diagnostic,False,False,empty_validation,b03fdfb6c468ed86f79f8132e4b0a55961d2cbcaac8357f67f384949e035ad7c,0,,0,0,0,0,,,0,0,0,0
2023Q3,refit,0.001,sequential_1,1,inner_selection,0.5,diagnostic,False,False,empty_validation,b03fdfb6c468ed86f79f8132e4b0a55961d2cbcaac8357f67f384949e035ad7c,0,,0,0,0,0,,,0,0,0,0
2023Q3,refit,0.001,uniform_0,0,phase_diagnostic,0.3,diagnostic,False,False,empty_validation,b03fdfb6c468ed86f79f8132e4b0a55961d2cbcaac8357f67f384949e035ad7c,163,0.2704225352112676,144,115,522,192,0.294478527607362,0.25,551,714,407,48
2023Q3,refit,0.001,uniform_0,0,phase_diagnostic,0.4,diagnostic,False,False,empty_validation,b03fdfb6c468ed86f79f8132e4b0a55961d2cbcaac8357f67f384949e035ad7c,24,0.06481481481481481,185,17,522,192,0.2916666666666667,0.036458333333333336,690,714,505,7
2023Q3,refit,0.001,uniform_0,0,phase_diagnostic,0.5,diagnostic,False,False,empty_validation,b03fdfb6c468ed86f79f8132e4b0a55961d2cbcaac8357f67f384949e035ad7c,6,0.020202020202020204,190,4,522,192,0.3333333333333333,0.010416666666666666,708,714,518,2
2023Q3,refit,0.001,uniform_0,0,inner_selection,0.3,diagnostic,False,False,empty_validation,b03fdfb6c468ed86f79f8132e4b0a55961d2cbcaac8357f67f384949e035ad7c,0,,0,0,0,0,,,0,0,0,0
2023Q3,refit,0.001,uniform_0,0,inner_selection,0.4,diagnostic,False,False,empty_validation,b03fdfb6c468ed86f79f8132e4b0a55961d2cbcaac8357f67f384949e035ad7c,0,,0,0,0,0,,,0,0,0,0
2023Q3,refit,0.001,uniform_0,0,inner_selection,0.5,diagnostic,False,False,empty_validation,b03fdfb6c468ed86f79f8132e4b0a55961d2cbcaac8357f67f384949e035ad7c,0,,0,0,0,0,,,0,0,0,0
2023Q3,refit,0.001,uniform_1,1,phase_diagnostic,0.3,diagnostic,False,False,empty_validation,b03fdfb6c468ed86f79f8132e4b0a55961d2cbcaac8357f67f384949e035ad7c,154,0.24855491329479767,149,111,522,192,0.2792207792207792,0.22395833333333334,560,714,411,43
2023Q3,refit,0.001,uniform_1,1,phase_diagnostic,0.4,diagnostic,False,False,empty_validation,b03fdfb6c468ed86f79f8132e4b0a55961d2cbcaac8357f67f384949e035ad7c,9,0.009950248756218905,191,8,522,192,0.1111111111111111,0.005208333333333333,705,714,514,1
2023Q3,refit,0.001,uniform_1,1,phase_diagnostic,0.5,diagnostic,False,False,empty_validation,b03fdfb6c468ed86f79f8132e4b0a55961d2cbcaac8357f67f384949e035ad7c,0,0.0,192,0,522,192,,0.0,714,714,522,0
2023Q3,refit,0.001,uniform_1,1,inner_selection,0.3,diagnostic,False,False,empty_validation,b03fdfb6c468ed86f79f8132e4b0a55961d2cbcaac8357f67f384949e035ad7c,0,,0,0,0,0,,,0,0,0,0
2023Q3,refit,0.001,uniform_1,1,inner_selection,0.4,diagnostic,False,False,empty_validation,b03fdfb6c468ed86f79f8132e4b0a55961d2cbcaac8357f67f384949e035ad7c,0,,0,0,0,0,,,0,0,0,0
2023Q3,refit,0.001,uniform_1,1,inner_selection,0.5,diagnostic,False,False,empty_validation,b03fdfb6c468ed86f79f8132e4b0a55961d2cbcaac8357f67f384949e035ad7c,0,,0,0,0,0,,,0,0,0,0
2023Q3,refit,0.001,weighted_constant,,phase_diagnostic,0.3,diagnostic,False,False,empty_validation,b03fdfb6c468ed86f79f8132e4b0a55961d2cbcaac8357f67f384949e035ad7c,0,0.0,192,0,522,192,,0.0,714,714,522,0
2023Q3,refit,0.001,weighted_constant,,phase_diagnostic,0.4,diagnostic,False,False,empty_validation,b03fdfb6c468ed86f79f8132e4b0a55961d2cbcaac8357f67f384949e035ad7c,0,0.0,192,0,522,192,,0.0,714,714,522,0
2023Q3,refit,0.001,weighted_constant,,phase_diagnostic,0.5,diagnostic,False,False,empty_validation,b03fdfb6c468ed86f79f8132e4b0a55961d2cbcaac8357f67f384949e035ad7c,0,0.0,192,0,522,192,,0.0,714,714,522,0
2023Q3,refit,0.001,weighted_constant,,inner_selection,0.3,diagnostic,False,False,empty_validation,b03fdfb6c468ed86f79f8132e4b0a55961d2cbcaac8357f67f384949e035ad7c,0,,0,0,0,0,,,0,0,0,0
2023Q3,refit,0.001,weighted_constant,,inner_selection,0.4,diagnostic,False,False,empty_validation,b03fdfb6c468ed86f79f8132e4b0a55961d2cbcaac8357f67f384949e035ad7c,0,,0,0,0,0,,,0,0,0,0
2023Q3,refit,0.001,weighted_constant,,inner_selection,0.5,diagnostic,False,False,empty_validation,b03fdfb6c468ed86f79f8132e4b0a55961d2cbcaac8357f67f384949e035ad7c,0,,0,0,0,0,,,0,0,0,0
2023Q3,refit,0.001,weighted_logistic,,phase_diagnostic,0.3,diagnostic,False,False,empty_validation,b03fdfb6c468ed86f79f8132e4b0a55961d2cbcaac8357f67f384949e035ad7c,52,0.13114754098360656,176,36,522,192,0.3076923076923077,0.08333333333333333,662,714,486,16
2023Q3,refit,0.001,weighted_logistic,,phase_diagnostic,0.4,diagnostic,False,False,empty_validation,b03fdfb6c468ed86f79f8132e4b0a55961d2cbcaac8357f67f384949e035ad7c,0,0.0,192,0,522,192,,0.0,714,714,522,0
2023Q3,refit,0.001,weighted_logistic,,phase_diagnostic,0.5,diagnostic,False,False,empty_validation,b03fdfb6c468ed86f79f8132e4b0a55961d2cbcaac8357f67f384949e035ad7c,0,0.0,192,0,522,192,,0.0,714,714,522,0
2023Q3,refit,0.001,weighted_logistic,,inner_selection,0.3,diagnostic,False,False,empty_validation,b03fdfb6c468ed86f79f8132e4b0a55961d2cbcaac8357f67f384949e035ad7c,0,,0,0,0,0,,,0,0,0,0
2023Q3,refit,0.001,weighted_logistic,,inner_selection,0.4,diagnostic,False,False,empty_validation,b03fdfb6c468ed86f79f8132e4b0a55961d2cbcaac8357f67f384949e035ad7c,0,,0,0,0,0,,,0,0,0,0
2023Q3,refit,0.001,weighted_logistic,,inner_selection,0.5,diagnostic,False,False,empty_validation,b03fdfb6c468ed86f79f8132e4b0a55961d2cbcaac8357f67f384949e035ad7c,0,,0,0,0,0,,,0,0,0,0
2023Q3,refit,temporal,full,,phase_diagnostic,0.3,diagnostic,False,False,no_validation_positives,2c37bfb69b9e266007253eef5a12d92c116220e2022b9881849bfd7c10b4558a,1641,0.0598884729967153,11058,1249,30751,11450,0.238878732480195,0.03423580786026201,40560,42201,29502,392
2023Q3,refit,temporal,full,,phase_diagnostic,0.4,diagnostic,False,False,no_validation_positives,2c37bfb69b9e266007253eef5a12d92c116220e2022b9881849bfd7c10b4558a,0,0.0,11450,0,30751,11450,,0.0,42201,42201,30751,0
2023Q3,refit,temporal,full,,phase_diagnostic,0.5,diagnostic,False,False,no_validation_positives,2c37bfb69b9e266007253eef5a12d92c116220e2022b9881849bfd7c10b4558a,0,0.0,11450,0,30751,11450,,0.0,42201,42201,30751,0
2023Q3,refit,temporal,full,,inner_selection,0.3,diagnostic,False,False,no_validation_positives,2c37bfb69b9e266007253eef5a12d92c116220e2022b9881849bfd7c10b4558a,0,,0,0,3,0,,,3,3,3,0
2023Q3,refit,temporal,full,,inner_selection,0.4,diagnostic,False,False,no_validation_positives,2c37bfb69b9e266007253eef5a12d92c116220e2022b9881849bfd7c10b4558a,0,,0,0,3,0,,,3,3,3,0
2023Q3,refit,temporal,full,,inner_selection,0.5,diagnostic,False,False,no_validation_positives,2c37bfb69b9e266007253eef5a12d92c116220e2022b9881849bfd7c10b4558a,0,,0,0,3,0,,,3,3,3,0
2023Q3,refit,temporal,sequential_0,0,phase_diagnostic,0.3,diagnostic,False,False,no_validation_positives,2c37bfb69b9e266007253eef5a12d92c116220e2022b9881849bfd7c10b4558a,17384,0.3461191648748006,6460,12394,30751,11450,0.28704555913483665,0.43580786026200874,24817,42201,18357,4990
2023Q3,refit,temporal,sequential_0,0,phase_diagnostic,0.4,diagnostic,False,False,no_validation_positives,2c37bfb69b9e266007253eef5a12d92c116220e2022b9881849bfd7c10b4558a,2685,0.12564556066501592,10562,1797,30751,11450,0.3307262569832402,0.07755458515283843,39516,42201,28954,888
2023Q3,refit,temporal,sequential_0,0,phase_diagnostic,0.5,diagnostic,False,False,no_validation_positives,2c37bfb69b9e266007253eef5a12d92c116220e2022b9881849bfd7c10b4558a,93,0.006930607294464177,11410,53,30751,11450,0.43010752688172044,0.0034934497816593887,42108,42201,30698,40
2023Q3,refit,temporal,sequential_0,0,inner_selection,0.3,diagnostic,False,False,no_validation_positives,2c37bfb69b9e266007253eef5a12d92c116220e2022b9881849bfd7c10b4558a,3,0.0,0,3,3,0,0.0,,0,3,0,0
2023Q3,refit,temporal,sequential_0,0,inner_selection,0.4,diagnostic,False,False,no_validation_positives,2c37bfb69b9e266007253eef5a12d92c116220e2022b9881849bfd7c10b4558a,2,0.0,0,2,3,0,0.0,,1,3,1,0
2023Q3,refit,temporal,sequential_0,0,inner_selection,0.5,diagnostic,False,False,no_validation_positives,2c37bfb69b9e266007253eef5a12d92c116220e2022b9881849bfd7c10b4558a,0,,0,0,3,0,,,3,3,3,0
2023Q3,refit,temporal,sequential_1,1,phase_diagnostic,0.3,diagnostic,False,False,no_validation_positives,2c37bfb69b9e266007253eef5a12d92c116220e2022b9881849bfd7c10b4558a,7894,0.21236559139784947,9396,5840,30751,11450,0.26019761844438816,0.1793886462882096,34307,42201,24911,2054
2023Q3,refit,temporal,sequential_1,1,phase_diagnostic,0.4,diagnostic,False,False,no_validation_positives,2c37bfb69b9e266007253eef5a12d92c116220e2022b9881849bfd7c10b4558a,232,0.0063345317582605715,11413,195,30751,11450,0.15948275862068967,0.0032314410480349344,41969,42201,30556,37
2023Q3,refit,temporal,sequential_1,1,phase_diagnostic,0.5,diagnostic,False,False,no_validation_positives,2c37bfb69b9e266007253eef5a12d92c116220e2022b9881849bfd7c10b4558a,13,0.0,11450,13,30751,11450,0.0,0.0,42188,42201,30738,0
2023Q3,refit,temporal,sequential_1,1,inner_selection,0.3,diagnostic,False,False,no_validation_positives,2c37bfb69b9e266007253eef5a12d92c116220e2022b9881849bfd7c10b4558a,3,0.0,0,3,3,0,0.0,,0,3,0,0
2023Q3,refit,temporal,sequential_1,1,inner_selection,0.4,diagnostic,False,False,no_validation_positives,2c37bfb69b9e266007253eef5a12d92c116220e2022b9881849bfd7c10b4558a,0,,0,0,3,0,,,3,3,3,0
2023Q3,refit,temporal,sequential_1,1,inner_selection,0.5,diagnostic,False,False,no_validation_positives,2c37bfb69b9e266007253eef5a12d92c116220e2022b9881849bfd7c10b4558a,0,,0,0,3,0,,,3,3,3,0
2023Q3,refit,temporal,uniform_0,0,phase_diagnostic,0.3,diagnostic,False,False,no_validation_positives,2c37bfb69b9e266007253eef5a12d92c116220e2022b9881849bfd7c10b4558a,9126,0.2615668740279938,8759,6435,30751,11450,0.2948717948717949,0.23502183406113536,33075,42201,24316,2691
2023Q3,refit,temporal,uniform_0,0,phase_diagnostic,0.4,diagnostic,False,False,no_validation_positives,2c37bfb69b9e266007253eef5a12d92c116220e2022b9881849bfd7c10b4558a,350,0.015593220338983051,11358,258,30751,11450,0.26285714285714284,0.008034934497816594,41851,42201,30493,92
2023Q3,refit,temporal,uniform_0,0,phase_diagnostic,0.5,diagnostic,False,False,no_validation_positives,2c37bfb69b9e266007253eef5a12d92c116220e2022b9881849bfd7c10b4558a,34,0.0013932427725531174,11442,26,30751,11450,0.23529411764705882,0.0006986899563318777,42167,42201,30725,8
2023Q3,refit,temporal,uniform_0,0,inner_selection,0.3,diagnostic,False,False,no_validation_positives,2c37bfb69b9e266007253eef5a12d92c116220e2022b9881849bfd7c10b4558a,0,,0,0,3,0,,,3,3,3,0
2023Q3,refit,temporal,uniform_0,0,inner_selection,0.4,diagnostic,False,False,no_validation_positives,2c37bfb69b9e266007253eef5a12d92c116220e2022b9881849bfd7c10b4558a,0,,0,0,3,0,,,3,3,3,0
2023Q3,refit,temporal,uniform_0,0,inner_selection,0.5,diagnostic,False,False,no_validation_positives,2c37bfb69b9e266007253eef5a12d92c116220e2022b9881849bfd7c10b4558a,0,,0,0,3,0,,,3,3,3,0
2023Q3,refit,temporal,uniform_1,1,phase_diagnostic,0.3,diagnostic,False,False,no_validation_positives,2c37bfb69b9e266007253eef5a12d92c116220e2022b9881849bfd7c10b4558a,9832,0.26463678225730664,8634,7016,30751,11450,0.28641171684296174,0.24593886462882097,32369,42201,23735,2816
2023Q3,refit,temporal,uniform_1,1,phase_diagnostic,0.4,diagnostic,False,False,no_validation_positives,2c37bfb69b9e266007253eef5a12d92c116220e2022b9881849bfd7c10b4558a,212,0.017149717029669012,11350,112,30751,11450,0.4716981132075472,0.008733624454148471,41989,42201,30639,100
2023Q3,refit,temporal,uniform_1,1,phase_diagnostic,0.5,diagnostic,False,False,no_validation_positives,2c37bfb69b9e266007253eef5a12d92c116220e2022b9881849bfd7c10b4558a,4,0.00017461148943600488,11449,3,30751,11450,0.25,8.733624454148471e-05,42197,42201,30748,1
2023Q3,refit,temporal,uniform_1,1,inner_selection,0.3,diagnostic,False,False,no_validation_positives,2c37bfb69b9e266007253eef5a12d92c116220e2022b9881849bfd7c10b4558a,1,0.0,0,1,3,0,0.0,,2,3,2,0
2023Q3,refit,temporal,uniform_1,1,inner_selection,0.4,diagnostic,False,False,no_validation_positives,2c37bfb69b9e266007253eef5a12d92c116220e2022b9881849bfd7c10b4558a,0,,0,0,3,0,,,3,3,3,0
2023Q3,refit,temporal,uniform_1,1,inner_selection,0.5,diagnostic,False,False,no_validation_positives,2c37bfb69b9e266007253eef5a12d92c116220e2022b9881849bfd7c10b4558a,0,,0,0,3,0,,,3,3,3,0
2023Q3,refit,temporal,weighted_constant,,phase_diagnostic,0.3,diagnostic,False,False,no_validation_positives,2c37bfb69b9e266007253eef5a12d92c116220e2022b9881849bfd7c10b4558a,0,0.0,11450,0,30751,11450,,0.0,42201,42201,30751,0
2023Q3,refit,temporal,weighted_constant,,phase_diagnostic,0.4,diagnostic,False,False,no_validation_positives,2c37bfb69b9e266007253eef5a12d92c116220e2022b9881849bfd7c10b4558a,0,0.0,11450,0,30751,11450,,0.0,42201,42201,30751,0
2023Q3,refit,temporal,weighted_constant,,phase_diagnostic,0.5,diagnostic,False,False,no_validation_positives,2c37bfb69b9e266007253eef5a12d92c116220e2022b9881849bfd7c10b4558a,0,0.0,11450,0,30751,11450,,0.0,42201,42201,30751,0
2023Q3,refit,temporal,weighted_constant,,inner_selection,0.3,diagnostic,False,False,no_validation_positives,2c37bfb69b9e266007253eef5a12d92c116220e2022b9881849bfd7c10b4558a,0,,0,0,3,0,,,3,3,3,0
2023Q3,refit,temporal,weighted_constant,,inner_selection,0.4,diagnostic,False,False,no_validation_positives,2c37bfb69b9e266007253eef5a12d92c116220e2022b9881849bfd7c10b4558a,0,,0,0,3,0,,,3,3,3,0
2023Q3,refit,temporal,weighted_constant,,inner_selection,0.5,diagnostic,False,False,no_validation_positives,2c37bfb69b9e266007253eef5a12d92c116220e2022b9881849bfd7c10b4558a,0,,0,0,3,0,,,3,3,3,0
2023Q3,refit,temporal,weighted_logistic,,phase_diagnostic,0.3,diagnostic,False,False,no_validation_positives,2c37bfb69b9e266007253eef5a12d92c116220e2022b9881849bfd7c10b4558a,8571,0.28560011987413214,8591,5712,30751,11450,0.3335666783339167,0.2496943231441048,33630,42201,25039,2859
2023Q3,refit,temporal,weighted_logistic,,phase_diagnostic,0.4,diagnostic,False,False,no_validation_positives,2c37bfb69b9e266007253eef5a12d92c116220e2022b9881849bfd7c10b4558a,0,0.0,11450,0,30751,11450,,0.0,42201,42201,30751,0
2023Q3,refit,temporal,weighted_logistic,,phase_diagnostic,0.5,diagnostic,False,False,no_validation_positives,2c37bfb69b9e266007253eef5a12d92c116220e2022b9881849bfd7c10b4558a,0,0.0,11450,0,30751,11450,,0.0,42201,42201,30751,0
2023Q3,refit,temporal,weighted_logistic,,inner_selection,0.3,diagnostic,False,False,no_validation_positives,2c37bfb69b9e266007253eef5a12d92c116220e2022b9881849bfd7c10b4558a,0,,0,0,3,0,,,3,3,3,0
2023Q3,refit,temporal,weighted_logistic,,inner_selection,0.4,diagnostic,False,False,no_validation_positives,2c37bfb69b9e266007253eef5a12d92c116220e2022b9881849bfd7c10b4558a,0,,0,0,3,0,,,3,3,3,0
2023Q3,refit,temporal,weighted_logistic,,inner_selection,0.5,diagnostic,False,False,no_validation_positives,2c37bfb69b9e266007253eef5a12d92c116220e2022b9881849bfd7c10b4558a,0,,0,0,3,0,,,3,3,3,0
2023Q4,inner,0.0005,full,,phase_diagnostic,0.3,diagnostic,True,True,,df3839d993014bdd82b63a49c72c90bf2a6fac22119784ba038d88313609638e,226,0.1375,519,171,1600,574,0.24336283185840707,0.09581881533101046,1948,2174,1429,55
2023Q4,inner,0.0005,full,,phase_diagnostic,0.4,diagnostic,False,True,,df3839d993014bdd82b63a49c72c90bf2a6fac22119784ba038d88313609638e,0,0.0,574,0,1600,574,,0.0,2174,2174,1600,0
2023Q4,inner,0.0005,full,,phase_diagnostic,0.5,diagnostic,False,True,,df3839d993014bdd82b63a49c72c90bf2a6fac22119784ba038d88313609638e,0,0.0,574,0,1600,574,,0.0,2174,2174,1600,0
2023Q4,inner,0.0005,full,,inner_selection,0.3,diagnostic,True,True,,df3839d993014bdd82b63a49c72c90bf2a6fac22119784ba038d88313609638e,226,0.1375,519,171,1600,574,0.24336283185840707,0.09581881533101046,1948,2174,1429,55
2023Q4,inner,0.0005,full,,inner_selection,0.4,diagnostic,False,True,,df3839d993014bdd82b63a49c72c90bf2a6fac22119784ba038d88313609638e,0,0.0,574,0,1600,574,,0.0,2174,2174,1600,0
2023Q4,inner,0.0005,full,,inner_selection,0.5,diagnostic,False,True,,df3839d993014bdd82b63a49c72c90bf2a6fac22119784ba038d88313609638e,0,0.0,574,0,1600,574,,0.0,2174,2174,1600,0
2023Q4,inner,0.0005,sequential_0,0,phase_diagnostic,0.3,diagnostic,True,True,,df3839d993014bdd82b63a49c72c90bf2a6fac22119784ba038d88313609638e,588,0.27882960413080893,412,426,1600,574,0.2755102040816326,0.28222996515679444,1586,2174,1174,162
2023Q4,inner,0.0005,sequential_0,0,phase_diagnostic,0.4,diagnostic,False,True,,df3839d993014bdd82b63a49c72c90bf2a6fac22119784ba038d88313609638e,27,0.009983361064891847,571,24,1600,574,0.1111111111111111,0.005226480836236934,2147,2174,1576,3
2023Q4,inner,0.0005,sequential_0,0,phase_diagnostic,0.5,diagnostic,False,True,,df3839d993014bdd82b63a49c72c90bf2a6fac22119784ba038d88313609638e,0,0.0,574,0,1600,574,,0.0,2174,2174,1600,0
2023Q4,inner,0.0005,sequential_0,0,inner_selection,0.3,diagnostic,True,True,,df3839d993014bdd82b63a49c72c90bf2a6fac22119784ba038d88313609638e,588,0.27882960413080893,412,426,1600,574,0.2755102040816326,0.28222996515679444,1586,2174,1174,162
2023Q4,inner,0.0005,sequential_0,0,inner_selection,0.4,diagnostic,False,True,,df3839d993014bdd82b63a49c72c90bf2a6fac22119784ba038d88313609638e,27,0.009983361064891847,571,24,1600,574,0.1111111111111111,0.005226480836236934,2147,2174,1576,3
2023Q4,inner,0.0005,sequential_0,0,inner_selection,0.5,diagnostic,False,True,,df3839d993014bdd82b63a49c72c90bf2a6fac22119784ba038d88313609638e,0,0.0,574,0,1600,574,,0.0,2174,2174,1600,0
2023Q4,inner,0.0005,sequential_1,1,phase_diagnostic,0.3,diagnostic,True,True,,df3839d993014bdd82b63a49c72c90bf2a6fac22119784ba038d88313609638e,813,0.3446286950252343,335,574,1600,574,0.2939729397293973,0.4163763066202091,1361,2174,1026,239
2023Q4,inner,0.0005,sequential_1,1,phase_diagnostic,0.4,diagnostic,False,True,,df3839d993014bdd82b63a49c72c90bf2a6fac22119784ba038d88313609638e,91,0.08421052631578947,546,63,1600,574,0.3076923076923077,0.04878048780487805,2083,2174,1537,28
2023Q4,inner,0.0005,sequential_1,1,phase_diagnostic,0.5,diagnostic,False,True,,df3839d993014bdd82b63a49c72c90bf2a6fac22119784ba038d88313609638e,4,0.006920415224913495,572,2,1600,574,0.5,0.003484320557491289,2170,2174,1598,2
2023Q4,inner,0.0005,sequential_1,1,inner_selection,0.3,diagnostic,True,True,,df3839d993014bdd82b63a49c72c90bf2a6fac22119784ba038d88313609638e,813,0.3446286950252343,335,574,1600,574,0.2939729397293973,0.4163763066202091,1361,2174,1026,239
2023Q4,inner,0.0005,sequential_1,1,inner_selection,0.4,diagnostic,False,True,,df3839d993014bdd82b63a49c72c90bf2a6fac22119784ba038d88313609638e,91,0.08421052631578947,546,63,1600,574,0.3076923076923077,0.04878048780487805,2083,2174,1537,28
2023Q4,inner,0.0005,sequential_1,1,inner_selection,0.5,diagnostic,False,True,,df3839d993014bdd82b63a49c72c90bf2a6fac22119784ba038d88313609638e,4,0.006920415224913495,572,2,1600,574,0.5,0.003484320557491289,2170,2174,1598,2
2023Q4,inner,0.0005,uniform_0,0,phase_diagnostic,0.3,diagnostic,True,True,,df3839d993014bdd82b63a49c72c90bf2a6fac22119784ba038d88313609638e,871,0.33771626297577856,330,627,1600,574,0.2801377726750861,0.4250871080139373,1303,2174,973,244
2023Q4,inner,0.0005,uniform_0,0,phase_diagnostic,0.4,diagnostic,False,True,,df3839d993014bdd82b63a49c72c90bf2a6fac22119784ba038d88313609638e,44,0.03559870550161812,563,33,1600,574,0.25,0.01916376306620209,2130,2174,1567,11
2023Q4,inner,0.0005,uniform_0,0,phase_diagnostic,0.5,diagnostic,False,True,,df3839d993014bdd82b63a49c72c90bf2a6fac22119784ba038d88313609638e,0,0.0,574,0,1600,574,,0.0,2174,2174,1600,0
2023Q4,inner,0.0005,uniform_0,0,inner_selection,0.3,diagnostic,True,True,,df3839d993014bdd82b63a49c72c90bf2a6fac22119784ba038d88313609638e,871,0.33771626297577856,330,627,1600,574,0.2801377726750861,0.4250871080139373,1303,2174,973,244
2023Q4,inner,0.0005,uniform_0,0,inner_selection,0.4,diagnostic,False,True,,df3839d993014bdd82b63a49c72c90bf2a6fac22119784ba038d88313609638e,44,0.03559870550161812,563,33,1600,574,0.25,0.01916376306620209,2130,2174,1567,11
2023Q4,inner,0.0005,uniform_0,0,inner_selection,0.5,diagnostic,False,True,,df3839d993014bdd82b63a49c72c90bf2a6fac22119784ba038d88313609638e,0,0.0,574,0,1600,574,,0.0,2174,2174,1600,0
2023Q4,inner,0.0005,uniform_1,1,phase_diagnostic,0.3,diagnostic,True,True,,df3839d993014bdd82b63a49c72c90bf2a6fac22119784ba038d88313609638e,706,0.2671875,403,535,1600,574,0.24220963172804533,0.2979094076655052,1468,2174,1065,171
2023Q4,inner,0.0005,uniform_1,1,phase_diagnostic,0.4,diagnostic,False,True,,df3839d993014bdd82b63a49c72c90bf2a6fac22119784ba038d88313609638e,59,0.03475513428120063,563,48,1600,574,0.1864406779661017,0.01916376306620209,2115,2174,1552,11
2023Q4,inner,0.0005,uniform_1,1,phase_diagnostic,0.5,diagnostic,False,True,,df3839d993014bdd82b63a49c72c90bf2a6fac22119784ba038d88313609638e,6,0.010344827586206896,571,3,1600,574,0.5,0.005226480836236934,2168,2174,1597,3
2023Q4,inner,0.0005,uniform_1,1,inner_selection,0.3,diagnostic,True,True,,df3839d993014bdd82b63a49c72c90bf2a6fac22119784ba038d88313609638e,706,0.2671875,403,535,1600,574,0.24220963172804533,0.2979094076655052,1468,2174,1065,171
2023Q4,inner,0.0005,uniform_1,1,inner_selection,0.4,diagnostic,False,True,,df3839d993014bdd82b63a49c72c90bf2a6fac22119784ba038d88313609638e,59,0.03475513428120063,563,48,1600,574,0.1864406779661017,0.01916376306620209,2115,2174,1552,11
2023Q4,inner,0.0005,uniform_1,1,inner_selection,0.5,diagnostic,False,True,,df3839d993014bdd82b63a49c72c90bf2a6fac22119784ba038d88313609638e,6,0.010344827586206896,571,3,1600,574,0.5,0.005226480836236934,2168,2174,1597,3
2023Q4,inner,0.0005,weighted_constant,,phase_diagnostic,0.3,diagnostic,False,True,,df3839d993014bdd82b63a49c72c90bf2a6fac22119784ba038d88313609638e,0,0.0,574,0,1600,574,,0.0,2174,2174,1600,0
2023Q4,inner,0.0005,weighted_constant,,phase_diagnostic,0.4,diagnostic,False,True,,df3839d993014bdd82b63a49c72c90bf2a6fac22119784ba038d88313609638e,0,0.0,574,0,1600,574,,0.0,2174,2174,1600,0
2023Q4,inner,0.0005,weighted_constant,,phase_diagnostic,0.5,diagnostic,True,True,,df3839d993014bdd82b63a49c72c90bf2a6fac22119784ba038d88313609638e,0,0.0,574,0,1600,574,,0.0,2174,2174,1600,0
2023Q4,inner,0.0005,weighted_constant,,inner_selection,0.3,diagnostic,False,True,,df3839d993014bdd82b63a49c72c90bf2a6fac22119784ba038d88313609638e,0,0.0,574,0,1600,574,,0.0,2174,2174,1600,0
2023Q4,inner,0.0005,weighted_constant,,inner_selection,0.4,diagnostic,False,True,,df3839d993014bdd82b63a49c72c90bf2a6fac22119784ba038d88313609638e,0,0.0,574,0,1600,574,,0.0,2174,2174,1600,0
2023Q4,inner,0.0005,weighted_constant,,inner_selection,0.5,diagnostic,True,True,,df3839d993014bdd82b63a49c72c90bf2a6fac22119784ba038d88313609638e,0,0.0,574,0,1600,574,,0.0,2174,2174,1600,0
2023Q4,inner,0.0005,weighted_logistic,,phase_diagnostic,0.3,diagnostic,True,True,,df3839d993014bdd82b63a49c72c90bf2a6fac22119784ba038d88313609638e,360,0.26124197002141325,452,238,1600,574,0.3388888888888889,0.21254355400696864,1814,2174,1362,122
2023Q4,inner,0.0005,weighted_logistic,,phase_diagnostic,0.4,diagnostic,False,True,,df3839d993014bdd82b63a49c72c90bf2a6fac22119784ba038d88313609638e,0,0.0,574,0,1600,574,,0.0,2174,2174,1600,0
2023Q4,inner,0.0005,weighted_logistic,,phase_diagnostic,0.5,diagnostic,False,True,,df3839d993014bdd82b63a49c72c90bf2a6fac22119784ba038d88313609638e,0,0.0,574,0,1600,574,,0.0,2174,2174,1600,0
2023Q4,inner,0.0005,weighted_logistic,,inner_selection,0.3,diagnostic,True,True,,df3839d993014bdd82b63a49c72c90bf2a6fac22119784ba038d88313609638e,360,0.26124197002141325,452,238,1600,574,0.3388888888888889,0.21254355400696864,1814,2174,1362,122
2023Q4,inner,0.0005,weighted_logistic,,inner_selection,0.4,diagnostic,False,True,,df3839d993014bdd82b63a49c72c90bf2a6fac22119784ba038d88313609638e,0,0.0,574,0,1600,574,,0.0,2174,2174,1600,0
2023Q4,inner,0.0005,weighted_logistic,,inner_selection,0.5,diagnostic,False,True,,df3839d993014bdd82b63a49c72c90bf2a6fac22119784ba038d88313609638e,0,0.0,574,0,1600,574,,0.0,2174,2174,1600,0
2023Q4,inner,0.001,full,,phase_diagnostic,0.3,diagnostic,True,True,,e8326c4a2f83edb0b8e31e5b316e33830664ce3538c525a92e9c01a4116b1eaa,65,0.1245136186770428,176,49,522,192,0.24615384615384617,0.08333333333333333,649,714,473,16
2023Q4,inner,0.001,full,,phase_diagnostic,0.4,diagnostic,False,True,,e8326c4a2f83edb0b8e31e5b316e33830664ce3538c525a92e9c01a4116b1eaa,1,0.0,192,1,522,192,0.0,0.0,713,714,521,0
2023Q4,inner,0.001,full,,phase_diagnostic,0.5,diagnostic,False,True,,e8326c4a2f83edb0b8e31e5b316e33830664ce3538c525a92e9c01a4116b1eaa,0,0.0,192,0,522,192,,0.0,714,714,522,0
2023Q4,inner,0.001,full,,inner_selection,0.3,diagnostic,True,True,,e8326c4a2f83edb0b8e31e5b316e33830664ce3538c525a92e9c01a4116b1eaa,65,0.1245136186770428,176,49,522,192,0.24615384615384617,0.08333333333333333,649,714,473,16
2023Q4,inner,0.001,full,,inner_selection,0.4,diagnostic,False,True,,e8326c4a2f83edb0b8e31e5b316e33830664ce3538c525a92e9c01a4116b1eaa,1,0.0,192,1,522,192,0.0,0.0,713,714,521,0
2023Q4,inner,0.001,full,,inner_selection,0.5,diagnostic,False,True,,e8326c4a2f83edb0b8e31e5b316e33830664ce3538c525a92e9c01a4116b1eaa,0,0.0,192,0,522,192,,0.0,714,714,522,0
2023Q4,inner,0.001,sequential_0,0,phase_diagnostic,0.3,diagnostic,True,True,,e8326c4a2f83edb0b8e31e5b316e33830664ce3538c525a92e9c01a4116b1eaa,111,0.2508250825082508,154,73,522,192,0.34234234234234234,0.19791666666666666,603,714,449,38
2023Q4,inner,0.001,sequential_0,0,phase_diagnostic,0.4,diagnostic,False,True,,e8326c4a2f83edb0b8e31e5b316e33830664ce3538c525a92e9c01a4116b1eaa,7,0.03015075376884422,189,4,522,192,0.42857142857142855,0.015625,707,714,518,3
2023Q4,inner,0.001,sequential_0,0,phase_diagnostic,0.5,diagnostic,False,True,,e8326c4a2f83edb0b8e31e5b316e33830664ce3538c525a92e9c01a4116b1eaa,0,0.0,192,0,522,192,,0.0,714,714,522,0
2023Q4,inner,0.001,sequential_0,0,inner_selection,0.3,diagnostic,True,True,,e8326c4a2f83edb0b8e31e5b316e33830664ce3538c525a92e9c01a4116b1eaa,111,0.2508250825082508,154,73,522,192,0.34234234234234234,0.19791666666666666,603,714,449,38
2023Q4,inner,0.001,sequential_0,0,inner_selection,0.4,diagnostic,False,True,,e8326c4a2f83edb0b8e31e5b316e33830664ce3538c525a92e9c01a4116b1eaa,7,0.03015075376884422,189,4,522,192,0.42857142857142855,0.015625,707,714,518,3
2023Q4,inner,0.001,sequential_0,0,inner_selection,0.5,diagnostic,False,True,,e8326c4a2f83edb0b8e31e5b316e33830664ce3538c525a92e9c01a4116b1eaa,0,0.0,192,0,522,192,,0.0,714,714,522,0
2023Q4,inner,0.001,sequential_1,1,phase_diagnostic,0.3,diagnostic,True,True,,e8326c4a2f83edb0b8e31e5b316e33830664ce3538c525a92e9c01a4116b1eaa,183,0.26666666666666666,142,133,522,192,0.273224043715847,0.2604166666666667,531,714,389,50
2023Q4,inner,0.001,sequential_1,1,phase_diagnostic,0.4,diagnostic,False,True,,e8326c4a2f83edb0b8e31e5b316e33830664ce3538c525a92e9c01a4116b1eaa,16,0.009615384615384616,191,15,522,192,0.0625,0.005208333333333333,698,714,507,1
2023Q4,inner,0.001,sequential_1,1,phase_diagnostic,0.5,diagnostic,False,True,,e8326c4a2f83edb0b8e31e5b316e33830664ce3538c525a92e9c01a4116b1eaa,1,0.0,192,1,522,192,0.0,0.0,713,714,521,0
2023Q4,inner,0.001,sequential_1,1,inner_selection,0.3,diagnostic,True,True,,e8326c4a2f83edb0b8e31e5b316e33830664ce3538c525a92e9c01a4116b1eaa,183,0.26666666666666666,142,133,522,192,0.273224043715847,0.2604166666666667,531,714,389,50
2023Q4,inner,0.001,sequential_1,1,inner_selection,0.4,diagnostic,False,True,,e8326c4a2f83edb0b8e31e5b316e33830664ce3538c525a92e9c01a4116b1eaa,16,0.009615384615384616,191,15,522,192,0.0625,0.005208333333333333,698,714,507,1
2023Q4,inner,0.001,sequential_1,1,inner_selection,0.5,diagnostic,False,True,,e8326c4a2f83edb0b8e31e5b316e33830664ce3538c525a92e9c01a4116b1eaa,1,0.0,192,1,522,192,0.0,0.0,713,714,521,0
2023Q4,inner,0.001,uniform_0,0,phase_diagnostic,0.3,diagnostic,True,True,,e8326c4a2f83edb0b8e31e5b316e33830664ce3538c525a92e9c01a4116b1eaa,163,0.2704225352112676,144,115,522,192,0.294478527607362,0.25,551,714,407,48
2023Q4,inner,0.001,uniform_0,0,phase_diagnostic,0.4,diagnostic,False,True,,e8326c4a2f83edb0b8e31e5b316e33830664ce3538c525a92e9c01a4116b1eaa,24,0.06481481481481481,185,17,522,192,0.2916666666666667,0.036458333333333336,690,714,505,7
2023Q4,inner,0.001,uniform_0,0,phase_diagnostic,0.5,diagnostic,False,True,,e8326c4a2f83edb0b8e31e5b316e33830664ce3538c525a92e9c01a4116b1eaa,6,0.020202020202020204,190,4,522,192,0.3333333333333333,0.010416666666666666,708,714,518,2
2023Q4,inner,0.001,uniform_0,0,inner_selection,0.3,diagnostic,True,True,,e8326c4a2f83edb0b8e31e5b316e33830664ce3538c525a92e9c01a4116b1eaa,163,0.2704225352112676,144,115,522,192,0.294478527607362,0.25,551,714,407,48
2023Q4,inner,0.001,uniform_0,0,inner_selection,0.4,diagnostic,False,True,,e8326c4a2f83edb0b8e31e5b316e33830664ce3538c525a92e9c01a4116b1eaa,24,0.06481481481481481,185,17,522,192,0.2916666666666667,0.036458333333333336,690,714,505,7
2023Q4,inner,0.001,uniform_0,0,inner_selection,0.5,diagnostic,False,True,,e8326c4a2f83edb0b8e31e5b316e33830664ce3538c525a92e9c01a4116b1eaa,6,0.020202020202020204,190,4,522,192,0.3333333333333333,0.010416666666666666,708,714,518,2
2023Q4,inner,0.001,uniform_1,1,phase_diagnostic,0.3,diagnostic,True,True,,e8326c4a2f83edb0b8e31e5b316e33830664ce3538c525a92e9c01a4116b1eaa,154,0.24855491329479767,149,111,522,192,0.2792207792207792,0.22395833333333334,560,714,411,43
2023Q4,inner,0.001,uniform_1,1,phase_diagnostic,0.4,diagnostic,False,True,,e8326c4a2f83edb0b8e31e5b316e33830664ce3538c525a92e9c01a4116b1eaa,9,0.009950248756218905,191,8,522,192,0.1111111111111111,0.005208333333333333,705,714,514,1
2023Q4,inner,0.001,uniform_1,1,phase_diagnostic,0.5,diagnostic,False,True,,e8326c4a2f83edb0b8e31e5b316e33830664ce3538c525a92e9c01a4116b1eaa,0,0.0,192,0,522,192,,0.0,714,714,522,0
2023Q4,inner,0.001,uniform_1,1,inner_selection,0.3,diagnostic,True,True,,e8326c4a2f83edb0b8e31e5b316e33830664ce3538c525a92e9c01a4116b1eaa,154,0.24855491329479767,149,111,522,192,0.2792207792207792,0.22395833333333334,560,714,411,43
2023Q4,inner,0.001,uniform_1,1,inner_selection,0.4,diagnostic,False,True,,e8326c4a2f83edb0b8e31e5b316e33830664ce3538c525a92e9c01a4116b1eaa,9,0.009950248756218905,191,8,522,192,0.1111111111111111,0.005208333333333333,705,714,514,1
2023Q4,inner,0.001,uniform_1,1,inner_selection,0.5,diagnostic,False,True,,e8326c4a2f83edb0b8e31e5b316e33830664ce3538c525a92e9c01a4116b1eaa,0,0.0,192,0,522,192,,0.0,714,714,522,0
2023Q4,inner,0.001,weighted_constant,,phase_diagnostic,0.3,diagnostic,False,True,,e8326c4a2f83edb0b8e31e5b316e33830664ce3538c525a92e9c01a4116b1eaa,0,0.0,192,0,522,192,,0.0,714,714,522,0
2023Q4,inner,0.001,weighted_constant,,phase_diagnostic,0.4,diagnostic,False,True,,e8326c4a2f83edb0b8e31e5b316e33830664ce3538c525a92e9c01a4116b1eaa,0,0.0,192,0,522,192,,0.0,714,714,522,0
2023Q4,inner,0.001,weighted_constant,,phase_diagnostic,0.5,diagnostic,True,True,,e8326c4a2f83edb0b8e31e5b316e33830664ce3538c525a92e9c01a4116b1eaa,0,0.0,192,0,522,192,,0.0,714,714,522,0
2023Q4,inner,0.001,weighted_constant,,inner_selection,0.3,diagnostic,False,True,,e8326c4a2f83edb0b8e31e5b316e33830664ce3538c525a92e9c01a4116b1eaa,0,0.0,192,0,522,192,,0.0,714,714,522,0
2023Q4,inner,0.001,weighted_constant,,inner_selection,0.4,diagnostic,False,True,,e8326c4a2f83edb0b8e31e5b316e33830664ce3538c525a92e9c01a4116b1eaa,0,0.0,192,0,522,192,,0.0,714,714,522,0
2023Q4,inner,0.001,weighted_constant,,inner_selection,0.5,diagnostic,True,True,,e8326c4a2f83edb0b8e31e5b316e33830664ce3538c525a92e9c01a4116b1eaa,0,0.0,192,0,522,192,,0.0,714,714,522,0
2023Q4,inner,0.001,weighted_logistic,,phase_diagnostic,0.3,diagnostic,True,True,,e8326c4a2f83edb0b8e31e5b316e33830664ce3538c525a92e9c01a4116b1eaa,52,0.13114754098360656,176,36,522,192,0.3076923076923077,0.08333333333333333,662,714,486,16
2023Q4,inner,0.001,weighted_logistic,,phase_diagnostic,0.4,diagnostic,False,True,,e8326c4a2f83edb0b8e31e5b316e33830664ce3538c525a92e9c01a4116b1eaa,0,0.0,192,0,522,192,,0.0,714,714,522,0
2023Q4,inner,0.001,weighted_logistic,,phase_diagnostic,0.5,diagnostic,False,True,,e8326c4a2f83edb0b8e31e5b316e33830664ce3538c525a92e9c01a4116b1eaa,0,0.0,192,0,522,192,,0.0,714,714,522,0
2023Q4,inner,0.001,weighted_logistic,,inner_selection,0.3,diagnostic,True,True,,e8326c4a2f83edb0b8e31e5b316e33830664ce3538c525a92e9c01a4116b1eaa,52,0.13114754098360656,176,36,522,192,0.3076923076923077,0.08333333333333333,662,714,486,16
2023Q4,inner,0.001,weighted_logistic,,inner_selection,0.4,diagnostic,False,True,,e8326c4a2f83edb0b8e31e5b316e33830664ce3538c525a92e9c01a4116b1eaa,0,0.0,192,0,522,192,,0.0,714,714,522,0
2023Q4,inner,0.001,weighted_logistic,,inner_selection,0.5,diagnostic,False,True,,e8326c4a2f83edb0b8e31e5b316e33830664ce3538c525a92e9c01a4116b1eaa,0,0.0,192,0,522,192,,0.0,714,714,522,0
2023Q4,inner,temporal,full,,phase_diagnostic,0.3,diagnostic,True,True,,b8d1fe2717fb410b1307c8fc553b4aec9af9fd287d5e50f15d4709839774d6e7,1641,0.0598884729967153,11058,1249,30751,11450,0.238878732480195,0.03423580786026201,40560,42201,29502,392
2023Q4,inner,temporal,full,,phase_diagnostic,0.4,diagnostic,False,True,,b8d1fe2717fb410b1307c8fc553b4aec9af9fd287d5e50f15d4709839774d6e7,0,0.0,11450,0,30751,11450,,0.0,42201,42201,30751,0
2023Q4,inner,temporal,full,,phase_diagnostic,0.5,diagnostic,False,True,,b8d1fe2717fb410b1307c8fc553b4aec9af9fd287d5e50f15d4709839774d6e7,0,0.0,11450,0,30751,11450,,0.0,42201,42201,30751,0
2023Q4,inner,temporal,full,,inner_selection,0.3,diagnostic,True,True,,b8d1fe2717fb410b1307c8fc553b4aec9af9fd287d5e50f15d4709839774d6e7,1641,0.0598884729967153,11058,1249,30751,11450,0.238878732480195,0.03423580786026201,40560,42201,29502,392
2023Q4,inner,temporal,full,,inner_selection,0.4,diagnostic,False,True,,b8d1fe2717fb410b1307c8fc553b4aec9af9fd287d5e50f15d4709839774d6e7,0,0.0,11450,0,30751,11450,,0.0,42201,42201,30751,0
2023Q4,inner,temporal,full,,inner_selection,0.5,diagnostic,False,True,,b8d1fe2717fb410b1307c8fc553b4aec9af9fd287d5e50f15d4709839774d6e7,0,0.0,11450,0,30751,11450,,0.0,42201,42201,30751,0
2023Q4,inner,temporal,sequential_0,0,phase_diagnostic,0.3,diagnostic,True,True,,b8d1fe2717fb410b1307c8fc553b4aec9af9fd287d5e50f15d4709839774d6e7,17384,0.3461191648748006,6460,12394,30751,11450,0.28704555913483665,0.43580786026200874,24817,42201,18357,4990
2023Q4,inner,temporal,sequential_0,0,phase_diagnostic,0.4,diagnostic,False,True,,b8d1fe2717fb410b1307c8fc553b4aec9af9fd287d5e50f15d4709839774d6e7,2685,0.12564556066501592,10562,1797,30751,11450,0.3307262569832402,0.07755458515283843,39516,42201,28954,888
2023Q4,inner,temporal,sequential_0,0,phase_diagnostic,0.5,diagnostic,False,True,,b8d1fe2717fb410b1307c8fc553b4aec9af9fd287d5e50f15d4709839774d6e7,93,0.006930607294464177,11410,53,30751,11450,0.43010752688172044,0.0034934497816593887,42108,42201,30698,40
2023Q4,inner,temporal,sequential_0,0,inner_selection,0.3,diagnostic,True,True,,b8d1fe2717fb410b1307c8fc553b4aec9af9fd287d5e50f15d4709839774d6e7,17384,0.3461191648748006,6460,12394,30751,11450,0.28704555913483665,0.43580786026200874,24817,42201,18357,4990
2023Q4,inner,temporal,sequential_0,0,inner_selection,0.4,diagnostic,False,True,,b8d1fe2717fb410b1307c8fc553b4aec9af9fd287d5e50f15d4709839774d6e7,2685,0.12564556066501592,10562,1797,30751,11450,0.3307262569832402,0.07755458515283843,39516,42201,28954,888
2023Q4,inner,temporal,sequential_0,0,inner_selection,0.5,diagnostic,False,True,,b8d1fe2717fb410b1307c8fc553b4aec9af9fd287d5e50f15d4709839774d6e7,93,0.006930607294464177,11410,53,30751,11450,0.43010752688172044,0.0034934497816593887,42108,42201,30698,40
2023Q4,inner,temporal,sequential_1,1,phase_diagnostic,0.3,diagnostic,True,True,,b8d1fe2717fb410b1307c8fc553b4aec9af9fd287d5e50f15d4709839774d6e7,7894,0.21236559139784947,9396,5840,30751,11450,0.26019761844438816,0.1793886462882096,34307,42201,24911,2054
2023Q4,inner,temporal,sequential_1,1,phase_diagnostic,0.4,diagnostic,False,True,,b8d1fe2717fb410b1307c8fc553b4aec9af9fd287d5e50f15d4709839774d6e7,232,0.0063345317582605715,11413,195,30751,11450,0.15948275862068967,0.0032314410480349344,41969,42201,30556,37
2023Q4,inner,temporal,sequential_1,1,phase_diagnostic,0.5,diagnostic,False,True,,b8d1fe2717fb410b1307c8fc553b4aec9af9fd287d5e50f15d4709839774d6e7,13,0.0,11450,13,30751,11450,0.0,0.0,42188,42201,30738,0
2023Q4,inner,temporal,sequential_1,1,inner_selection,0.3,diagnostic,True,True,,b8d1fe2717fb410b1307c8fc553b4aec9af9fd287d5e50f15d4709839774d6e7,7894,0.21236559139784947,9396,5840,30751,11450,0.26019761844438816,0.1793886462882096,34307,42201,24911,2054
2023Q4,inner,temporal,sequential_1,1,inner_selection,0.4,diagnostic,False,True,,b8d1fe2717fb410b1307c8fc553b4aec9af9fd287d5e50f15d4709839774d6e7,232,0.0063345317582605715,11413,195,30751,11450,0.15948275862068967,0.0032314410480349344,41969,42201,30556,37
2023Q4,inner,temporal,sequential_1,1,inner_selection,0.5,diagnostic,False,True,,b8d1fe2717fb410b1307c8fc553b4aec9af9fd287d5e50f15d4709839774d6e7,13,0.0,11450,13,30751,11450,0.0,0.0,42188,42201,30738,0
2023Q4,inner,temporal,uniform_0,0,phase_diagnostic,0.3,diagnostic,True,True,,b8d1fe2717fb410b1307c8fc553b4aec9af9fd287d5e50f15d4709839774d6e7,9126,0.2615668740279938,8759,6435,30751,11450,0.2948717948717949,0.23502183406113536,33075,42201,24316,2691
2023Q4,inner,temporal,uniform_0,0,phase_diagnostic,0.4,diagnostic,False,True,,b8d1fe2717fb410b1307c8fc553b4aec9af9fd287d5e50f15d4709839774d6e7,350,0.015593220338983051,11358,258,30751,11450,0.26285714285714284,0.008034934497816594,41851,42201,30493,92
2023Q4,inner,temporal,uniform_0,0,phase_diagnostic,0.5,diagnostic,False,True,,b8d1fe2717fb410b1307c8fc553b4aec9af9fd287d5e50f15d4709839774d6e7,34,0.0013932427725531174,11442,26,30751,11450,0.23529411764705882,0.0006986899563318777,42167,42201,30725,8
2023Q4,inner,temporal,uniform_0,0,inner_selection,0.3,diagnostic,True,True,,b8d1fe2717fb410b1307c8fc553b4aec9af9fd287d5e50f15d4709839774d6e7,9126,0.2615668740279938,8759,6435,30751,11450,0.2948717948717949,0.23502183406113536,33075,42201,24316,2691
2023Q4,inner,temporal,uniform_0,0,inner_selection,0.4,diagnostic,False,True,,b8d1fe2717fb410b1307c8fc553b4aec9af9fd287d5e50f15d4709839774d6e7,350,0.015593220338983051,11358,258,30751,11450,0.26285714285714284,0.008034934497816594,41851,42201,30493,92
2023Q4,inner,temporal,uniform_0,0,inner_selection,0.5,diagnostic,False,True,,b8d1fe2717fb410b1307c8fc553b4aec9af9fd287d5e50f15d4709839774d6e7,34,0.0013932427725531174,11442,26,30751,11450,0.23529411764705882,0.0006986899563318777,42167,42201,30725,8
2023Q4,inner,temporal,uniform_1,1,phase_diagnostic,0.3,diagnostic,True,True,,b8d1fe2717fb410b1307c8fc553b4aec9af9fd287d5e50f15d4709839774d6e7,9832,0.26463678225730664,8634,7016,30751,11450,0.28641171684296174,0.24593886462882097,32369,42201,23735,2816
2023Q4,inner,temporal,uniform_1,1,phase_diagnostic,0.4,diagnostic,False,True,,b8d1fe2717fb410b1307c8fc553b4aec9af9fd287d5e50f15d4709839774d6e7,212,0.017149717029669012,11350,112,30751,11450,0.4716981132075472,0.008733624454148471,41989,42201,30639,100
2023Q4,inner,temporal,uniform_1,1,phase_diagnostic,0.5,diagnostic,False,True,,b8d1fe2717fb410b1307c8fc553b4aec9af9fd287d5e50f15d4709839774d6e7,4,0.00017461148943600488,11449,3,30751,11450,0.25,8.733624454148471e-05,42197,42201,30748,1
2023Q4,inner,temporal,uniform_1,1,inner_selection,0.3,diagnostic,True,True,,b8d1fe2717fb410b1307c8fc553b4aec9af9fd287d5e50f15d4709839774d6e7,9832,0.26463678225730664,8634,7016,30751,11450,0.28641171684296174,0.24593886462882097,32369,42201,23735,2816
2023Q4,inner,temporal,uniform_1,1,inner_selection,0.4,diagnostic,False,True,,b8d1fe2717fb410b1307c8fc553b4aec9af9fd287d5e50f15d4709839774d6e7,212,0.017149717029669012,11350,112,30751,11450,0.4716981132075472,0.008733624454148471,41989,42201,30639,100
2023Q4,inner,temporal,uniform_1,1,inner_selection,0.5,diagnostic,False,True,,b8d1fe2717fb410b1307c8fc553b4aec9af9fd287d5e50f15d4709839774d6e7,4,0.00017461148943600488,11449,3,30751,11450,0.25,8.733624454148471e-05,42197,42201,30748,1
2023Q4,inner,temporal,weighted_constant,,phase_diagnostic,0.3,diagnostic,False,True,,b8d1fe2717fb410b1307c8fc553b4aec9af9fd287d5e50f15d4709839774d6e7,0,0.0,11450,0,30751,11450,,0.0,42201,42201,30751,0
2023Q4,inner,temporal,weighted_constant,,phase_diagnostic,0.4,diagnostic,False,True,,b8d1fe2717fb410b1307c8fc553b4aec9af9fd287d5e50f15d4709839774d6e7,0,0.0,11450,0,30751,11450,,0.0,42201,42201,30751,0
2023Q4,inner,temporal,weighted_constant,,phase_diagnostic,0.5,diagnostic,True,True,,b8d1fe2717fb410b1307c8fc553b4aec9af9fd287d5e50f15d4709839774d6e7,0,0.0,11450,0,30751,11450,,0.0,42201,42201,30751,0
2023Q4,inner,temporal,weighted_constant,,inner_selection,0.3,diagnostic,False,True,,b8d1fe2717fb410b1307c8fc553b4aec9af9fd287d5e50f15d4709839774d6e7,0,0.0,11450,0,30751,11450,,0.0,42201,42201,30751,0
2023Q4,inner,temporal,weighted_constant,,inner_selection,0.4,diagnostic,False,True,,b8d1fe2717fb410b1307c8fc553b4aec9af9fd287d5e50f15d4709839774d6e7,0,0.0,11450,0,30751,11450,,0.0,42201,42201,30751,0
2023Q4,inner,temporal,weighted_constant,,inner_selection,0.5,diagnostic,True,True,,b8d1fe2717fb410b1307c8fc553b4aec9af9fd287d5e50f15d4709839774d6e7,0,0.0,11450,0,30751,11450,,0.0,42201,42201,30751,0
2023Q4,inner,temporal,weighted_logistic,,phase_diagnostic,0.3,diagnostic,True,True,,b8d1fe2717fb410b1307c8fc553b4aec9af9fd287d5e50f15d4709839774d6e7,8571,0.28560011987413214,8591,5712,30751,11450,0.3335666783339167,0.2496943231441048,33630,42201,25039,2859
2023Q4,inner,temporal,weighted_logistic,,phase_diagnostic,0.4,diagnostic,False,True,,b8d1fe2717fb410b1307c8fc553b4aec9af9fd287d5e50f15d4709839774d6e7,0,0.0,11450,0,30751,11450,,0.0,42201,42201,30751,0
2023Q4,inner,temporal,weighted_logistic,,phase_diagnostic,0.5,diagnostic,False,True,,b8d1fe2717fb410b1307c8fc553b4aec9af9fd287d5e50f15d4709839774d6e7,0,0.0,11450,0,30751,11450,,0.0,42201,42201,30751,0
2023Q4,inner,temporal,weighted_logistic,,inner_selection,0.3,diagnostic,True,True,,b8d1fe2717fb410b1307c8fc553b4aec9af9fd287d5e50f15d4709839774d6e7,8571,0.28560011987413214,8591,5712,30751,11450,0.3335666783339167,0.2496943231441048,33630,42201,25039,2859
2023Q4,inner,temporal,weighted_logistic,,inner_selection,0.4,diagnostic,False,True,,b8d1fe2717fb410b1307c8fc553b4aec9af9fd287d5e50f15d4709839774d6e7,0,0.0,11450,0,30751,11450,,0.0,42201,42201,30751,0
2023Q4,inner,temporal,weighted_logistic,,inner_selection,0.5,diagnostic,False,True,,b8d1fe2717fb410b1307c8fc553b4aec9af9fd287d5e50f15d4709839774d6e7,0,0.0,11450,0,30751,11450,,0.0,42201,42201,30751,0
2023Q4,refit,0.0005,full,,phase_diagnostic,0.3,diagnostic,True,True,,df3839d993014bdd82b63a49c72c90bf2a6fac22119784ba038d88313609638e,283,0.10063784549964565,1057,212,2950,1128,0.2508833922261484,0.06294326241134751,3795,4078,2738,71
2023Q4,refit,0.0005,full,,phase_diagnostic,0.4,diagnostic,False,True,,df3839d993014bdd82b63a49c72c90bf2a6fac22119784ba038d88313609638e,0,0.0,1128,0,2950,1128,,0.0,4078,4078,2950,0
2023Q4,refit,0.0005,full,,phase_diagnostic,0.5,diagnostic,False,True,,df3839d993014bdd82b63a49c72c90bf2a6fac22119784ba038d88313609638e,0,0.0,1128,0,2950,1128,,0.0,4078,4078,2950,0
2023Q4,refit,0.0005,full,,inner_selection,0.3,diagnostic,True,True,,df3839d993014bdd82b63a49c72c90bf2a6fac22119784ba038d88313609638e,226,0.1375,519,171,1600,574,0.24336283185840707,0.09581881533101046,1948,2174,1429,55
2023Q4,refit,0.0005,full,,inner_selection,0.4,diagnostic,False,True,,df3839d993014bdd82b63a49c72c90bf2a6fac22119784ba038d88313609638e,0,0.0,574,0,1600,574,,0.0,2174,2174,1600,0
2023Q4,refit,0.0005,full,,inner_selection,0.5,diagnostic,False,True,,df3839d993014bdd82b63a49c72c90bf2a6fac22119784ba038d88313609638e,0,0.0,574,0,1600,574,,0.0,2174,2174,1600,0
2023Q4,refit,0.0005,sequential_0,0,phase_diagnostic,0.3,diagnostic,True,True,,df3839d993014bdd82b63a49c72c90bf2a6fac22119784ba038d88313609638e,677,0.19833795013850417,949,498,2950,1128,0.26440177252584934,0.15868794326241134,3401,4078,2452,179
2023Q4,refit,0.0005,sequential_0,0,phase_diagnostic,0.4,diagnostic,False,True,,df3839d993014bdd82b63a49c72c90bf2a6fac22119784ba038d88313609638e,24,0.012152777777777778,1121,17,2950,1128,0.2916666666666667,0.0062056737588652485,4054,4078,2933,7
2023Q4,refit,0.0005,sequential_0,0,phase_diagnostic,0.5,diagnostic,False,True,,df3839d993014bdd82b63a49c72c90bf2a6fac22119784ba038d88313609638e,1,0.001771479185119575,1127,0,2950,1128,1.0,0.0008865248226950354,4077,4078,2950,1
2023Q4,refit,0.0005,sequential_0,0,inner_selection,0.3,diagnostic,True,True,,df3839d993014bdd82b63a49c72c90bf2a6fac22119784ba038d88313609638e,588,0.27882960413080893,412,426,1600,574,0.2755102040816326,0.28222996515679444,1586,2174,1174,162
2023Q4,refit,0.0005,sequential_0,0,inner_selection,0.4,diagnostic,False,True,,df3839d993014bdd82b63a49c72c90bf2a6fac22119784ba038d88313609638e,27,0.009983361064891847,571,24,1600,574,0.1111111111111111,0.005226480836236934,2147,2174,1576,3
2023Q4,refit,0.0005,sequential_0,0,inner_selection,0.5,diagnostic,False,True,,df3839d993014bdd82b63a49c72c90bf2a6fac22119784ba038d88313609638e,0,0.0,574,0,1600,574,,0.0,2174,2174,1600,0
2023Q4,refit,0.0005,sequential_1,1,phase_diagnostic,0.3,diagnostic,True,True,,df3839d993014bdd82b63a49c72c90bf2a6fac22119784ba038d88313609638e,467,0.15047021943573669,1008,347,2950,1128,0.2569593147751606,0.10638297872340426,3611,4078,2603,120
2023Q4,refit,0.0005,sequential_1,1,phase_diagnostic,0.4,diagnostic,False,True,,df3839d993014bdd82b63a49c72c90bf2a6fac22119784ba038d88313609638e,14,0.0035026269702276708,1126,12,2950,1128,0.14285714285714285,0.0017730496453900709,4064,4078,2938,2
2023Q4,refit,0.0005,sequential_1,1,phase_diagnostic,0.5,diagnostic,False,True,,df3839d993014bdd82b63a49c72c90bf2a6fac22119784ba038d88313609638e,0,0.0,1128,0,2950,1128,,0.0,4078,4078,2950,0
2023Q4,refit,0.0005,sequential_1,1,inner_selection,0.3,diagnostic,True,True,,df3839d993014bdd82b63a49c72c90bf2a6fac22119784ba038d88313609638e,813,0.3446286950252343,335,574,1600,574,0.2939729397293973,0.4163763066202091,1361,2174,1026,239
2023Q4,refit,0.0005,sequential_1,1,inner_selection,0.4,diagnostic,False,True,,df3839d993014bdd82b63a49c72c90bf2a6fac22119784ba038d88313609638e,91,0.08421052631578947,546,63,1600,574,0.3076923076923077,0.04878048780487805,2083,2174,1537,28
2023Q4,refit,0.0005,sequential_1,1,inner_selection,0.5,diagnostic,False,True,,df3839d993014bdd82b63a49c72c90bf2a6fac22119784ba038d88313609638e,4,0.006920415224913495,572,2,1600,574,0.5,0.003484320557491289,2170,2174,1598,2
2023Q4,refit,0.0005,uniform_0,0,phase_diagnostic,0.3,diagnostic,True,True,,df3839d993014bdd82b63a49c72c90bf2a6fac22119784ba038d88313609638e,1078,0.27379873073436084,826,776,2950,1128,0.28014842300556586,0.26773049645390073,3000,4078,2174,302
2023Q4,refit,0.0005,uniform_0,0,phase_diagnostic,0.4,diagnostic,False,True,,df3839d993014bdd82b63a49c72c90bf2a6fac22119784ba038d88313609638e,110,0.035541195476575124,1106,88,2950,1128,0.2,0.01950354609929078,3968,4078,2862,22
2023Q4,refit,0.0005,uniform_0,0,phase_diagnostic,0.5,diagnostic,False,True,,df3839d993014bdd82b63a49c72c90bf2a6fac22119784ba038d88313609638e,7,0.0052863436123348016,1125,4,2950,1128,0.42857142857142855,0.0026595744680851063,4071,4078,2946,3
2023Q4,refit,0.0005,uniform_0,0,inner_selection,0.3,diagnostic,True,True,,df3839d993014bdd82b63a49c72c90bf2a6fac22119784ba038d88313609638e,871,0.33771626297577856,330,627,1600,574,0.2801377726750861,0.4250871080139373,1303,2174,973,244
2023Q4,refit,0.0005,uniform_0,0,inner_selection,0.4,diagnostic,False,True,,df3839d993014bdd82b63a49c72c90bf2a6fac22119784ba038d88313609638e,44,0.03559870550161812,563,33,1600,574,0.25,0.01916376306620209,2130,2174,1567,11
2023Q4,refit,0.0005,uniform_0,0,inner_selection,0.5,diagnostic,False,True,,df3839d993014bdd82b63a49c72c90bf2a6fac22119784ba038d88313609638e,0,0.0,574,0,1600,574,,0.0,2174,2174,1600,0
2023Q4,refit,0.0005,uniform_1,1,phase_diagnostic,0.3,diagnostic,True,True,,df3839d993014bdd82b63a49c72c90bf2a6fac22119784ba038d88313609638e,1157,0.2722100656455142,817,846,2950,1128,0.26879861711322384,0.27570921985815605,2921,4078,2104,311
2023Q4,refit,0.0005,uniform_1,1,phase_diagnostic,0.4,diagnostic,False,True,,df3839d993014bdd82b63a49c72c90bf2a6fac22119784ba038d88313609638e,38,0.010291595197255575,1122,32,2950,1128,0.15789473684210525,0.005319148936170213,4040,4078,2918,6
2023Q4,refit,0.0005,uniform_1,1,phase_diagnostic,0.5,diagnostic,False,True,,df3839d993014bdd82b63a49c72c90bf2a6fac22119784ba038d88313609638e,1,0.0,1128,1,2950,1128,0.0,0.0,4077,4078,2949,0
2023Q4,refit,0.0005,uniform_1,1,inner_selection,0.3,diagnostic,True,True,,df3839d993014bdd82b63a49c72c90bf2a6fac22119784ba038d88313609638e,706,0.2671875,403,535,1600,574,0.24220963172804533,0.2979094076655052,1468,2174,1065,171
2023Q4,refit,0.0005,uniform_1,1,inner_selection,0.4,diagnostic,False,True,,df3839d993014bdd82b63a49c72c90bf2a6fac22119784ba038d88313609638e,59,0.03475513428120063,563,48,1600,574,0.1864406779661017,0.01916376306620209,2115,2174,1552,11
2023Q4,refit,0.0005,uniform_1,1,inner_selection,0.5,diagnostic,False,True,,df3839d993014bdd82b63a49c72c90bf2a6fac22119784ba038d88313609638e,6,0.010344827586206896,571,3,1600,574,0.5,0.005226480836236934,2168,2174,1597,3
2023Q4,refit,0.0005,weighted_constant,,phase_diagnostic,0.3,diagnostic,False,True,,df3839d993014bdd82b63a49c72c90bf2a6fac22119784ba038d88313609638e,0,0.0,1128,0,2950,1128,,0.0,4078,4078,2950,0
2023Q4,refit,0.0005,weighted_constant,,phase_diagnostic,0.4,diagnostic,False,True,,df3839d993014bdd82b63a49c72c90bf2a6fac22119784ba038d88313609638e,0,0.0,1128,0,2950,1128,,0.0,4078,4078,2950,0
2023Q4,refit,0.0005,weighted_constant,,phase_diagnostic,0.5,diagnostic,True,True,,df3839d993014bdd82b63a49c72c90bf2a6fac22119784ba038d88313609638e,0,0.0,1128,0,2950,1128,,0.0,4078,4078,2950,0
2023Q4,refit,0.0005,weighted_constant,,inner_selection,0.3,diagnostic,False,True,,df3839d993014bdd82b63a49c72c90bf2a6fac22119784ba038d88313609638e,0,0.0,574,0,1600,574,,0.0,2174,2174,1600,0
2023Q4,refit,0.0005,weighted_constant,,inner_selection,0.4,diagnostic,False,True,,df3839d993014bdd82b63a49c72c90bf2a6fac22119784ba038d88313609638e,0,0.0,574,0,1600,574,,0.0,2174,2174,1600,0
2023Q4,refit,0.0005,weighted_constant,,inner_selection,0.5,diagnostic,True,True,,df3839d993014bdd82b63a49c72c90bf2a6fac22119784ba038d88313609638e,0,0.0,574,0,1600,574,,0.0,2174,2174,1600,0
2023Q4,refit,0.0005,weighted_logistic,,phase_diagnostic,0.3,diagnostic,True,True,,df3839d993014bdd82b63a49c72c90bf2a6fac22119784ba038d88313609638e,337,0.1296928327645051,1033,242,2950,1128,0.2818991097922849,0.08421985815602837,3741,4078,2708,95
2023Q4,refit,0.0005,weighted_logistic,,phase_diagnostic,0.4,diagnostic,False,True,,df3839d993014bdd82b63a49c72c90bf2a6fac22119784ba038d88313609638e,0,0.0,1128,0,2950,1128,,0.0,4078,4078,2950,0
2023Q4,refit,0.0005,weighted_logistic,,phase_diagnostic,0.5,diagnostic,False,True,,df3839d993014bdd82b63a49c72c90bf2a6fac22119784ba038d88313609638e,0,0.0,1128,0,2950,1128,,0.0,4078,4078,2950,0
2023Q4,refit,0.0005,weighted_logistic,,inner_selection,0.3,diagnostic,True,True,,df3839d993014bdd82b63a49c72c90bf2a6fac22119784ba038d88313609638e,360,0.26124197002141325,452,238,1600,574,0.3388888888888889,0.21254355400696864,1814,2174,1362,122
2023Q4,refit,0.0005,weighted_logistic,,inner_selection,0.4,diagnostic,False,True,,df3839d993014bdd82b63a49c72c90bf2a6fac22119784ba038d88313609638e,0,0.0,574,0,1600,574,,0.0,2174,2174,1600,0
2023Q4,refit,0.0005,weighted_logistic,,inner_selection,0.5,diagnostic,False,True,,df3839d993014bdd82b63a49c72c90bf2a6fac22119784ba038d88313609638e,0,0.0,574,0,1600,574,,0.0,2174,2174,1600,0
2023Q4,refit,0.001,full,,phase_diagnostic,0.3,diagnostic,True,True,,e8326c4a2f83edb0b8e31e5b316e33830664ce3538c525a92e9c01a4116b1eaa,105,0.09643605870020965,349,82,963,372,0.21904761904761905,0.06182795698924731,1230,1335,881,23
2023Q4,refit,0.001,full,,phase_diagnostic,0.4,diagnostic,False,True,,e8326c4a2f83edb0b8e31e5b316e33830664ce3538c525a92e9c01a4116b1eaa,0,0.0,372,0,963,372,,0.0,1335,1335,963,0
2023Q4,refit,0.001,full,,phase_diagnostic,0.5,diagnostic,False,True,,e8326c4a2f83edb0b8e31e5b316e33830664ce3538c525a92e9c01a4116b1eaa,0,0.0,372,0,963,372,,0.0,1335,1335,963,0
2023Q4,refit,0.001,full,,inner_selection,0.3,diagnostic,True,True,,e8326c4a2f83edb0b8e31e5b316e33830664ce3538c525a92e9c01a4116b1eaa,65,0.1245136186770428,176,49,522,192,0.24615384615384617,0.08333333333333333,649,714,473,16
2023Q4,refit,0.001,full,,inner_selection,0.4,diagnostic,False,True,,e8326c4a2f83edb0b8e31e5b316e33830664ce3538c525a92e9c01a4116b1eaa,1,0.0,192,1,522,192,0.0,0.0,713,714,521,0
2023Q4,refit,0.001,full,,inner_selection,0.5,diagnostic,False,True,,e8326c4a2f83edb0b8e31e5b316e33830664ce3538c525a92e9c01a4116b1eaa,0,0.0,192,0,522,192,,0.0,714,714,522,0
2023Q4,refit,0.001,sequential_0,0,phase_diagnostic,0.3,diagnostic,True,True,,e8326c4a2f83edb0b8e31e5b316e33830664ce3538c525a92e9c01a4116b1eaa,278,0.24307692307692308,293,199,963,372,0.2841726618705036,0.21236559139784947,1057,1335,764,79
2023Q4,refit,0.001,sequential_0,0,phase_diagnostic,0.4,diagnostic,False,True,,e8326c4a2f83edb0b8e31e5b316e33830664ce3538c525a92e9c01a4116b1eaa,13,0.01038961038961039,370,11,963,372,0.15384615384615385,0.005376344086021506,1322,1335,952,2
2023Q4,refit,0.001,sequential_0,0,phase_diagnostic,0.5,diagnostic,False,True,,e8326c4a2f83edb0b8e31e5b316e33830664ce3538c525a92e9c01a4116b1eaa,0,0.0,372,0,963,372,,0.0,1335,1335,963,0
2023Q4,refit,0.001,sequential_0,0,inner_selection,0.3,diagnostic,True,True,,e8326c4a2f83edb0b8e31e5b316e33830664ce3538c525a92e9c01a4116b1eaa,111,0.2508250825082508,154,73,522,192,0.34234234234234234,0.19791666666666666,603,714,449,38
2023Q4,refit,0.001,sequential_0,0,inner_selection,0.4,diagnostic,False,True,,e8326c4a2f83edb0b8e31e5b316e33830664ce3538c525a92e9c01a4116b1eaa,7,0.03015075376884422,189,4,522,192,0.42857142857142855,0.015625,707,714,518,3
2023Q4,refit,0.001,sequential_0,0,inner_selection,0.5,diagnostic,False,True,,e8326c4a2f83edb0b8e31e5b316e33830664ce3538c525a92e9c01a4116b1eaa,0,0.0,192,0,522,192,,0.0,714,714,522,0
2023Q4,refit,0.001,sequential_1,1,phase_diagnostic,0.3,diagnostic,True,True,,e8326c4a2f83edb0b8e31e5b316e33830664ce3538c525a92e9c01a4116b1eaa,115,0.11909650924024641,343,86,963,372,0.25217391304347825,0.07795698924731183,1220,1335,877,29
2023Q4,refit,0.001,sequential_1,1,phase_diagnostic,0.4,diagnostic,False,True,,e8326c4a2f83edb0b8e31e5b316e33830664ce3538c525a92e9c01a4116b1eaa,12,0.020833333333333332,368,8,963,372,0.3333333333333333,0.010752688172043012,1323,1335,955,4
2023Q4,refit,0.001,sequential_1,1,phase_diagnostic,0.5,diagnostic,False,True,,e8326c4a2f83edb0b8e31e5b316e33830664ce3538c525a92e9c01a4116b1eaa,5,0.005305039787798408,371,4,963,372,0.2,0.002688172043010753,1330,1335,959,1
2023Q4,refit,0.001,sequential_1,1,inner_selection,0.3,diagnostic,True,True,,e8326c4a2f83edb0b8e31e5b316e33830664ce3538c525a92e9c01a4116b1eaa,183,0.26666666666666666,142,133,522,192,0.273224043715847,0.2604166666666667,531,714,389,50
2023Q4,refit,0.001,sequential_1,1,inner_selection,0.4,diagnostic,False,True,,e8326c4a2f83edb0b8e31e5b316e33830664ce3538c525a92e9c01a4116b1eaa,16,0.009615384615384616,191,15,522,192,0.0625,0.005208333333333333,698,714,507,1
2023Q4,refit,0.001,sequential_1,1,inner_selection,0.5,diagnostic,False,True,,e8326c4a2f83edb0b8e31e5b316e33830664ce3538c525a92e9c01a4116b1eaa,1,0.0,192,1,522,192,0.0,0.0,713,714,521,0
2023Q4,refit,0.001,uniform_0,0,phase_diagnostic,0.3,diagnostic,True,True,,e8326c4a2f83edb0b8e31e5b316e33830664ce3538c525a92e9c01a4116b1eaa,220,0.20608108108108109,311,159,963,372,0.2772727272727273,0.1639784946236559,1115,1335,804,61
2023Q4,refit,0.001,uniform_0,0,phase_diagnostic,0.4,diagnostic,False,True,,e8326c4a2f83edb0b8e31e5b316e33830664ce3538c525a92e9c01a4116b1eaa,15,0.020671834625323,368,11,963,372,0.26666666666666666,0.010752688172043012,1320,1335,952,4
2023Q4,refit,0.001,uniform_0,0,phase_diagnostic,0.5,diagnostic,False,True,,e8326c4a2f83edb0b8e31e5b316e33830664ce3538c525a92e9c01a4116b1eaa,3,0.0,372,3,963,372,0.0,0.0,1332,1335,960,0
2023Q4,refit,0.001,uniform_0,0,inner_selection,0.3,diagnostic,True,True,,e8326c4a2f83edb0b8e31e5b316e33830664ce3538c525a92e9c01a4116b1eaa,163,0.2704225352112676,144,115,522,192,0.294478527607362,0.25,551,714,407,48
2023Q4,refit,0.001,uniform_0,0,inner_selection,0.4,diagnostic,False,True,,e8326c4a2f83edb0b8e31e5b316e33830664ce3538c525a92e9c01a4116b1eaa,24,0.06481481481481481,185,17,522,192,0.2916666666666667,0.036458333333333336,690,714,505,7
2023Q4,refit,0.001,uniform_0,0,inner_selection,0.5,diagnostic,False,True,,e8326c4a2f83edb0b8e31e5b316e33830664ce3538c525a92e9c01a4116b1eaa,6,0.020202020202020204,190,4,522,192,0.3333333333333333,0.010416666666666666,708,714,518,2
2023Q4,refit,0.001,uniform_1,1,phase_diagnostic,0.3,diagnostic,True,True,,e8326c4a2f83edb0b8e31e5b316e33830664ce3538c525a92e9c01a4116b1eaa,398,0.3038961038961039,255,281,963,372,0.29396984924623115,0.31451612903225806,937,1335,682,117
2023Q4,refit,0.001,uniform_1,1,phase_diagnostic,0.4,diagnostic,False,True,,e8326c4a2f83edb0b8e31e5b316e33830664ce3538c525a92e9c01a4116b1eaa,17,0.030848329048843187,366,11,963,372,0.35294117647058826,0.016129032258064516,1318,1335,952,6
2023Q4,refit,0.001,uniform_1,1,phase_diagnostic,0.5,diagnostic,False,True,,e8326c4a2f83edb0b8e31e5b316e33830664ce3538c525a92e9c01a4116b1eaa,0,0.0,372,0,963,372,,0.0,1335,1335,963,0
2023Q4,refit,0.001,uniform_1,1,inner_selection,0.3,diagnostic,True,True,,e8326c4a2f83edb0b8e31e5b316e33830664ce3538c525a92e9c01a4116b1eaa,154,0.24855491329479767,149,111,522,192,0.2792207792207792,0.22395833333333334,560,714,411,43
2023Q4,refit,0.001,uniform_1,1,inner_selection,0.4,diagnostic,False,True,,e8326c4a2f83edb0b8e31e5b316e33830664ce3538c525a92e9c01a4116b1eaa,9,0.009950248756218905,191,8,522,192,0.1111111111111111,0.005208333333333333,705,714,514,1
2023Q4,refit,0.001,uniform_1,1,inner_selection,0.5,diagnostic,False,True,,e8326c4a2f83edb0b8e31e5b316e33830664ce3538c525a92e9c01a4116b1eaa,0,0.0,192,0,522,192,,0.0,714,714,522,0
2023Q4,refit,0.001,weighted_constant,,phase_diagnostic,0.3,diagnostic,False,True,,e8326c4a2f83edb0b8e31e5b316e33830664ce3538c525a92e9c01a4116b1eaa,0,0.0,372,0,963,372,,0.0,1335,1335,963,0
2023Q4,refit,0.001,weighted_constant,,phase_diagnostic,0.4,diagnostic,False,True,,e8326c4a2f83edb0b8e31e5b316e33830664ce3538c525a92e9c01a4116b1eaa,0,0.0,372,0,963,372,,0.0,1335,1335,963,0
2023Q4,refit,0.001,weighted_constant,,phase_diagnostic,0.5,diagnostic,True,True,,e8326c4a2f83edb0b8e31e5b316e33830664ce3538c525a92e9c01a4116b1eaa,0,0.0,372,0,963,372,,0.0,1335,1335,963,0
2023Q4,refit,0.001,weighted_constant,,inner_selection,0.3,diagnostic,False,True,,e8326c4a2f83edb0b8e31e5b316e33830664ce3538c525a92e9c01a4116b1eaa,0,0.0,192,0,522,192,,0.0,714,714,522,0
2023Q4,refit,0.001,weighted_constant,,inner_selection,0.4,diagnostic,False,True,,e8326c4a2f83edb0b8e31e5b316e33830664ce3538c525a92e9c01a4116b1eaa,0,0.0,192,0,522,192,,0.0,714,714,522,0
2023Q4,refit,0.001,weighted_constant,,inner_selection,0.5,diagnostic,True,True,,e8326c4a2f83edb0b8e31e5b316e33830664ce3538c525a92e9c01a4116b1eaa,0,0.0,192,0,522,192,,0.0,714,714,522,0
2023Q4,refit,0.001,weighted_logistic,,phase_diagnostic,0.3,diagnostic,True,True,,e8326c4a2f83edb0b8e31e5b316e33830664ce3538c525a92e9c01a4116b1eaa,87,0.12636165577342048,343,58,963,372,0.3333333333333333,0.07795698924731183,1248,1335,905,29
2023Q4,refit,0.001,weighted_logistic,,phase_diagnostic,0.4,diagnostic,False,True,,e8326c4a2f83edb0b8e31e5b316e33830664ce3538c525a92e9c01a4116b1eaa,0,0.0,372,0,963,372,,0.0,1335,1335,963,0
2023Q4,refit,0.001,weighted_logistic,,phase_diagnostic,0.5,diagnostic,False,True,,e8326c4a2f83edb0b8e31e5b316e33830664ce3538c525a92e9c01a4116b1eaa,0,0.0,372,0,963,372,,0.0,1335,1335,963,0
2023Q4,refit,0.001,weighted_logistic,,inner_selection,0.3,diagnostic,True,True,,e8326c4a2f83edb0b8e31e5b316e33830664ce3538c525a92e9c01a4116b1eaa,52,0.13114754098360656,176,36,522,192,0.3076923076923077,0.08333333333333333,662,714,486,16
2023Q4,refit,0.001,weighted_logistic,,inner_selection,0.4,diagnostic,False,True,,e8326c4a2f83edb0b8e31e5b316e33830664ce3538c525a92e9c01a4116b1eaa,0,0.0,192,0,522,192,,0.0,714,714,522,0
2023Q4,refit,0.001,weighted_logistic,,inner_selection,0.5,diagnostic,False,True,,e8326c4a2f83edb0b8e31e5b316e33830664ce3538c525a92e9c01a4116b1eaa,0,0.0,192,0,522,192,,0.0,714,714,522,0
2023Q4,refit,temporal,full,,phase_diagnostic,0.3,diagnostic,True,True,,b8d1fe2717fb410b1307c8fc553b4aec9af9fd287d5e50f15d4709839774d6e7,1816,0.04504098729844158,19886,1316,55758,20386,0.2753303964757709,0.024526635926616306,74328,76144,54442,500
2023Q4,refit,temporal,full,,phase_diagnostic,0.4,diagnostic,False,True,,b8d1fe2717fb410b1307c8fc553b4aec9af9fd287d5e50f15d4709839774d6e7,0,0.0,20386,0,55758,20386,,0.0,76144,76144,55758,0
2023Q4,refit,temporal,full,,phase_diagnostic,0.5,diagnostic,False,True,,b8d1fe2717fb410b1307c8fc553b4aec9af9fd287d5e50f15d4709839774d6e7,0,0.0,20386,0,55758,20386,,0.0,76144,76144,55758,0
2023Q4,refit,temporal,full,,inner_selection,0.3,diagnostic,True,True,,b8d1fe2717fb410b1307c8fc553b4aec9af9fd287d5e50f15d4709839774d6e7,1641,0.0598884729967153,11058,1249,30751,11450,0.238878732480195,0.03423580786026201,40560,42201,29502,392
2023Q4,refit,temporal,full,,inner_selection,0.4,diagnostic,False,True,,b8d1fe2717fb410b1307c8fc553b4aec9af9fd287d5e50f15d4709839774d6e7,0,0.0,11450,0,30751,11450,,0.0,42201,42201,30751,0
2023Q4,refit,temporal,full,,inner_selection,0.5,diagnostic,False,True,,b8d1fe2717fb410b1307c8fc553b4aec9af9fd287d5e50f15d4709839774d6e7,0,0.0,11450,0,30751,11450,,0.0,42201,42201,30751,0
2023Q4,refit,temporal,sequential_0,0,phase_diagnostic,0.3,diagnostic,True,True,,b8d1fe2717fb410b1307c8fc553b4aec9af9fd287d5e50f15d4709839774d6e7,11765,0.204223818854779,17103,8482,55758,20386,0.279048023799405,0.16104189149416265,64379,76144,47276,3283
2023Q4,refit,temporal,sequential_0,0,phase_diagnostic,0.4,diagnostic,False,True,,b8d1fe2717fb410b1307c8fc553b4aec9af9fd287d5e50f15d4709839774d6e7,435,0.013159790596032851,20249,298,55758,20386,0.31494252873563217,0.006720298243892867,75709,76144,55460,137
2023Q4,refit,temporal,sequential_0,0,phase_diagnostic,0.5,diagnostic,False,True,,b8d1fe2717fb410b1307c8fc553b4aec9af9fd287d5e50f15d4709839774d6e7,44,0.00215369554576603,20364,22,55758,20386,0.5,0.0010791719807711174,76100,76144,55736,22
2023Q4,refit,temporal,sequential_0,0,inner_selection,0.3,diagnostic,True,True,,b8d1fe2717fb410b1307c8fc553b4aec9af9fd287d5e50f15d4709839774d6e7,17384,0.3461191648748006,6460,12394,30751,11450,0.28704555913483665,0.43580786026200874,24817,42201,18357,4990
2023Q4,refit,temporal,sequential_0,0,inner_selection,0.4,diagnostic,False,True,,b8d1fe2717fb410b1307c8fc553b4aec9af9fd287d5e50f15d4709839774d6e7,2685,0.12564556066501592,10562,1797,30751,11450,0.3307262569832402,0.07755458515283843,39516,42201,28954,888
2023Q4,refit,temporal,sequential_0,0,inner_selection,0.5,diagnostic,False,True,,b8d1fe2717fb410b1307c8fc553b4aec9af9fd287d5e50f15d4709839774d6e7,93,0.006930607294464177,11410,53,30751,11450,0.43010752688172044,0.0034934497816593887,42108,42201,30698,40
2023Q4,refit,temporal,sequential_1,1,phase_diagnostic,0.3,diagnostic,True,True,,b8d1fe2717fb410b1307c8fc553b4aec9af9fd287d5e50f15d4709839774d6e7,33720,0.3264332976010054,11555,24889,55758,20386,0.2618920521945433,0.4331894437358972,42424,76144,30869,8831
2023Q4,refit,temporal,sequential_1,1,phase_diagnostic,0.4,diagnostic,False,True,,b8d1fe2717fb410b1307c8fc553b4aec9af9fd287d5e50f15d4709839774d6e7,1838,0.04265658747300216,19912,1364,55758,20386,0.2578890097932535,0.023251250858432257,74306,76144,54394,474
2023Q4,refit,temporal,sequential_1,1,phase_diagnostic,0.5,diagnostic,False,True,,b8d1fe2717fb410b1307c8fc553b4aec9af9fd287d5e50f15d4709839774d6e7,59,0.0017608217168011738,20368,41,55758,20386,0.3050847457627119,0.000882958893358187,76085,76144,55717,18
2023Q4,refit,temporal,sequential_1,1,inner_selection,0.3,diagnostic,True,True,,b8d1fe2717fb410b1307c8fc553b4aec9af9fd287d5e50f15d4709839774d6e7,7894,0.21236559139784947,9396,5840,30751,11450,0.26019761844438816,0.1793886462882096,34307,42201,24911,2054
2023Q4,refit,temporal,sequential_1,1,inner_selection,0.4,diagnostic,False,True,,b8d1fe2717fb410b1307c8fc553b4aec9af9fd287d5e50f15d4709839774d6e7,232,0.0063345317582605715,11413,195,30751,11450,0.15948275862068967,0.0032314410480349344,41969,42201,30556,37
2023Q4,refit,temporal,sequential_1,1,inner_selection,0.5,diagnostic,False,True,,b8d1fe2717fb410b1307c8fc553b4aec9af9fd287d5e50f15d4709839774d6e7,13,0.0,11450,13,30751,11450,0.0,0.0,42188,42201,30738,0
2023Q4,refit,temporal,uniform_0,0,phase_diagnostic,0.3,diagnostic,True,True,,b8d1fe2717fb410b1307c8fc553b4aec9af9fd287d5e50f15d4709839774d6e7,20634,0.2599707459775719,15054,15302,55758,20386,0.2584084520694,0.2615520455214363,55510,76144,40456,5332
2023Q4,refit,temporal,uniform_0,0,phase_diagnostic,0.4,diagnostic,False,True,,b8d1fe2717fb410b1307c8fc553b4aec9af9fd287d5e50f15d4709839774d6e7,1893,0.043718299744153685,19899,1406,55758,20386,0.25726360274696247,0.02388894339252428,74251,76144,54352,487
2023Q4,refit,temporal,uniform_0,0,phase_diagnostic,0.5,diagnostic,False,True,,b8d1fe2717fb410b1307c8fc553b4aec9af9fd287d5e50f15d4709839774d6e7,145,0.003993960352637475,20345,104,55758,20386,0.2827586206896552,0.002011184145982537,75999,76144,55654,41
2023Q4,refit,temporal,uniform_0,0,inner_selection,0.3,diagnostic,True,True,,b8d1fe2717fb410b1307c8fc553b4aec9af9fd287d5e50f15d4709839774d6e7,9126,0.2615668740279938,8759,6435,30751,11450,0.2948717948717949,0.23502183406113536,33075,42201,24316,2691
2023Q4,refit,temporal,uniform_0,0,inner_selection,0.4,diagnostic,False,True,,b8d1fe2717fb410b1307c8fc553b4aec9af9fd287d5e50f15d4709839774d6e7,350,0.015593220338983051,11358,258,30751,11450,0.26285714285714284,0.008034934497816594,41851,42201,30493,92
2023Q4,refit,temporal,uniform_0,0,inner_selection,0.5,diagnostic,False,True,,b8d1fe2717fb410b1307c8fc553b4aec9af9fd287d5e50f15d4709839774d6e7,34,0.0013932427725531174,11442,26,30751,11450,0.23529411764705882,0.0006986899563318777,42167,42201,30725,8
2023Q4,refit,temporal,uniform_1,1,phase_diagnostic,0.3,diagnostic,True,True,,b8d1fe2717fb410b1307c8fc553b4aec9af9fd287d5e50f15d4709839774d6e7,12357,0.18562746235836666,17347,9318,55758,20386,0.24593347899975723,0.1490728931619739,63787,76144,46440,3039
2023Q4,refit,temporal,uniform_1,1,phase_diagnostic,0.4,diagnostic,False,True,,b8d1fe2717fb410b1307c8fc553b4aec9af9fd287d5e50f15d4709839774d6e7,682,0.01357509018416556,20243,539,55758,20386,0.20967741935483872,0.007014617875012263,75462,76144,55219,143
2023Q4,refit,temporal,uniform_1,1,phase_diagnostic,0.5,diagnostic,False,True,,b8d1fe2717fb410b1307c8fc553b4aec9af9fd287d5e50f15d4709839774d6e7,53,0.0011742257448994569,20374,41,55758,20386,0.22641509433962265,0.0005886392622387913,76091,76144,55717,12
2023Q4,refit,temporal,uniform_1,1,inner_selection,0.3,diagnostic,True,True,,b8d1fe2717fb410b1307c8fc553b4aec9af9fd287d5e50f15d4709839774d6e7,9832,0.26463678225730664,8634,7016,30751,11450,0.28641171684296174,0.24593886462882097,32369,42201,23735,2816
2023Q4,refit,temporal,uniform_1,1,inner_selection,0.4,diagnostic,False,True,,b8d1fe2717fb410b1307c8fc553b4aec9af9fd287d5e50f15d4709839774d6e7,212,0.017149717029669012,11350,112,30751,11450,0.4716981132075472,0.008733624454148471,41989,42201,30639,100
2023Q4,refit,temporal,uniform_1,1,inner_selection,0.5,diagnostic,False,True,,b8d1fe2717fb410b1307c8fc553b4aec9af9fd287d5e50f15d4709839774d6e7,4,0.00017461148943600488,11449,3,30751,11450,0.25,8.733624454148471e-05,42197,42201,30748,1
2023Q4,refit,temporal,weighted_constant,,phase_diagnostic,0.3,diagnostic,False,True,,b8d1fe2717fb410b1307c8fc553b4aec9af9fd287d5e50f15d4709839774d6e7,0,0.0,20386,0,55758,20386,,0.0,76144,76144,55758,0
2023Q4,refit,temporal,weighted_constant,,phase_diagnostic,0.4,diagnostic,False,True,,b8d1fe2717fb410b1307c8fc553b4aec9af9fd287d5e50f15d4709839774d6e7,0,0.0,20386,0,55758,20386,,0.0,76144,76144,55758,0
2023Q4,refit,temporal,weighted_constant,,phase_diagnostic,0.5,diagnostic,True,True,,b8d1fe2717fb410b1307c8fc553b4aec9af9fd287d5e50f15d4709839774d6e7,0,0.0,20386,0,55758,20386,,0.0,76144,76144,55758,0
2023Q4,refit,temporal,weighted_constant,,inner_selection,0.3,diagnostic,False,True,,b8d1fe2717fb410b1307c8fc553b4aec9af9fd287d5e50f15d4709839774d6e7,0,0.0,11450,0,30751,11450,,0.0,42201,42201,30751,0
2023Q4,refit,temporal,weighted_constant,,inner_selection,0.4,diagnostic,False,True,,b8d1fe2717fb410b1307c8fc553b4aec9af9fd287d5e50f15d4709839774d6e7,0,0.0,11450,0,30751,11450,,0.0,42201,42201,30751,0
2023Q4,refit,temporal,weighted_constant,,inner_selection,0.5,diagnostic,True,True,,b8d1fe2717fb410b1307c8fc553b4aec9af9fd287d5e50f15d4709839774d6e7,0,0.0,11450,0,30751,11450,,0.0,42201,42201,30751,0
2023Q4,refit,temporal,weighted_logistic,,phase_diagnostic,0.3,diagnostic,True,True,,b8d1fe2717fb410b1307c8fc553b4aec9af9fd287d5e50f15d4709839774d6e7,11487,0.2053148432842845,17114,8215,55758,20386,0.2848437363976669,0.16050230550377712,64657,76144,47543,3272
2023Q4,refit,temporal,weighted_logistic,,phase_diagnostic,0.4,diagnostic,False,True,,b8d1fe2717fb410b1307c8fc553b4aec9af9fd287d5e50f15d4709839774d6e7,3,0.0,20386,3,55758,20386,0.0,0.0,76141,76144,55755,0
2023Q4,refit,temporal,weighted_logistic,,phase_diagnostic,0.5,diagnostic,False,True,,b8d1fe2717fb410b1307c8fc553b4aec9af9fd287d5e50f15d4709839774d6e7,0,0.0,20386,0,55758,20386,,0.0,76144,76144,55758,0
2023Q4,refit,temporal,weighted_logistic,,inner_selection,0.3,diagnostic,True,True,,b8d1fe2717fb410b1307c8fc553b4aec9af9fd287d5e50f15d4709839774d6e7,8571,0.28560011987413214,8591,5712,30751,11450,0.3335666783339167,0.2496943231441048,33630,42201,25039,2859
2023Q4,refit,temporal,weighted_logistic,,inner_selection,0.4,diagnostic,False,True,,b8d1fe2717fb410b1307c8fc553b4aec9af9fd287d5e50f15d4709839774d6e7,0,0.0,11450,0,30751,11450,,0.0,42201,42201,30751,0
2023Q4,refit,temporal,weighted_logistic,,inner_selection,0.5,diagnostic,False,True,,b8d1fe2717fb410b1307c8fc553b4aec9af9fd287d5e50f15d4709839774d6e7,0,0.0,11450,0,30751,11450,,0.0,42201,42201,30751,0
